region,nucleus,group,recovered,iter,amp,scale,disp,nn_dist,model_val,residual,step_pos,step_amp,step_scl
z0y528x144,0,A,True,0,1.0090582370758057,2.010024309158325,0.0027711919974535704,6.928767204284668,1.0119084119796753,-0.011908411979675293,0.0027711919974535704,0.03147733211517334,0.017362887039780617
z0y528x144,0,A,True,50,2.0026426315307617,2.486783742904663,0.02886200323700905,6.9020771980285645,2.0315306186676025,-1.0315306186676025,0.030310211703181267,0.993584394454956,0.8263819217681885
z0y528x144,0,A,True,100,2.352625846862793,3.105731725692749,0.07832808047533035,6.925383567810059,2.390414237976074,-1.3904142379760742,0.049505565315485,0.34998321533203125,1.0789926052093506
z0y528x144,0,A,True,150,1.6224077939987183,3.7255561351776123,0.15047842264175415,7.0018134117126465,1.6585252285003662,-0.6585252285003662,0.07340870797634125,0.7302180528640747,1.0763664245605469
z0y528x144,0,A,True,200,1.2658531665802002,4.334015369415283,0.20591114461421967,7.036317825317383,1.3450710773468018,-0.34507107734680176,0.059215642511844635,0.35655462741851807,1.0658438205718994
z0y528x144,0,A,True,250,1.163519024848938,4.678526878356934,0.24324224889278412,7.055721282958984,1.2724394798278809,-0.27243947982788086,0.0451553538441658,0.10233414173126221,0.6501798033714294
z0y528x144,0,A,True,300,1.0435600280761719,4.869302272796631,0.27937084436416626,7.076175689697266,1.2154388427734375,-0.2154388427734375,0.04028013348579407,0.11995899677276611,0.41544365882873535
z0y528x144,0,A,True,350,0.9295573830604553,4.981105327606201,0.30984583497047424,7.104823589324951,1.165166974067688,-0.165166974067688,0.03777916356921196,0.11400264501571655,0.3934408128261566
z0y528x144,0,A,True,400,0.9088895320892334,5.0747456550598145,0.3348184823989868,7.128425598144531,1.172301173210144,-0.17230117321014404,0.03524044528603554,0.020667850971221924,0.22177504003047943
z0y528x144,0,A,True,450,0.879750669002533,5.136295318603516,0.3576980233192444,7.151813507080078,1.1835256814956665,-0.1835256814956665,0.03087245486676693,0.02913886308670044,0.26287874579429626
z0y528x144,0,A,True,500,0.7641571760177612,5.185343265533447,0.3788245916366577,7.170768737792969,1.0981125831604004,-0.09811258316040039,0.024193136021494865,0.11559349298477173,0.2381354421377182
z0y528x144,0,A,True,550,0.7721279859542847,5.263220310211182,0.3984593451023102,7.189402103424072,1.138526439666748,-0.13852643966674805,0.02358430065214634,0.007970809936523438,0.24183987081050873
z0y528x144,0,A,True,600,0.713874340057373,5.268928527832031,0.41434380412101746,7.206902980804443,1.090299367904663,-0.09029936790466309,0.02016083151102066,0.05825364589691162,0.157733753323555
z0y528x144,0,A,True,650,0.67560213804245,5.294366359710693,0.42942968010902405,7.217870712280273,1.0787910223007202,-0.07879102230072021,0.019499242305755615,0.038272202014923096,0.13884811103343964
z0y528x144,0,A,True,700,0.6755454540252686,5.276144504547119,0.4387372136116028,7.227470397949219,1.0806996822357178,-0.08069968223571777,0.009858046658337116,5.6684017181396484e-05,0.152141273021698
z0y528x144,0,A,True,750,0.6455589532852173,5.2954230308532715,0.45121824741363525,7.23773193359375,1.076841950416565,-0.07684195041656494,0.01555432565510273,0.02998650074005127,0.1547504961490631
z0y528x144,0,A,True,800,0.650744616985321,5.297824859619141,0.4635261297225952,7.245823383331299,1.0793484449386597,-0.07934844493865967,0.013881037011742592,0.00518566370010376,0.1399305909872055
z0y528x144,0,A,True,850,0.6490392684936523,5.309406280517578,0.47186750173568726,7.255251407623291,1.0970005989074707,-0.0970005989074707,0.008906116709113121,0.0017053484916687012,0.12747150659561157
z0y528x144,0,A,True,900,0.5844311118125916,5.284731388092041,0.48236891627311707,7.27098274230957,1.0416454076766968,-0.04164540767669678,0.01133667677640915,0.06460815668106079,0.1029539629817009
z0y528x144,0,A,True,950,0.6427304744720459,5.295040607452393,0.4887901842594147,7.276889801025391,1.1150827407836914,-0.1150827407836914,0.0066276839934289455,0.058299362659454346,0.11508198827505112
z0y528x144,0,A,True,1000,0.5813227891921997,5.291121006011963,0.496927946805954,7.281048774719238,1.0668919086456299,-0.06689190864562988,0.009163045324385166,0.06140768527984619,0.10843172669410706
z0y528x144,0,A,True,1050,0.5879232883453369,5.315226078033447,0.5010080337524414,7.284132957458496,1.0939081907272339,-0.09390819072723389,0.006355477496981621,0.006600499153137207,0.1005052849650383
z0y528x144,0,A,True,1100,0.5805705785751343,5.323734760284424,0.5074372291564941,7.287752151489258,1.0796008110046387,-0.07960081100463867,0.006991625297814608,0.007352709770202637,0.12600445747375488
z0y528x144,0,A,True,1150,0.5621897578239441,5.320739269256592,0.5118359923362732,7.296322822570801,1.0757246017456055,-0.07572460174560547,0.007920732721686363,0.018380820751190186,0.08963323384523392
z0y528x144,0,A,True,1200,0.543684720993042,5.335563659667969,0.5134509801864624,7.302878379821777,1.0554659366607666,-0.0554659366607666,0.01042126677930355,0.0185050368309021,0.11532632261514664
z0y528x144,0,A,True,1250,0.5356721878051758,5.344797134399414,0.5163334608078003,7.307156085968018,1.0739634037017822,-0.07396340370178223,0.00361712952144444,0.008012533187866211,0.05246278643608093
z0y528x144,0,A,True,1300,0.5544267296791077,5.350627422332764,0.5200383067131042,7.317306041717529,1.0938342809677124,-0.0938342809677124,0.004950786475092173,0.018754541873931885,0.043010298162698746
z0y528x144,0,A,True,1350,0.5277194976806641,5.366008281707764,0.521758496761322,7.323442459106445,1.0931665897369385,-0.09316658973693848,0.009705220349133015,0.026707231998443604,0.08598581701517105
z0y528x144,0,A,True,1400,0.5417306423187256,5.373190402984619,0.5221729278564453,7.3247761726379395,1.1012483835220337,-0.10124838352203369,0.013821772299706936,0.014011144638061523,0.07098166644573212
z0y528x144,0,A,True,1450,0.4854072332382202,5.385293960571289,0.5216509699821472,7.3253092765808105,1.055787205696106,-0.05578720569610596,0.011149318888783455,0.05632340908050537,0.06995528936386108
z0y528x144,0,A,True,1500,0.5011623501777649,5.413339614868164,0.5236899852752686,7.331305980682373,1.0782580375671387,-0.07825803756713867,0.012761587277054787,0.015755116939544678,0.07835786789655685
z0y528x144,0,A,True,1550,0.49651846289634705,5.4587836265563965,0.524609386920929,7.335700511932373,1.083454966545105,-0.08345496654510498,0.010473332367837429,0.004643887281417847,0.1549168825149536
z0y528x144,0,A,True,1600,0.47056347131729126,5.494883060455322,0.5277320742607117,7.345146179199219,1.0685131549835205,-0.06851315498352051,0.009794455021619797,0.025954991579055786,0.10763835161924362
z0y528x144,0,A,True,1650,0.4865815043449402,5.546257019042969,0.5284459590911865,7.346209526062012,1.0730910301208496,-0.07309103012084961,0.008806119672954082,0.016018033027648926,0.10578272491693497
z0y528x144,0,A,True,1700,0.4845035672187805,5.566518306732178,0.5314513444900513,7.351657867431641,1.0646147727966309,-0.06461477279663086,0.008334373123943806,0.002077937126159668,0.060365043580532074
z0y528x144,0,A,True,1750,0.480703204870224,5.61499547958374,0.5337370038032532,7.359358310699463,1.0735540390014648,-0.07355403900146484,0.007824822328984737,0.0038003623485565186,0.10252750664949417
z0y528x144,0,A,True,1800,0.4734751582145691,5.640526294708252,0.5351102948188782,7.364664554595947,1.059849739074707,-0.05984973907470703,0.008169520646333694,0.007228046655654907,0.11128243803977966
z0y528x144,0,A,True,1850,0.4746244549751282,5.673141956329346,0.5353642702102661,7.370761394500732,1.050025224685669,-0.050025224685668945,0.012492096051573753,0.001149296760559082,0.13298892974853516
z0y528x144,0,A,True,1900,0.4674920439720154,5.714480876922607,0.5359508395195007,7.372351169586182,1.0518754720687866,-0.05187547206878662,0.011650736443698406,0.007132411003112793,0.1557430922985077
z0y528x144,0,A,True,1950,0.4735495150089264,5.7660064697265625,0.5397201776504517,7.378045082092285,1.0729070901870728,-0.07290709018707275,0.007577548734843731,0.006057471036911011,0.12576080858707428
z0y528x144,0,A,True,2000,0.4877083897590637,5.830005168914795,0.541331946849823,7.382544040679932,1.0813360214233398,-0.08133602142333984,0.01709212176501751,0.014158874750137329,0.14413417875766754
z0y528x144,0,A,True,2050,0.47231948375701904,5.854140758514404,0.5438699126243591,7.386907577514648,1.0675519704818726,-0.06755197048187256,0.003590367967262864,0.015388906002044678,0.09242848306894302
z0y528x144,0,A,True,2100,0.5022337436676025,5.9046311378479,0.5488136410713196,7.3928542137146,1.0929807424545288,-0.09298074245452881,0.012024138122797012,0.029914259910583496,0.14142805337905884
z0y528x144,0,A,True,2150,0.4995402991771698,5.967851638793945,0.5500685572624207,7.396552085876465,1.09475839138031,-0.09475839138031006,0.0027915642131119967,0.0026934444904327393,0.12770777940750122
z0y528x144,0,A,True,2200,0.48857203125953674,5.989723205566406,0.5520870089530945,7.402623176574707,1.077542781829834,-0.07754278182983398,0.006291964091360569,0.010968267917633057,0.07827016711235046
z0y528x144,0,A,True,2250,0.47192564606666565,6.014015197753906,0.5562974214553833,7.408820629119873,1.055655837059021,-0.055655837059020996,0.00966659840196371,0.016646385192871094,0.11448028683662415
z0y528x144,0,A,True,2300,0.48778659105300903,6.041891574859619,0.560933530330658,7.419095039367676,1.0672649145126343,-0.06726491451263428,0.01075809821486473,0.015860944986343384,0.05425870418548584
z0y528x144,0,A,True,2350,0.4868570864200592,6.089790344238281,0.5634410381317139,7.422384738922119,1.0575776100158691,-0.05757761001586914,0.009837687015533447,0.0009295046329498291,0.12738749384880066
z0y528x144,0,A,True,2400,0.49536874890327454,6.104400634765625,0.5667529106140137,7.429880619049072,1.065673589706421,-0.0656735897064209,0.008683273568749428,0.008511662483215332,0.11579031497240067
z0y528x144,0,A,True,2450,0.4989204406738281,6.1478424072265625,0.5720784068107605,7.441044330596924,1.0668261051177979,-0.06682610511779785,0.016780659556388855,0.003551691770553589,0.11972193419933319
z0y528x144,0,A,True,2500,0.5038140416145325,6.244518280029297,0.5746934413909912,7.441831588745117,1.0892060995101929,-0.08920609951019287,0.00880851224064827,0.004893600940704346,0.184441477060318
z0y528x144,0,A,True,2550,0.5153673887252808,6.277679443359375,0.5788257718086243,7.4512739181518555,1.0848169326782227,-0.08481693267822266,0.005762774031609297,0.011553347110748291,0.05831882357597351
z0y528x144,0,A,True,2600,0.4796399772167206,6.323640823364258,0.5839795470237732,7.458086013793945,1.0481061935424805,-0.04810619354248047,0.012329824268817902,0.03572741150856018,0.1724420040845871
z0y528x144,0,A,True,2650,0.4649256467819214,6.366297245025635,0.590054988861084,7.459133625030518,1.037186861038208,-0.03718686103820801,0.016024015843868256,0.014714330434799194,0.08819595724344254
z0y528x144,0,A,True,2700,0.48056262731552124,6.404015064239502,0.5946071743965149,7.460704326629639,1.042384147644043,-0.04238414764404297,0.006347199901938438,0.015636980533599854,0.10410109162330627
z0y528x144,0,A,True,2750,0.4945850074291229,6.381814479827881,0.5987435579299927,7.464760780334473,1.0578676462173462,-0.05786764621734619,0.007077372632920742,0.014022380113601685,0.06733831018209457
z0y528x144,0,A,True,2800,0.4759959578514099,6.405320644378662,0.6039170026779175,7.467507839202881,1.0356322526931763,-0.03563225269317627,0.011564325541257858,0.018589049577713013,0.116752490401268
z0y528x144,0,A,True,2850,0.4809888005256653,6.4602274894714355,0.6074631810188293,7.471691131591797,1.0493886470794678,-0.04938864707946777,0.010439557954668999,0.004992842674255371,0.11510967463254929
z0y528x144,0,A,True,2900,0.48972925543785095,6.433404445648193,0.6146750450134277,7.473520755767822,1.0537301301956177,-0.053730130195617676,0.015757868066430092,0.008740454912185669,0.08248431980609894
z0y528x144,0,A,True,2950,0.493091881275177,6.507173538208008,0.6235374212265015,7.48148775100708,1.049780011177063,-0.04978001117706299,0.013679797761142254,0.00336262583732605,0.14241406321525574
z0y528x144,0,A,True,2999,0.4908992350101471,6.588453769683838,0.6297830939292908,7.483836650848389,1.0651485919952393,-0.06514859199523926,0.014544924721121788,0.0021926462650299072,0.18550537526607513
z0y528x144,1,A,True,0,1.0042672157287598,2.0100224018096924,0.0027699542697519064,6.142672061920166,1.0167311429977417,-0.0167311429977417,0.0027699542697519064,0.031389713287353516,0.01735958456993103
z0y528x144,1,A,True,50,2.1193737983703613,2.4746930599212646,0.03123856894671917,6.175256252288818,2.223407030105591,-1.2234070301055908,0.028903024271130562,1.1151065826416016,0.8058470487594604
z0y528x144,1,A,True,100,1.6606725454330444,2.8914663791656494,0.09964269399642944,6.2901835441589355,1.7763886451721191,-0.7763886451721191,0.07023973762989044,0.4587012529373169,0.7291971445083618
z0y528x144,1,A,True,150,1.6163578033447266,3.5251224040985107,0.1725931614637375,6.394272327423096,1.7669525146484375,-0.7669525146484375,0.07424081116914749,0.04431474208831787,1.104538917541504
z0y528x144,1,A,True,200,1.315466046333313,4.246032238006592,0.24886327981948853,6.506457328796387,1.5180087089538574,-0.5180087089538574,0.07762686163187027,0.3008917570114136,1.2501380443572998
z0y528x144,1,A,True,250,0.9969986081123352,4.746438503265381,0.2960687279701233,6.570456504821777,1.3172142505645752,-0.3172142505645752,0.04930815473198891,0.3184674382209778,0.9262475371360779
z0y528x144,1,A,True,300,0.7196520566940308,4.855953693389893,0.3109995722770691,6.603665351867676,1.129863977432251,-0.12986397743225098,0.019564993679523468,0.27734655141830444,0.2306808978319168
z0y528x144,1,A,True,350,0.6055476069450378,4.921749114990234,0.317123144865036,6.6247053146362305,1.07981276512146,-0.07981276512145996,0.012774830684065819,0.11410444974899292,0.2045542448759079
z0y528x144,1,A,True,400,0.5456050634384155,4.967043399810791,0.32405227422714233,6.641268253326416,1.0550594329833984,-0.05505943298339844,0.013093192130327225,0.059942543506622314,0.22634342312812805
z0y528x144,1,A,True,450,0.5853564739227295,4.999289035797119,0.3285871744155884,6.651627063751221,1.1242825984954834,-0.1242825984954834,0.013562023639678955,0.039751410484313965,0.19168604910373688
z0y528x144,1,A,True,500,0.5418983101844788,5.0219197273254395,0.3345498740673065,6.6637282371521,1.0833992958068848,-0.08339929580688477,0.017826903611421585,0.04345816373825073,0.19259412586688995
z0y528x144,1,A,True,550,0.5856173634529114,5.063761234283447,0.3393857479095459,6.67310094833374,1.1603572368621826,-0.16035723686218262,0.016282493248581886,0.04371905326843262,0.17934581637382507
z0y528x144,1,A,True,600,0.5055612325668335,5.104310512542725,0.3451407551765442,6.684067249298096,1.0823031663894653,-0.08230316638946533,0.011745002120733261,0.08005613088607788,0.22836372256278992
z0y528x144,1,A,True,650,0.5302222371101379,5.154435157775879,0.3526841700077057,6.692900657653809,1.1327910423278809,-0.13279104232788086,0.01266725454479456,0.024661004543304443,0.20437052845954895
z0y528x144,1,A,True,700,0.5193703174591064,5.187530040740967,0.35888466238975525,6.702524185180664,1.13160240650177,-0.13160240650177002,0.0121857775375247,0.010851919651031494,0.1995839774608612
z0y528x144,1,A,True,750,0.5186436176300049,5.234708786010742,0.36610665917396545,6.714169979095459,1.1295942068099976,-0.12959420680999756,0.01341379527002573,0.0007266998291015625,0.18770180642604828
z0y528x144,1,A,True,800,0.46594634652137756,5.2882866859436035,0.36985763907432556,6.725505352020264,1.1037559509277344,-0.10375595092773438,0.01004752330482006,0.05269727110862732,0.18159161508083344
z0y528x144,1,A,True,850,0.4868762493133545,5.326008319854736,0.3766757547855377,6.734066963195801,1.1298234462738037,-0.1298234462738037,0.013099178671836853,0.02092990279197693,0.16486607491970062
z0y528x144,1,A,True,900,0.4479111433029175,5.341475963592529,0.3844260275363922,6.744934558868408,1.0998417139053345,-0.09984171390533447,0.01359870471060276,0.03896510601043701,0.12757661938667297
z0y528x144,1,A,True,950,0.459463506937027,5.381398677825928,0.39175236225128174,6.755495548248291,1.1206209659576416,-0.1206209659576416,0.011034774594008923,0.011552363634109497,0.13084378838539124
z0y528x144,1,A,True,1000,0.46287503838539124,5.422413349151611,0.400196373462677,6.767338752746582,1.1541293859481812,-0.15412938594818115,0.01111576333642006,0.003411531448364258,0.12749265134334564
z0y528x144,1,A,True,1050,0.4484095275402069,5.437528133392334,0.4126894176006317,6.785353183746338,1.16037917137146,-0.16037917137145996,0.015111957676708698,0.014465510845184326,0.06403197348117828
z0y528x144,1,A,True,1100,0.3905763626098633,5.49008321762085,0.42206883430480957,6.798006534576416,1.0799719095230103,-0.07997190952301025,0.010578962042927742,0.05783316493034363,0.2167527973651886
z0y528x144,1,A,True,1150,0.4115906059741974,5.520841121673584,0.43024471402168274,6.808126449584961,1.1342076063156128,-0.1342076063156128,0.009269895032048225,0.021014243364334106,0.11738122254610062
z0y528x144,1,A,True,1200,0.4056570827960968,5.582822322845459,0.4393691122531891,6.822383880615234,1.126943826675415,-0.12694382667541504,0.010430782102048397,0.005933523178100586,0.24417845904827118
z0y528x144,1,A,True,1250,0.39616936445236206,5.5998454093933105,0.44888824224472046,6.838611125946045,1.1069365739822388,-0.10693657398223877,0.010612794198095798,0.009487718343734741,0.11478522419929504
z0y528x144,1,A,True,1300,0.41202089190483093,5.640129089355469,0.4593794345855713,6.853945255279541,1.1252530813217163,-0.1252530813217163,0.012451963499188423,0.015851527452468872,0.0999409481883049
z0y528x144,1,A,True,1350,0.3861454725265503,5.675055027008057,0.4714016318321228,6.872726917266846,1.1121952533721924,-0.11219525337219238,0.014165839180350304,0.02587541937828064,0.1344783902168274
z0y528x144,1,A,True,1400,0.40038764476776123,5.697070598602295,0.48047834634780884,6.886141777038574,1.0892069339752197,-0.08920693397521973,0.012470491230487823,0.014242172241210938,0.11602113395929337
z0y528x144,1,A,True,1450,0.421379953622818,5.751845836639404,0.48679107427597046,6.893653869628906,1.11111319065094,-0.11111319065093994,0.009185988456010818,0.020992308855056763,0.16781844198703766
z0y528x144,1,A,True,1500,0.3924531638622284,5.794490814208984,0.49589717388153076,6.905684471130371,1.0783970355987549,-0.07839703559875488,0.011167659424245358,0.0289267897605896,0.12468484789133072
z0y528x144,1,A,True,1550,0.39598408341407776,5.8432936668396,0.5015648603439331,6.90992546081543,1.0938024520874023,-0.09380245208740234,0.009374057874083519,0.0035309195518493652,0.16476690769195557
z0y528x144,1,A,True,1600,0.37600621581077576,5.86880350112915,0.5119809508323669,6.922633171081543,1.040570855140686,-0.040570855140686035,0.01479827519506216,0.019977867603302002,0.1623033881187439
z0y528x144,1,A,True,1650,0.39240387082099915,5.910848140716553,0.5183272361755371,6.93130350112915,1.0848586559295654,-0.08485865592956543,0.009086268953979015,0.01639765501022339,0.10066428780555725
z0y528x144,1,A,True,1700,0.393159419298172,5.970625400543213,0.5258863568305969,6.9417219161987305,1.0558803081512451,-0.05588030815124512,0.01080015767365694,0.0007555484771728516,0.15580028295516968
z0y528x144,1,A,True,1750,0.4271172285079956,5.9814324378967285,0.529672384262085,6.943620681762695,1.0802470445632935,-0.08024704456329346,0.009386271238327026,0.03395780920982361,0.15860331058502197
z0y528x144,1,A,True,1800,0.4026612639427185,6.061443328857422,0.5341931581497192,6.95198392868042,1.0511091947555542,-0.0511091947555542,0.008676744997501373,0.0244559645652771,0.21167603135108948
z0y528x144,1,A,True,1850,0.4178520739078522,6.1254801750183105,0.5397563576698303,6.952264785766602,1.0836995840072632,-0.08369958400726318,0.007604869082570076,0.015190809965133667,0.21913453936576843
z0y528x144,1,A,True,1900,0.41098034381866455,6.179479598999023,0.5413742065429688,6.947627544403076,1.0532459020614624,-0.0532459020614624,0.007199064828455448,0.006871730089187622,0.1482677310705185
z0y528x144,1,A,True,1950,0.4032096862792969,6.248240947723389,0.543219268321991,6.946784496307373,1.0569738149642944,-0.056973814964294434,0.0062442347407341,0.007770657539367676,0.15922534465789795
z0y528x144,1,A,True,2000,0.40775221586227417,6.322154521942139,0.5474542379379272,6.948541164398193,1.0748839378356934,-0.07488393783569336,0.00737761240452528,0.004542529582977295,0.17045418918132782
z0y528x144,1,A,True,2050,0.4376007616519928,6.358088970184326,0.5516380667686462,6.951632499694824,1.0832383632659912,-0.08323836326599121,0.007902158424258232,0.029848545789718628,0.17986255884170532
z0y528x144,1,A,True,2100,0.37684759497642517,6.375948429107666,0.5589076280593872,6.950578689575195,1.026776909828186,-0.026776909828186035,0.009736541658639908,0.06075316667556763,0.11295952647924423
z0y528x144,1,A,True,2150,0.4490599036216736,6.4515862464904785,0.5596181750297546,6.947978973388672,1.096163034439087,-0.09616303443908691,0.0068945931270718575,0.07221230864524841,0.18701805174350739
z0y528x144,1,A,True,2200,0.4228794276714325,6.494251251220703,0.5610027313232422,6.949314117431641,1.0773695707321167,-0.0773695707321167,0.005635835230350494,0.02618047595024109,0.09626872092485428
z0y528x144,1,A,True,2250,0.4208901822566986,6.5860443115234375,0.5619252920150757,6.949524879455566,1.0708143711090088,-0.07081437110900879,0.007748715113848448,0.0019892454147338867,0.22128820419311523
z0y528x144,1,A,True,2300,0.4081062376499176,6.636438846588135,0.564426839351654,6.956407070159912,1.0642130374908447,-0.06421303749084473,0.004933158401399851,0.012783944606781006,0.10505841672420502
z0y528x144,1,A,True,2350,0.39941897988319397,6.631846904754639,0.5732948184013367,6.958021640777588,1.0158268213272095,-0.015826821327209473,0.012046749703586102,0.008687257766723633,0.027935821563005447
z0y528x144,1,A,True,2400,0.3936114013195038,6.650177001953125,0.5780413150787354,6.9568986892700195,1.0379775762557983,-0.03797757625579834,0.006622038781642914,0.0058075785636901855,0.1644880324602127
z0y528x144,1,A,True,2450,0.424374520778656,6.7090840339660645,0.5824751853942871,6.953528881072998,1.0450382232666016,-0.04503822326660156,0.01034937147051096,0.03076311945915222,0.12532691657543182
z0y528x144,1,A,True,2500,0.40742966532707214,6.776802062988281,0.5850799679756165,6.953177452087402,1.0399731397628784,-0.03997313976287842,0.006532398052513599,0.016944855451583862,0.17233644425868988
z0y528x144,1,A,True,2550,0.4131855070590973,6.794590473175049,0.5889770984649658,6.951281547546387,1.0307996273040771,-0.03079962730407715,0.007315483875572681,0.0057558417320251465,0.0841204822063446
z0y528x144,1,A,True,2600,0.39075207710266113,6.818446636199951,0.5902959108352661,6.950157165527344,1.018717885017395,-0.01871788501739502,0.005460298154503107,0.022433429956436157,0.07369890064001083
z0y528x144,1,A,True,2650,0.42791852355003357,6.798147201538086,0.5943499803543091,6.949735641479492,1.0548135042190552,-0.054813504219055176,0.006738086696714163,0.037166446447372437,0.16976232826709747
z0y528x144,1,A,True,2700,0.42819368839263916,6.852653503417969,0.601129949092865,6.946573257446289,1.04910147190094,-0.04910147190093994,0.010892310179769993,0.0002751648426055908,0.12471159547567368
z0y528x144,1,A,True,2750,0.38378196954727173,6.881097316741943,0.6026242971420288,6.944675445556641,1.020700454711914,-0.020700454711914062,0.005545588675886393,0.04441171884536743,0.11574611067771912
z0y528x144,1,A,True,2800,0.41996464133262634,6.915252685546875,0.603314220905304,6.944042682647705,1.0600621700286865,-0.06006217002868652,0.006597883999347687,0.036182671785354614,0.12664002180099487
z0y528x144,1,A,True,2850,0.3990347385406494,6.913064479827881,0.6095284223556519,6.944253444671631,1.0267341136932373,-0.026734113693237305,0.0102008655667305,0.02092990279197693,0.2105283886194229
z0y528x144,1,A,True,2900,0.4039418697357178,6.937864780426025,0.6114723682403564,6.936866760253906,1.0422717332839966,-0.04227173328399658,0.00757274916395545,0.004907131195068359,0.11552315950393677
z0y528x144,1,A,True,2950,0.3943334221839905,6.900763034820557,0.6210163235664368,6.938555717468262,1.0247746706008911,-0.024774670600891113,0.013071607798337936,0.009608447551727295,0.1535692662000656
z0y528x144,1,A,True,2999,0.43372297286987305,6.872256755828857,0.6210306882858276,6.934543132781982,1.0602437257766724,-0.06024372577667236,0.004764493089169264,0.03938955068588257,0.06790316104888916
z0y528x144,2,A,True,0,0.9831328988075256,2.0100250244140625,0.0027706415858119726,10.316381454467773,0.9831336140632629,0.01686638593673706,0.0027706415858119726,0.03099721670150757,0.017363576218485832
z0y528x144,2,A,True,50,2.399585008621216,2.5244832038879395,0.04130539670586586,10.316571235656738,2.3996241092681885,-1.3996241092681885,0.03899485245347023,1.416452169418335,0.8910788893699646
z0y528x144,2,A,True,100,2.506080150604248,3.243035316467285,0.07072988152503967,10.31098461151123,2.5107014179229736,-1.5107014179229736,0.03080662339925766,0.10649514198303223,1.2453298568725586
z0y528x144,2,A,True,150,1.9532169103622437,4.191636562347412,0.11016843467950821,10.339548110961914,1.9572334289550781,-0.9572334289550781,0.058111924678087234,0.5528632402420044,1.6440796852111816
z0y528x144,2,A,True,200,1.6103111505508423,5.349643707275391,0.15113995969295502,10.366336822509766,1.625111699104309,-0.6251116991043091,0.060798514634370804,0.34290575981140137,2.0406057834625244
z0y528x144,2,A,True,250,1.2351343631744385,6.253782272338867,0.17387542128562927,10.36237907409668,1.3311229944229126,-0.3311229944229126,0.031238265335559845,0.3751767873764038,1.6468912363052368
z0y528x144,2,A,True,300,0.9493708610534668,6.535401821136475,0.1760055124759674,10.35521411895752,1.1218504905700684,-0.12185049057006836,0.006910573225468397,0.2857635021209717,0.7174720764160156
z0y528x144,2,A,True,350,0.87600177526474,6.707724094390869,0.17410589754581451,10.346912384033203,1.1135776042938232,-0.11357760429382324,0.00826788879930973,0.0733690857887268,0.45892518758773804
z0y528x144,2,A,True,400,0.8372906446456909,6.81691312789917,0.1672658920288086,10.333879470825195,1.1155610084533691,-0.11556100845336914,0.010691864416003227,0.03871113061904907,0.3957917392253876
z0y528x144,2,A,True,450,0.7538898587226868,6.873472213745117,0.1648447960615158,10.324992179870605,1.0527987480163574,-0.05279874801635742,0.007059925701469183,0.08340078592300415,0.2951774597167969
z0y528x144,2,A,True,500,0.7518609166145325,6.933101654052734,0.16063080728054047,10.316855430603027,1.0798344612121582,-0.0798344612121582,0.006193691864609718,0.002028942108154297,0.2908720076084137
z0y528x144,2,A,True,550,0.7062214612960815,6.974862575531006,0.15761984884738922,10.309563636779785,1.0446099042892456,-0.044609904289245605,0.0069277845323085785,0.04563945531845093,0.2201920747756958
z0y528x144,2,A,True,600,0.6948444843292236,7.027210235595703,0.15585558116436005,10.303120613098145,1.061232328414917,-0.06123232841491699,0.0036081490106880665,0.01137697696685791,0.27220770716667175
z0y528x144,2,A,True,650,0.6632522940635681,7.073040008544922,0.15406009554862976,10.301224708557129,1.0555133819580078,-0.05551338195800781,0.00840463675558567,0.03159219026565552,0.25001534819602966
z0y528x144,2,A,True,700,0.6725471019744873,7.1031365394592285,0.15345166623592377,10.299328804016113,1.0786521434783936,-0.07865214347839355,0.0021828103344887495,0.00929480791091919,0.25368985533714294
z0y528x144,2,A,True,750,0.6334684491157532,7.098415851593018,0.15202882885932922,10.296768188476562,1.0370644330978394,-0.037064433097839355,0.0036318362690508366,0.03907865285873413,0.2488013654947281
z0y528x144,2,A,True,800,0.6578025221824646,7.136023044586182,0.14879144728183746,10.2944917678833,1.0742415189743042,-0.0742415189743042,0.014001964591443539,0.024334073066711426,0.12343891710042953
z0y528x144,2,A,True,850,0.6126991510391235,7.162395477294922,0.1476178765296936,10.293068885803223,1.0446197986602783,-0.04461979866027832,0.00930004846304655,0.045103371143341064,0.19844365119934082
z0y528x144,2,A,True,900,0.6077287793159485,7.205366611480713,0.1492314636707306,10.294207572937012,1.065402626991272,-0.06540262699127197,0.011818156577646732,0.004970371723175049,0.20002153515815735
z0y528x144,2,A,True,950,0.5958009958267212,7.257476806640625,0.15018200874328613,10.29477596282959,1.062294840812683,-0.062294840812683105,0.011609407141804695,0.011927783489227295,0.2098408043384552
z0y528x144,2,A,True,1000,0.5940470099449158,7.296192646026611,0.14862892031669617,10.291266441345215,1.0726902484893799,-0.07269024848937988,0.009716219268739223,0.00175398588180542,0.1521400809288025
z0y528x144,2,A,True,1050,0.5840102434158325,7.333444118499756,0.15246959030628204,10.293258666992188,1.0528537034988403,-0.05285370349884033,0.009904030710458755,0.010036766529083252,0.1702629178762436
z0y528x144,2,A,True,1100,0.5689306259155273,7.382120609283447,0.1535474956035614,10.292593955993652,1.045910120010376,-0.04591012001037598,0.008993986062705517,0.015079617500305176,0.1587774157524109
z0y528x144,2,A,True,1150,0.575898289680481,7.435752868652344,0.15985046327114105,10.293542861938477,1.058619499206543,-0.05861949920654297,0.015984216704964638,0.006967663764953613,0.17992503941059113
z0y528x144,2,A,True,1200,0.5675080418586731,7.509985446929932,0.16678044199943542,10.296673774719238,1.0660878419876099,-0.06608784198760986,0.010690753348171711,0.008390247821807861,0.1838759183883667
z0y528x144,2,A,True,1250,0.5492361187934875,7.551280975341797,0.17548714578151703,10.298665046691895,1.030416488647461,-0.030416488647460938,0.01602840982377529,0.018271923065185547,0.09147429466247559
z0y528x144,2,A,True,1300,0.5561686158180237,7.6129302978515625,0.18470369279384613,10.299708366394043,1.0442335605621338,-0.04423356056213379,0.01372669916599989,0.006932497024536133,0.17117004096508026
z0y528x144,2,A,True,1350,0.5449389219284058,7.679084777832031,0.19857700169086456,10.305205345153809,1.0366357564926147,-0.036635756492614746,0.01779194548726082,0.01122969388961792,0.15151217579841614
z0y528x144,2,A,True,1400,0.5693092346191406,7.719306945800781,0.21013866364955902,10.307669639587402,1.0545556545257568,-0.054555654525756836,0.0153577271848917,0.024370312690734863,0.13399352133274078
z0y528x144,2,A,True,1450,0.5503352880477905,7.750434398651123,0.22463564574718475,10.313920021057129,1.0270779132843018,-0.027077913284301758,0.016321370378136635,0.018973946571350098,0.12047988921403885
z0y528x144,2,A,True,1500,0.5764521956443787,7.846590518951416,0.23920400440692902,10.318937301635742,1.05845308303833,-0.05845308303833008,0.01639368385076523,0.026116907596588135,0.1965104192495346
z0y528x144,2,A,True,1550,0.5778042078018188,7.881067752838135,0.25100797414779663,10.326127052307129,1.0498896837234497,-0.04988968372344971,0.012080599553883076,0.0013520121574401855,0.07976756244897842
z0y528x144,2,A,True,1600,0.606844961643219,7.947729587554932,0.26603198051452637,10.330382347106934,1.0655171871185303,-0.06551718711853027,0.01775401458144188,0.029040753841400146,0.1312829852104187
z0y528x144,2,A,True,1650,0.5747563242912292,7.991239070892334,0.28604716062545776,10.338791847229004,1.000006079673767,-6.079673767089844e-06,0.02154393121600151,0.032088637351989746,0.09994477778673172
z0y528x144,2,A,True,1700,0.5979791879653931,8.049681663513184,0.29792287945747375,10.342191696166992,1.0201081037521362,-0.02010810375213623,0.01306761521846056,0.02322286367416382,0.11176016926765442
z0y528x144,2,A,True,1750,0.5829057693481445,8.08941650390625,0.31106850504875183,10.3472900390625,0.9928401708602905,0.007159829139709473,0.013972492888569832,0.015073418617248535,0.12047108262777328
z0y528x144,2,A,True,1800,0.6169078946113586,8.14907455444336,0.33091577887535095,10.355497360229492,1.0214166641235352,-0.021416664123535156,0.02099413424730301,0.03400212526321411,0.19645041227340698
z0y528x144,2,A,True,1850,0.6268178224563599,8.196041107177734,0.3427392244338989,10.359174728393555,1.0340229272842407,-0.03402292728424072,0.012960894033312798,0.00990992784500122,0.12207234650850296
z0y528x144,2,A,True,1900,0.5993480086326599,8.227831840515137,0.3655497431755066,10.367843627929688,1.0092122554779053,-0.009212255477905273,0.024105777963995934,0.02746981382369995,0.06549258530139923
z0y528x144,2,A,True,1950,0.6389005780220032,8.239598274230957,0.3792884349822998,10.373587608337402,1.0367783308029175,-0.03677833080291748,0.014289434999227524,0.03955256938934326,0.109254851937294
z0y528x144,2,A,True,2000,0.610507607460022,8.272793769836426,0.39582669734954834,10.380834579467773,1.0068870782852173,-0.006887078285217285,0.016995403915643692,0.0283929705619812,0.10063270479440689
z0y528x144,2,A,True,2050,0.6217434406280518,8.251049995422363,0.4057701528072357,10.384220123291016,1.0048640966415405,-0.004864096641540527,0.010926119051873684,0.011235833168029785,0.07687529176473618
z0y528x144,2,A,True,2100,0.6232292652130127,8.26695728302002,0.4203377664089203,10.391459465026855,1.008112907409668,-0.008112907409667969,0.01470231357961893,0.0014858245849609375,0.046770695596933365
z0y528x144,2,A,True,2150,0.6176189184188843,8.269700050354004,0.4360242486000061,10.398035049438477,0.9970425963401794,0.0029574036598205566,0.016065102070569992,0.005610346794128418,0.07030592113733292
z0y528x144,2,A,True,2200,0.6348699927330017,8.282090187072754,0.451983779668808,10.403950691223145,1.0060476064682007,-0.006047606468200684,0.0166749507188797,0.01725107431411743,0.10779926180839539
z0y528x144,2,A,True,2250,0.6341130137443542,8.385369300842285,0.46776899695396423,10.412113189697266,1.010574460029602,-0.01057446002960205,0.015919284895062447,0.0007569789886474609,0.20531217753887177
z0y528x144,2,A,True,2300,0.6276174783706665,8.393228530883789,0.47772112488746643,10.416614532470703,0.9881302714347839,0.011869728565216064,0.010462671518325806,0.006495535373687744,0.10973414033651352
z0y528x144,2,A,True,2350,0.6063035130500793,8.39358139038086,0.4899517297744751,10.421488761901855,0.9736342430114746,0.02636575698852539,0.014213255606591702,0.021313965320587158,0.0688777044415474
z0y528x144,2,A,True,2400,0.5812532305717468,8.401005744934082,0.4990690350532532,10.425142288208008,0.9611645936965942,0.03883540630340576,0.009316346608102322,0.02505028247833252,0.07592450827360153
z0y528x144,2,A,True,2450,0.6230563521385193,8.371875762939453,0.5127505660057068,10.42795181274414,1.0006020069122314,-0.0006020069122314453,0.01469056773930788,0.04180312156677246,0.08409561961889267
z0y528x144,2,A,True,2500,0.6208876967430115,8.422362327575684,0.5243657827377319,10.43160343170166,0.9931809306144714,0.0068190693855285645,0.012212377972900867,0.0021686553955078125,0.15707242488861084
z0y528x144,2,A,True,2550,0.6152527928352356,8.417313575744629,0.5448793768882751,10.437593460083008,0.9907038807868958,0.009296119213104248,0.021618852391839027,0.005634903907775879,0.023323707282543182
z0y528x144,2,A,True,2600,0.6160445213317871,8.394564628601074,0.5561466217041016,10.441335678100586,0.991241991519928,0.008758008480072021,0.01200779713690281,0.0007917284965515137,0.042931728065013885
z0y528x144,2,A,True,2650,0.6236194968223572,8.422846794128418,0.5702716708183289,10.448441505432129,0.9976353645324707,0.002364635467529297,0.014653529971837997,0.007574975490570068,0.050615280866622925
z0y528x144,2,A,True,2700,0.6159532070159912,8.416254997253418,0.5683286190032959,10.448534965515137,1.0055482387542725,-0.005548238754272461,0.006546630524098873,0.007666289806365967,0.12121649831533432
z0y528x144,2,A,True,2750,0.6110485792160034,8.392822265625,0.578656792640686,10.45068359375,0.987946093082428,0.012053906917572021,0.011341254226863384,0.004904627799987793,0.061180874705314636
z0y528x144,2,A,True,2800,0.6046875715255737,8.415360450744629,0.5902697443962097,10.456756591796875,0.9843453764915466,0.01565462350845337,0.01168783288449049,0.0063610076904296875,0.11089421063661575
z0y528x144,2,A,True,2850,0.6256009340286255,8.375237464904785,0.6033950448036194,10.458250045776367,1.0136394500732422,-0.013639450073242188,0.014715767465531826,0.020913362503051758,0.18817518651485443
z0y528x144,2,A,True,2900,0.6104165315628052,8.427163124084473,0.618278980255127,10.468050003051758,0.9931681752204895,0.006831824779510498,0.015249387361109257,0.015184402465820312,0.13005056977272034
z0y528x144,2,A,True,2950,0.6061307787895203,8.418959617614746,0.6261732578277588,10.469169616699219,0.9897833466529846,0.01021665334701538,0.0111232940107584,0.004285752773284912,0.17484620213508606
z0y528x144,2,A,True,2999,0.6015380024909973,8.434920310974121,0.6452152729034424,10.47802734375,0.9851421117782593,0.014857888221740723,0.01917319744825363,0.004592776298522949,0.10772482305765152
z0y528x144,3,A,True,0,0.9080824851989746,2.0100250244140625,0.0027695391327142715,5.765434265136719,0.9398857951164246,0.01566976308822632,0.0027695391327142715,0.029532313346862793,0.017363714054226875
z0y528x144,3,A,True,50,1.8136227130889893,2.3821802139282227,0.05056069418787956,5.824751853942871,1.9264639616012573,-0.9709084033966064,0.04908621311187744,0.9055402278900146,0.6461890935897827
z0y528x144,3,A,True,100,1.443581461906433,2.7803757190704346,0.1344224363565445,5.940706253051758,1.5483709573745728,-0.5928153991699219,0.08392000198364258,0.37004125118255615,0.759147584438324
z0y528x144,3,A,True,150,1.6084409952163696,3.444927215576172,0.2267739474773407,6.06459379196167,1.7457880973815918,-0.7902325391769409,0.09642479568719864,0.16485953330993652,1.1832830905914307
z0y528x144,3,A,True,200,1.1407185792922974,4.029755115509033,0.3065018057823181,6.16136360168457,1.3217103481292725,-0.3661547899246216,0.0797574371099472,0.46772241592407227,1.0893305540084839
z0y528x144,3,A,True,250,0.8317264318466187,4.315626621246338,0.32793542742729187,6.198301792144775,1.1194812059402466,-0.1639256477355957,0.030703147873282433,0.3089921474456787,0.6231339573860168
z0y528x144,3,A,True,300,0.7512005567550659,4.395845890045166,0.3396528363227844,6.2116007804870605,1.0854002237319946,-0.12984466552734375,0.023045461624860764,0.08052587509155273,0.30921152234077454
z0y528x144,3,A,True,350,0.6684668660163879,4.430444240570068,0.3464336097240448,6.222635269165039,1.057111144065857,-0.10155558586120605,0.015707170590758324,0.08273369073867798,0.14357420802116394
z0y528x144,3,A,True,400,0.5818060636520386,4.461670875549316,0.3492183983325958,6.231221675872803,1.0124235153198242,-0.05686795711517334,0.013469081372022629,0.08666080236434937,0.12656190991401672
z0y528x144,3,A,True,450,0.5663926601409912,4.536627292633057,0.3476032316684723,6.231456756591797,1.0245258808135986,-0.06897032260894775,0.012910334393382072,0.015413403511047363,0.22785980999469757
z0y528x144,3,A,True,500,0.535958468914032,4.583175182342529,0.34617364406585693,6.219142436981201,1.0149445533752441,-0.05938899517059326,0.015921080484986305,0.03043419122695923,0.17407618463039398
z0y528x144,3,A,True,550,0.5485242605209351,4.626165866851807,0.3432027995586395,6.209006309509277,1.029792308807373,-0.07423675060272217,0.015285753645002842,0.012565791606903076,0.19270002841949463
z0y528x144,3,A,True,600,0.5161523222923279,4.713472366333008,0.3402058780193329,6.191799163818359,1.0127148628234863,-0.05715930461883545,0.02357221581041813,0.03237193822860718,0.2626367211341858
z0y528x144,3,A,True,650,0.5543590784072876,4.811041831970215,0.33871233463287354,6.174346923828125,1.0682425498962402,-0.11268699169158936,0.02116447128355503,0.03820675611495972,0.2916402220726013
z0y528x144,3,A,True,700,0.524064838886261,4.9218010902404785,0.33345550298690796,6.150060176849365,1.0334023237228394,-0.07784676551818848,0.02958013489842415,0.03029423952102661,0.28979113698005676
z0y528x144,3,A,True,750,0.48892372846603394,5.03676700592041,0.33061736822128296,6.128108501434326,0.9950692653656006,-0.03951370716094971,0.02992093376815319,0.03514111042022705,0.2818044126033783
z0y528x144,3,A,True,800,0.48503151535987854,5.18189811706543,0.3358287513256073,6.102397918701172,1.0028660297393799,-0.047310471534729004,0.03225783258676529,0.0038922131061553955,0.33919090032577515
z0y528x144,3,A,True,850,0.47046801447868347,5.299018859863281,0.34368860721588135,6.0840067863464355,0.9804139733314514,-0.024858415126800537,0.026093142107129097,0.014563500881195068,0.2801845669746399
z0y528x144,3,A,True,900,0.4882558286190033,5.476316452026367,0.3556400239467621,6.058874607086182,1.0108224153518677,-0.0552668571472168,0.036209072917699814,0.017787814140319824,0.3969987630844116
z0y528x144,3,A,True,950,0.510505199432373,5.642323017120361,0.37140992283821106,6.030278205871582,1.0273404121398926,-0.0717848539352417,0.03940500319004059,0.02224937081336975,0.4103145897388458
z0y528x144,3,A,True,1000,0.5002691149711609,5.816905975341797,0.39038482308387756,5.995766639709473,1.0190480947494507,-0.0634925365447998,0.04292786121368408,0.010236084461212158,0.40860018134117126
z0y528x144,3,A,True,1050,0.461656779050827,5.976794719696045,0.41506966948509216,5.959211826324463,0.9864461421966553,-0.030890583992004395,0.046483177691698074,0.03861233592033386,0.3651711344718933
z0y528x144,3,A,True,1100,0.45291638374328613,6.132028579711914,0.4391210973262787,5.933098793029785,0.9614518880844116,-0.005896329879760742,0.036422885954380035,0.008740395307540894,0.3304695785045624
z0y528x144,3,A,True,1150,0.46364638209342957,6.302531719207764,0.46540576219558716,5.9075727462768555,0.9906424283981323,-0.035086870193481445,0.03545915335416794,0.010729998350143433,0.3769994378089905
z0y528x144,3,A,True,1200,0.45993074774742126,6.508462905883789,0.4919000566005707,5.8810224533081055,0.9863327145576477,-0.030777156352996826,0.04027710109949112,0.0037156343460083008,0.44333791732788086
z0y528x144,3,A,True,1250,0.4493080973625183,6.665786266326904,0.5232076048851013,5.8499298095703125,0.9873693585395813,-0.03181380033493042,0.04165499657392502,0.010622650384902954,0.33205822110176086
z0y528x144,3,A,True,1300,0.44623079895973206,6.777900695800781,0.5488717555999756,5.8246259689331055,0.971949577331543,-0.01639401912689209,0.03137736767530441,0.003077298402786255,0.26795458793640137
z0y528x144,3,A,True,1350,0.4366898834705353,6.86901330947876,0.577130138874054,5.800474643707275,0.9689733982086182,-0.013417840003967285,0.03607701510190964,0.009540915489196777,0.22060614824295044
z0y528x144,3,A,True,1400,0.4294007420539856,6.975423336029053,0.6054137945175171,5.772459506988525,0.959985077381134,-0.004429519176483154,0.034383147954940796,0.007289141416549683,0.24141573905944824
z0y528x144,3,A,True,1450,0.4081307351589203,7.020472049713135,0.6294063925743103,5.7502546310424805,0.9487740397453308,0.006781518459320068,0.02773040533065796,0.021270006895065308,0.16258396208286285
z0y528x144,3,A,True,1500,0.41481778025627136,7.167473316192627,0.6504949331283569,5.737545967102051,0.9608602523803711,-0.005304694175720215,0.023383330553770065,0.006687045097351074,0.34417885541915894
z0y528x144,3,A,True,1550,0.3785548806190491,7.2428879737854,0.6716317534446716,5.718066692352295,0.9185318350791931,0.037023723125457764,0.025063421577215195,0.03626289963722229,0.1946582794189453
z0y528x144,3,A,True,1600,0.3784829378128052,7.309877395629883,0.6898313760757446,5.69967794418335,0.9398584961891174,0.015697062015533447,0.021108003333210945,7.194280624389648e-05,0.17214742302894592
z0y528x144,3,A,True,1650,0.39552682638168335,7.367537021636963,0.7024314999580383,5.687628746032715,0.9655937552452087,-0.010038197040557861,0.013435663655400276,0.017043888568878174,0.1523677259683609
z0y528x144,3,A,True,1700,0.38773828744888306,7.371689319610596,0.7168853282928467,5.67671537399292,0.9646161794662476,-0.00906062126159668,0.016301171854138374,0.007788538932800293,0.046836815774440765
z0y528x144,3,A,True,1750,0.3600170314311981,7.41252326965332,0.7277570366859436,5.665823936462402,0.9481213688850403,0.007434189319610596,0.013080748729407787,0.027721256017684937,0.14165087044239044
z0y528x144,3,A,True,1800,0.36325666308403015,7.466028690338135,0.734861433506012,5.66246223449707,0.9369084239006042,0.01864713430404663,0.007994773797690868,0.0032396316528320312,0.13334132730960846
z0y528x144,3,A,True,1850,0.36815130710601807,7.500320911407471,0.7413546442985535,5.6578898429870605,0.9707463979721069,-0.015190839767456055,0.007642738521099091,0.004894644021987915,0.09791465103626251
z0y528x144,3,A,True,1900,0.34626632928848267,7.501336574554443,0.7519313097000122,5.6482157707214355,0.9321074485778809,0.02344810962677002,0.011661357246339321,0.0218849778175354,0.08017332851886749
z0y528x144,3,A,True,1950,0.37971583008766174,7.589418411254883,0.7546478509902954,5.644713878631592,0.9655762314796448,-0.010020673274993896,0.0038380783516913652,0.03344950079917908,0.25911733508110046
z0y528x144,3,A,True,2000,0.36918410658836365,7.642567157745361,0.7612450122833252,5.639477729797363,0.968752384185791,-0.013196825981140137,0.007874200120568275,0.010531723499298096,0.11473405361175537
z0y528x144,3,A,True,2050,0.3622761070728302,7.597659587860107,0.7615004181861877,5.641944885253906,0.9684768319129944,-0.012921273708343506,0.0035057980567216873,0.006907999515533447,0.13170047104358673
z0y528x144,3,A,True,2100,0.3737711012363434,7.70829439163208,0.7609536647796631,5.646400451660156,0.9766926169395447,-0.0211370587348938,0.0018215019954368472,0.011494994163513184,0.28330618143081665
z0y528x144,3,A,True,2150,0.399135947227478,7.7930006980896,0.7634512186050415,5.650852203369141,1.0186216831207275,-0.06306612491607666,0.003283408470451832,0.025364845991134644,0.22079993784427643
z0y528x144,3,A,True,2200,0.34763485193252563,7.731840133666992,0.7701860666275024,5.647956848144531,0.949593186378479,0.005962371826171875,0.007511515635997057,0.05150109529495239,0.13775816559791565
z0y528x144,3,A,True,2250,0.3401241898536682,7.853929042816162,0.7671709060668945,5.656811237335205,0.9503421783447266,0.005213379859924316,0.0046598645858466625,0.007510662078857422,0.2795191705226898
z0y528x144,3,A,True,2300,0.3352334797382355,7.90602445602417,0.7700087428092957,5.652536869049072,0.9518347382545471,0.0037208199501037598,0.004728356841951609,0.004890710115432739,0.1179102435708046
z0y528x144,3,A,True,2350,0.3359537720680237,7.977394104003906,0.7701711058616638,5.651932239532471,0.9525348544120789,0.0030207037925720215,0.0035259241703897715,0.000720292329788208,0.19584360718727112
z0y528x144,3,A,True,2400,0.3493002653121948,7.98661994934082,0.7675179243087769,5.654263973236084,0.9780898094177246,-0.02253425121307373,0.004061483312398195,0.013346493244171143,0.02581290900707245
z0y528x144,3,A,True,2450,0.3414730429649353,8.006977081298828,0.7633886337280273,5.657846927642822,0.9754772186279297,-0.01992166042327881,0.006251531653106213,0.007827222347259521,0.10064780712127686
z0y528x144,3,A,True,2500,0.34116408228874207,8.033885955810547,0.7652938365936279,5.655818462371826,0.9594890475273132,-0.0039334893226623535,0.003521778155118227,0.0003089606761932373,0.14842022955417633
z0y528x144,3,A,True,2550,0.3365587294101715,8.04136848449707,0.7693580985069275,5.6524505615234375,0.9509329795837402,0.0046225786209106445,0.005127603188157082,0.004605352878570557,0.058819480240345
z0y528x144,3,A,True,2600,0.34685468673706055,8.063254356384277,0.7759373784065247,5.644800186157227,0.957270085811615,-0.0017145276069641113,0.008619802072644234,0.010295957326889038,0.06008609011769295
z0y528x144,3,A,True,2650,0.33650168776512146,8.049023628234863,0.7727410793304443,5.653098106384277,0.9529082775115967,0.0026472806930541992,0.006398286670446396,0.010352998971939087,0.0312819741666317
z0y528x144,3,A,True,2700,0.31903380155563354,8.04958438873291,0.7701119780540466,5.65335750579834,0.9565178155899048,-0.0009622573852539062,0.0038680112920701504,0.017467886209487915,0.02790898270905018
z0y528x144,3,A,True,2750,0.33384498953819275,8.170784950256348,0.7615208029747009,5.662979602813721,0.9684450626373291,-0.012889504432678223,0.012837817892432213,0.014811187982559204,0.2587446868419647
z0y528x144,3,A,True,2800,0.34476855397224426,8.17438793182373,0.766328752040863,5.659658908843994,0.985819935798645,-0.03026437759399414,0.005088834557682276,0.010923564434051514,0.033113427460193634
z0y528x144,3,A,True,2850,0.33672434091567993,8.191267967224121,0.7688705921173096,5.656120300292969,0.9605872631072998,-0.005031704902648926,0.004287660587579012,0.008044213056564331,0.06534399837255478
z0y528x144,3,A,True,2900,0.2999890446662903,8.235644340515137,0.7625133991241455,5.663712501525879,0.9207340478897095,0.034821510314941406,0.009068138897418976,0.03673529624938965,0.08039101958274841
z0y528x144,3,A,True,2950,0.3310139775276184,8.236130714416504,0.7651403546333313,5.661858558654785,0.9647557735443115,-0.009200215339660645,0.00262862048111856,0.031024932861328125,0.07368944585323334
z0y528x144,3,A,True,2999,0.30628204345703125,8.323405265808105,0.7637571692466736,5.663324356079102,0.942914605140686,0.012640953063964844,0.002696314360946417,0.024731934070587158,0.3228852152824402
z0y528x144,4,A,True,0,0.9020544290542603,2.010024309158325,0.0027704241219908,13.953789710998535,0.9020535945892334,0.0979464054107666,0.0027704241219908,0.029409289360046387,0.01736302487552166
z0y528x144,4,A,True,50,2.099323272705078,2.436530828475952,0.061073966324329376,13.890871047973633,2.0986592769622803,-1.0986592769622803,0.05878442898392677,1.1972688436508179,0.7403787970542908
z0y528x144,4,A,True,100,2.2444519996643066,2.9316463470458984,0.10316212475299835,13.846800804138184,2.243175983428955,-1.243175983428955,0.044256001710891724,0.14512872695922852,0.8579645156860352
z0y528x144,4,A,True,150,2.215508222579956,3.6119003295898438,0.15261636674404144,13.79011344909668,2.2350223064422607,-1.2350223064422607,0.049530770629644394,0.028943777084350586,1.2236520051956177
z0y528x144,4,A,True,200,1.2224822044372559,4.146120548248291,0.17138789594173431,13.776483535766602,1.4338113069534302,-0.4338113069534302,0.023105187341570854,0.9930260181427002,1.1825214624404907
z0y528x144,4,A,True,250,0.908572793006897,4.440491199493408,0.1737166941165924,13.78392505645752,1.257273554801941,-0.2572735548019409,0.0210541021078825,0.3139094114303589,0.8679342865943909
z0y528x144,4,A,True,300,0.7993229031562805,4.661600589752197,0.17235848307609558,13.754926681518555,1.1623632907867432,-0.16236329078674316,0.013963710516691208,0.10924988985061646,0.6863863468170166
z0y528x144,4,A,True,350,0.7759467959403992,4.910727500915527,0.17319034039974213,13.729734420776367,1.167751669883728,-0.16775166988372803,0.00800564605742693,0.023376107215881348,0.7069593667984009
z0y528x144,4,A,True,400,0.7489106059074402,5.139711380004883,0.17534209787845612,13.707489013671875,1.1506160497665405,-0.15061604976654053,0.008006298914551735,0.027036190032958984,0.5934076905250549
z0y528x144,4,A,True,450,0.7039251327514648,5.365786075592041,0.17511416971683502,13.689604759216309,1.0859109163284302,-0.08591091632843018,0.010686433874070644,0.04498547315597534,0.5869311094284058
z0y528x144,4,A,True,500,0.6916226744651794,5.601498126983643,0.17560936510562897,13.676133155822754,1.0770986080169678,-0.07709860801696777,0.008294769562780857,0.0123024582862854,0.5993977189064026
z0y528x144,4,A,True,550,0.6920629143714905,5.854799747467041,0.1778753250837326,13.656920433044434,1.0848619937896729,-0.08486199378967285,0.012786125764250755,0.00044023990631103516,0.6025562882423401
z0y528x144,4,A,True,600,0.6469057202339172,6.077633380889893,0.18120703101158142,13.642513275146484,1.0231589078903198,-0.023158907890319824,0.008255382999777794,0.04515719413757324,0.5399844646453857
z0y528x144,4,A,True,650,0.6697384119033813,6.355719089508057,0.1840767115354538,13.62862777709961,1.0359766483306885,-0.03597664833068848,0.010457003489136696,0.02283269166946411,0.6664617657661438
z0y528x144,4,A,True,700,0.6286882758140564,6.607448577880859,0.18663077056407928,13.619040489196777,0.996001660823822,0.0039983391761779785,0.007858270779252052,0.04105013608932495,0.5836761593818665
z0y528x144,4,A,True,750,0.6256221532821655,6.863753795623779,0.1920504868030548,13.602008819580078,0.9820535182952881,0.017946481704711914,0.016687782481312752,0.003066122531890869,0.5336815714836121
z0y528x144,4,A,True,800,0.6112964153289795,7.1318840980529785,0.19440793991088867,13.592816352844238,0.9746041893959045,0.02539581060409546,0.008174095302820206,0.014325737953186035,0.5779327750205994
z0y528x144,4,A,True,850,0.5980513691902161,7.430589199066162,0.196271151304245,13.584542274475098,0.9638677835464478,0.036132216453552246,0.0029579473193734884,0.013245046138763428,0.6166157722473145
z0y528x144,4,A,True,900,0.5899150371551514,7.720606327056885,0.19842089712619781,13.577513694763184,0.9457292556762695,0.05427074432373047,0.004557142499834299,0.008136332035064697,0.6288127303123474
z0y528x144,4,A,True,950,0.5936285257339478,8.037169456481934,0.20217640697956085,13.567161560058594,0.958292543888092,0.04170745611190796,0.009214900434017181,0.0037134885787963867,0.6777774691581726
z0y528x144,4,A,True,1000,0.5661613345146179,8.38884449005127,0.20367185771465302,13.560240745544434,0.9392622113227844,0.060737788677215576,0.005039268638938665,0.027467191219329834,0.7998574376106262
z0y528x144,4,A,True,1050,0.555370032787323,8.72396183013916,0.20573171973228455,13.554045677185059,0.9340078234672546,0.06599217653274536,0.003247019601985812,0.010791301727294922,0.72903972864151
z0y528x144,4,A,True,1100,0.5468520522117615,9.028341293334961,0.20856480300426483,13.54450511932373,0.9198033213615417,0.08019667863845825,0.008138506673276424,0.008517980575561523,0.6553321480751038
z0y528x144,4,A,True,1150,0.5249148011207581,9.342363357543945,0.2142246812582016,13.533920288085938,0.9108490347862244,0.08915096521377563,0.01319218147546053,0.021937251091003418,0.7147554159164429
z0y528x144,4,A,True,1200,0.5012577772140503,9.688822746276855,0.2164173573255539,13.528867721557617,0.8989706039428711,0.1010293960571289,0.005314639303833246,0.023657023906707764,0.7913952469825745
z0y528x144,4,A,True,1250,0.4909190535545349,10.06068229675293,0.221400648355484,13.52093505859375,0.8873653411865234,0.11263465881347656,0.012105075642466545,0.01033872365951538,0.8191226720809937
z0y528x144,4,A,True,1300,0.4671335816383362,10.368006706237793,0.2205791026353836,13.519354820251465,0.8844767808914185,0.11552321910858154,0.002376123331487179,0.02378547191619873,0.722374439239502
z0y528x144,4,A,True,1350,0.45882412791252136,10.616093635559082,0.22254227101802826,13.513439178466797,0.8867183923721313,0.11328160762786865,0.005865422077476978,0.00830945372581482,0.6282967925071716
z0y528x144,4,A,True,1400,0.4261365532875061,10.87099552154541,0.2249288111925125,13.508071899414062,0.8662208914756775,0.1337791085243225,0.007270407862961292,0.03268757462501526,0.6077878475189209
z0y528x144,4,A,True,1450,0.4503738582134247,11.082415580749512,0.22721974551677704,13.501763343811035,0.9094853401184082,0.0905146598815918,0.005880340468138456,0.02423730492591858,0.5691441893577576
z0y528x144,4,A,True,1500,0.420560747385025,11.442824363708496,0.23166896402835846,13.496491432189941,0.8828493356704712,0.11715066432952881,0.00681505398824811,0.029813110828399658,0.9253796935081482
z0y528x144,4,A,True,1550,0.4256591498851776,11.74087142944336,0.23392434418201447,13.492203712463379,0.8989713191986084,0.1010286808013916,0.002913213102146983,0.005098402500152588,0.7160012722015381
z0y528x144,4,A,True,1600,0.4205881357192993,11.892535209655762,0.23306289315223694,13.491470336914062,0.8944653272628784,0.10553467273712158,0.00274150213226676,0.005071014165878296,0.5172879695892334
z0y528x144,4,A,True,1650,0.39989399909973145,12.04613971710205,0.2359182983636856,13.488049507141113,0.9065619707107544,0.0934380292892456,0.006325689144432545,0.02069413661956787,0.4836776852607727
z0y528x144,4,A,True,1700,0.38118547201156616,12.193375587463379,0.2337598204612732,13.488158226013184,0.8745579123497009,0.12544208765029907,0.0030417211819440126,0.018708527088165283,0.34854426980018616
z0y528x144,4,A,True,1750,0.39198005199432373,12.330161094665527,0.23244553804397583,13.488059043884277,0.9123843312263489,0.08761566877365112,0.0031985577661544085,0.010794579982757568,0.3965092897415161
z0y528x144,4,A,True,1800,0.4011726975440979,12.425740242004395,0.2328997701406479,13.487226486206055,0.9079644680023193,0.09203553199768066,0.0016537391347810626,0.00919264554977417,0.3470580279827118
z0y528x144,4,A,True,1850,0.3871132731437683,12.518771171569824,0.23194369673728943,13.486257553100586,0.9138051867485046,0.08619481325149536,0.0009698832873255014,0.01405942440032959,0.2879984676837921
z0y528x144,4,A,True,1900,0.3790428042411804,12.487210273742676,0.2287234514951706,13.48706340789795,0.9097536206245422,0.09024637937545776,0.0038873280864208937,0.00807046890258789,0.05709012597799301
z0y528x144,4,A,True,1950,0.366312712430954,12.617392539978027,0.2322239726781845,13.482718467712402,0.8998910188674927,0.10010898113250732,0.007976491935551167,0.01273009181022644,0.311847448348999
z0y528x144,4,A,True,2000,0.36393600702285767,12.801795959472656,0.23197390139102936,13.482301712036133,0.9115455150604248,0.0884544849395752,0.002012718003243208,0.0023767054080963135,0.4712613523006439
z0y528x144,4,A,True,2050,0.36761847138404846,12.828216552734375,0.2353828251361847,13.478724479675293,0.9032251834869385,0.09677481651306152,0.007808982394635677,0.003682464361190796,0.2137562781572342
z0y528x144,4,A,True,2100,0.36323678493499756,12.964369773864746,0.2393919676542282,13.474557876586914,0.9067642688751221,0.09323573112487793,0.007564430125057697,0.004381686449050903,0.3133881986141205
z0y528x144,4,A,True,2150,0.36034226417541504,13.081801414489746,0.2377975881099701,13.474857330322266,0.9040248394012451,0.09597516059875488,0.002674268325790763,0.0028945207595825195,0.27593037486076355
z0y528x144,4,A,True,2200,0.3401757776737213,13.081042289733887,0.23392891883850098,13.478181838989258,0.894429624080658,0.10557037591934204,0.005483144428580999,0.020166486501693726,0.11994433403015137
z0y528x144,4,A,True,2250,0.3483426868915558,13.18717098236084,0.23322433233261108,13.477900505065918,0.9141857028007507,0.08581429719924927,0.002241647569462657,0.008166909217834473,0.294461727142334
z0y528x144,4,A,True,2300,0.3828098475933075,13.308555603027344,0.23193471133708954,13.479177474975586,0.9548220038414001,0.045177996158599854,0.002329508773982525,0.03446716070175171,0.23680812120437622
z0y528x144,4,A,True,2350,0.356823205947876,13.359980583190918,0.23457397520542145,13.47640609741211,0.925628125667572,0.07437187433242798,0.006570408586412668,0.02598664164543152,0.18571507930755615
z0y528x144,4,A,True,2400,0.3742915987968445,13.381237030029297,0.23979656398296356,13.471867561340332,0.9419697523117065,0.05803024768829346,0.010899967513978481,0.017468392848968506,0.05071723833680153
z0y528x144,4,A,True,2450,0.36850443482398987,13.34557819366455,0.24240334331989288,13.46955680847168,0.9641727805137634,0.03582721948623657,0.0063237096183001995,0.005787163972854614,0.1273534744977951
z0y528x144,4,A,True,2500,0.3419838547706604,13.299537658691406,0.2387465238571167,13.47167682647705,0.9146139621734619,0.08538603782653809,0.0042901416309177876,0.026520580053329468,0.11405739188194275
z0y528x144,4,A,True,2550,0.3452744483947754,13.255110740661621,0.23807597160339355,13.472465515136719,0.9284958243370056,0.07150417566299438,0.0023037411738187075,0.0032905936241149902,0.08435038477182388
z0y528x144,4,A,True,2600,0.3334127962589264,13.336480140686035,0.2408079355955124,13.47068977355957,0.9193694591522217,0.08063054084777832,0.005091810133308172,0.011861652135848999,0.17068283259868622
z0y528x144,4,A,True,2650,0.32410529255867004,13.452991485595703,0.25102469325065613,13.463927268981934,0.9211781620979309,0.07882183790206909,0.016783764585852623,0.009307503700256348,0.38094598054885864
z0y528x144,4,A,True,2700,0.34259405732154846,13.432246208190918,0.2587651312351227,13.459148406982422,0.9464551210403442,0.05354487895965576,0.013044820167124271,0.018488764762878418,0.13283082842826843
z0y528x144,4,A,True,2750,0.3268074691295624,13.586705207824707,0.2628996670246124,13.457489013671875,0.9325363636016846,0.06746363639831543,0.006082773674279451,0.015786588191986084,0.32967451214790344
z0y528x144,4,A,True,2800,0.35040977597236633,13.583470344543457,0.26857513189315796,13.454377174377441,0.9522093534469604,0.04779064655303955,0.008501064963638783,0.023602306842803955,0.054051123559474945
z0y528x144,4,A,True,2850,0.32713091373443604,13.542784690856934,0.26990705728530884,13.45401382446289,0.9408400058746338,0.05915999412536621,0.004398723598569632,0.023278862237930298,0.11104709655046463
z0y528x144,4,A,True,2900,0.3490915596485138,13.633421897888184,0.270198255777359,13.454349517822266,0.9561223387718201,0.04387766122817993,0.000981402350589633,0.02196064591407776,0.18620698153972626
z0y528x144,4,A,True,2950,0.3271375298500061,13.681307792663574,0.2823435068130493,13.447697639465332,0.9521586298942566,0.04784137010574341,0.017462387681007385,0.02195402979850769,0.16448579728603363
z0y528x144,4,A,True,2999,0.3198835551738739,13.647791862487793,0.29586148262023926,13.441097259521484,0.9183173179626465,0.08168268203735352,0.019348986446857452,0.007253974676132202,0.26812371611595154
z0y528x144,5,A,True,0,0.8705726861953735,2.0100178718566895,0.0026684815529733896,5.785429000854492,0.8893610835075378,0.05508333444595337,0.0026684815529733896,0.028728187084197998,0.01735132746398449
z0y528x144,5,A,True,50,1.9168708324432373,2.4433753490448,0.025840265676379204,5.7674665451049805,2.0648343563079834,-1.1203899383544922,0.026382891461253166,1.0462981462478638,0.7549373507499695
z0y528x144,5,A,True,100,1.4463094472885132,2.8677217960357666,0.07222424447536469,5.818755149841309,1.6134058237075806,-0.6689614057540894,0.05232676863670349,0.4705613851547241,0.7533223032951355
z0y528x144,5,A,True,150,1.1006630659103394,3.36226749420166,0.12595714628696442,5.850305557250977,1.3102540969848633,-0.36580967903137207,0.05602024123072624,0.34564638137817383,0.9281222820281982
z0y528x144,5,A,True,200,0.9327597618103027,3.819483995437622,0.18125322461128235,5.876121997833252,1.2915000915527344,-0.34705567359924316,0.06412214040756226,0.16790330410003662,0.8987684845924377
z0y528x144,5,A,True,250,0.6507006287574768,4.031987190246582,0.21833442151546478,5.884218215942383,1.0550944805145264,-0.11065006256103516,0.043572504073381424,0.2820591330528259,0.5779682397842407
z0y528x144,5,A,True,300,0.6112629771232605,4.207115650177002,0.24431119859218597,5.878240585327148,1.089337706565857,-0.14489328861236572,0.03098958544433117,0.03943765163421631,0.4476538300514221
z0y528x144,5,A,True,350,0.5538513660430908,4.36089563369751,0.26398977637290955,5.869137763977051,1.0549252033233643,-0.11048078536987305,0.024200156331062317,0.05741161108016968,0.4077222943305969
z0y528x144,5,A,True,400,0.45097723603248596,4.46367073059082,0.28101736307144165,5.858979225158691,0.978356659412384,-0.03391224145889282,0.021542401984333992,0.10287413001060486,0.2904282808303833
z0y528x144,5,A,True,450,0.39766237139701843,4.535293102264404,0.2924739122390747,5.852391719818115,0.9695509076118469,-0.025106489658355713,0.01440015621483326,0.05331486463546753,0.18026024103164673
z0y528x144,5,A,True,500,0.3991503417491913,4.5840630531311035,0.30396121740341187,5.844126224517822,0.9683718681335449,-0.02392745018005371,0.013888901099562645,0.0014879703521728516,0.12810787558555603
z0y528x144,5,A,True,550,0.38571372628211975,4.66623067855835,0.3148353695869446,5.835722923278809,0.9890233278274536,-0.0445789098739624,0.01418825052678585,0.013436615467071533,0.21238301694393158
z0y528x144,5,A,True,600,0.3506447672843933,4.719677448272705,0.3236912190914154,5.827810764312744,0.9494839906692505,-0.005039572715759277,0.011663936078548431,0.03506895899772644,0.14958396553993225
z0y528x144,5,A,True,650,0.34669744968414307,4.779299259185791,0.3343495726585388,5.8181257247924805,0.9405475854873657,0.0038968324661254883,0.013086684048175812,0.003947317600250244,0.15585048496723175
z0y528x144,5,A,True,700,0.3327248990535736,4.8510308265686035,0.3412341773509979,5.808424472808838,0.9405732750892639,0.003871142864227295,0.011412701569497585,0.013972550630569458,0.19928716123104095
z0y528x144,5,A,True,750,0.32085493206977844,4.922866344451904,0.348090261220932,5.801316738128662,0.9342111349105835,0.010233283042907715,0.009749513119459152,0.011869966983795166,0.18021072447299957
z0y528x144,5,A,True,800,0.32992395758628845,5.0039520263671875,0.355561763048172,5.796306610107422,0.9520389437675476,-0.0075945258140563965,0.009832472540438175,0.00906902551651001,0.21916723251342773
z0y528x144,5,A,True,850,0.305582195520401,5.076396465301514,0.3617737889289856,5.791292190551758,0.9434980750083923,0.000946342945098877,0.008078803308308125,0.02434176206588745,0.22119876742362976
z0y528x144,5,A,True,900,0.3193994164466858,5.180139541625977,0.3714683949947357,5.788002967834473,0.9435343146324158,0.0009101033210754395,0.01033987756818533,0.01381722092628479,0.28803277015686035
z0y528x144,5,A,True,950,0.3320866525173187,5.277686595916748,0.3776009976863861,5.781798839569092,0.9491859674453735,-0.004741549491882324,0.008125349879264832,0.012687236070632935,0.30442509055137634
z0y528x144,5,A,True,1000,0.30289438366889954,5.386359691619873,0.3820391893386841,5.773516654968262,0.9239636063575745,0.020480811595916748,0.010418038815259933,0.02919226884841919,0.3171127140522003
z0y528x144,5,A,True,1050,0.3251601457595825,5.537622928619385,0.38761448860168457,5.758273601531982,0.941209077835083,0.003235340118408203,0.016173021867871284,0.022265762090682983,0.38417670130729675
z0y528x144,5,A,True,1100,0.3512345254421234,5.692800998687744,0.39423608779907227,5.748471260070801,0.9698194265365601,-0.025375008583068848,0.011470014229416847,0.026074379682540894,0.3828527331352234
z0y528x144,5,A,True,1150,0.32229793071746826,5.838092803955078,0.3994807302951813,5.73345947265625,0.9394770264625549,0.004967391490936279,0.016231633722782135,0.02893659472465515,0.3792669475078583
z0y528x144,5,A,True,1200,0.369027704000473,6.021716594696045,0.4049239456653595,5.71729850769043,0.9808142781257629,-0.03636986017227173,0.016439788043498993,0.04672977328300476,0.5225726366043091
z0y528x144,5,A,True,1250,0.32390785217285156,6.170857906341553,0.409444659948349,5.698949813842773,0.9369429349899292,0.007501482963562012,0.01849868893623352,0.04511985182762146,0.3940016031265259
z0y528x144,5,A,True,1300,0.3368043899536133,6.376110076904297,0.4145236313343048,5.67753267288208,0.9431670904159546,0.001277327537536621,0.02278442680835724,0.012896537780761719,0.528739869594574
z0y528x144,5,A,True,1350,0.3238711953163147,6.560251235961914,0.4222564995288849,5.645059585571289,0.94070965051651,0.003734767436981201,0.033483803272247314,0.012933194637298584,0.4160633385181427
z0y528x144,5,A,True,1400,0.3432122766971588,6.741283416748047,0.43112143874168396,5.617269039154053,0.9409542083740234,0.0034902095794677734,0.02731027826666832,0.019341081380844116,0.40586933493614197
z0y528x144,5,A,True,1450,0.3265314996242523,6.9309210777282715,0.4394082725048065,5.589471340179443,0.9412234425544739,0.003220975399017334,0.02825790084898472,0.016680777072906494,0.4261325001716614
z0y528x144,5,A,True,1500,0.32387664914131165,7.104437351226807,0.44938451051712036,5.559822082519531,0.9198812246322632,0.024563193321228027,0.030407942831516266,0.002654850482940674,0.3919697701931
z0y528x144,5,A,True,1550,0.3303225338459015,7.247232913970947,0.4631761610507965,5.527364253997803,0.9467524290084839,-0.0023080110549926758,0.0336378812789917,0.006445884704589844,0.3114040493965149
z0y528x144,5,A,True,1600,0.30883538722991943,7.359231948852539,0.47463420033454895,5.500843524932861,0.9127835631370544,0.03166085481643677,0.027991725131869316,0.021487146615982056,0.24668672680854797
z0y528x144,5,A,True,1650,0.3081952631473541,7.45368766784668,0.48749488592147827,5.472320079803467,0.9294969439506531,0.014947474002838135,0.029051246121525764,0.0006401240825653076,0.198366180062294
z0y528x144,5,A,True,1700,0.3112613558769226,7.55592155456543,0.5024206638336182,5.444096088409424,0.9423737525939941,0.0020706653594970703,0.02877570502460003,0.0030660927295684814,0.22497260570526123
z0y528x144,5,A,True,1750,0.3100985586643219,7.694416046142578,0.5161746144294739,5.418609619140625,0.9308280944824219,0.013616323471069336,0.026097489520907402,0.001162797212600708,0.28882572054862976
z0y528x144,5,A,True,1800,0.3057153522968292,7.72149658203125,0.5309703350067139,5.39164400100708,0.9379104971885681,0.006533920764923096,0.028141161426901817,0.004383206367492676,0.09192713350057602
z0y528x144,5,A,True,1850,0.31351396441459656,7.842388153076172,0.5451300144195557,5.36890983581543,0.9326534271240234,0.011790990829467773,0.02232184261083603,0.007798612117767334,0.2531242370605469
z0y528x144,5,A,True,1900,0.2985720634460449,7.876461029052734,0.5547895431518555,5.353107452392578,0.9223527312278748,0.022091686725616455,0.016535185277462006,0.014941900968551636,0.10504861921072006
z0y528x144,5,A,True,1950,0.3260035216808319,7.941066741943359,0.5696108937263489,5.329522132873535,0.9525495767593384,-0.008105158805847168,0.0229890625923872,0.027431458234786987,0.13265369832515717
z0y528x144,5,A,True,2000,0.2857893407344818,8.086438179016113,0.5787375569343567,5.317736625671387,0.9297032356262207,0.014741182327270508,0.013421994633972645,0.0402141809463501,0.33298972249031067
z0y528x144,5,A,True,2050,0.3055022358894348,8.178610801696777,0.5897656083106995,5.303347110748291,0.9349430799484253,0.009501338005065918,0.014957300387322903,0.019712895154953003,0.19696944952011108
z0y528x144,5,A,True,2100,0.29213613271713257,8.235355377197266,0.5975377559661865,5.291733264923096,0.9394605755805969,0.004983842372894287,0.011117077432572842,0.013366103172302246,0.14810246229171753
z0y528x144,5,A,True,2150,0.2826504111289978,8.271441459655762,0.6140590906143188,5.267224311828613,0.9120472073554993,0.03239721059799194,0.024173205718398094,0.009485721588134766,0.10193058848381042
z0y528x144,5,A,True,2200,0.2754029631614685,8.327863693237305,0.6297664046287537,5.248604774475098,0.8983563184738159,0.04608809947967529,0.020397653803229332,0.007247447967529297,0.11153533309698105
z0y528x144,5,A,True,2250,0.2793157696723938,8.26121997833252,0.642994225025177,5.230198860168457,0.9057137966156006,0.038730621337890625,0.018292224034667015,0.003912806510925293,0.16578486561775208
z0y528x144,5,A,True,2300,0.2858109772205353,8.318375587463379,0.6530875563621521,5.218796730041504,0.922192394733429,0.022252023220062256,0.014118717983365059,0.0064952075481414795,0.17946486175060272
z0y528x144,5,A,True,2350,0.2748515009880066,8.382189750671387,0.6686378717422485,5.19859504699707,0.8989982604980469,0.045446157455444336,0.02091025933623314,0.010959476232528687,0.12007108330726624
z0y528x144,5,A,True,2400,0.28411564230918884,8.428361892700195,0.6730425953865051,5.192721366882324,0.9284781813621521,0.01596623659133911,0.006374722346663475,0.009264141321182251,0.1075650081038475
z0y528x144,5,A,True,2450,0.2939566671848297,8.448622703552246,0.6815778613090515,5.184016227722168,0.918076753616333,0.026367664337158203,0.010897314175963402,0.00984102487564087,0.13335764408111572
z0y528x144,5,A,True,2500,0.2899826765060425,8.440017700195312,0.683014452457428,5.182320594787598,0.9002922773361206,0.044152140617370605,0.0017510094912722707,0.0039739906787872314,0.10117338597774506
z0y528x144,5,A,True,2550,0.28073474764823914,8.4092435836792,0.6921156644821167,5.169868469238281,0.9329708814620972,0.011473536491394043,0.012519661337137222,0.009247928857803345,0.09645932167768478
z0y528x144,5,A,True,2600,0.26989585161209106,8.500842094421387,0.6967077255249023,5.165569305419922,0.8824861645698547,0.061958253383636475,0.005167718511074781,0.010838896036148071,0.2036600261926651
z0y528x144,5,A,True,2650,0.3069426417350769,8.555377006530762,0.7092689871788025,5.149948596954346,0.9192466139793396,0.02519780397415161,0.014394203200936317,0.03704679012298584,0.1299361139535904
z0y528x144,5,A,True,2700,0.3082031011581421,8.635422706604004,0.7109925746917725,5.147672653198242,0.9446067214012146,-0.00016230344772338867,0.002645258791744709,0.0012604594230651855,0.20119090378284454
z0y528x144,5,A,True,2750,0.2991798222064972,8.67056941986084,0.7151200771331787,5.14064884185791,0.9399650692939758,0.004479348659515381,0.007025558967143297,0.009023278951644897,0.08027095347642899
z0y528x144,5,A,True,2800,0.29146531224250793,8.787033081054688,0.7174437046051025,5.13870096206665,0.9158851504325867,0.02855926752090454,0.003595520043745637,0.007714509963989258,0.3190895617008209
z0y528x144,5,A,True,2850,0.28101396560668945,8.74672794342041,0.724453866481781,5.129856586456299,0.8986210823059082,0.04582333564758301,0.009889197535812855,0.010451346635818481,0.13469240069389343
z0y528x144,5,A,True,2900,0.27471044659614563,8.736506462097168,0.733604371547699,5.119184970855713,0.9009068012237549,0.04353761672973633,0.012503855861723423,0.006303519010543823,0.20179906487464905
z0y528x144,5,A,True,2950,0.2874414026737213,8.737210273742676,0.7325007915496826,5.1192803382873535,0.915618360042572,0.02882605791091919,0.0011437328066676855,0.012730956077575684,0.1139843612909317
z0y528x144,5,A,True,2999,0.27843376994132996,8.756855010986328,0.737542986869812,5.114174842834473,0.8962921500205994,0.048152267932891846,0.005768381524831057,0.009007632732391357,0.07606126368045807
z0y528x144,6,A,True,0,0.8561661243438721,2.010024309158325,0.002768437610939145,8.109811782836914,0.856388509273529,0.010278165340423584,0.002768437610939145,0.02845025062561035,0.017362751066684723
z0y528x144,6,A,True,50,2.151357650756836,2.46992564201355,0.02629132568836212,8.107824325561523,2.160987138748169,-1.2943204641342163,0.024381889030337334,1.2951915264129639,0.7967162728309631
z0y528x144,6,A,True,100,1.9216002225875854,2.91479754447937,0.028288627043366432,8.187679290771484,1.972641110420227,-1.1059744358062744,0.025377018377184868,0.2297574281692505,0.868262529373169
z0y528x144,6,A,True,150,1.302911400794983,3.444086790084839,0.04831380024552345,8.266289710998535,1.4763604402542114,-0.6096937656402588,0.04726260155439377,0.6186888217926025,1.0392802953720093
z0y528x144,6,A,True,200,0.9323097467422485,3.7039711475372314,0.0935874804854393,8.355650901794434,1.3209346532821655,-0.4542679786682129,0.05484361574053764,0.3706016540527344,0.7079753875732422
z0y528x144,6,A,True,250,0.6518811583518982,3.8230197429656982,0.12745977938175201,8.401601791381836,1.2410809993743896,-0.374414324760437,0.0389915332198143,0.28042858839035034,0.4925438165664673
z0y528x144,6,A,True,300,0.4926736056804657,3.8694636821746826,0.1367359161376953,8.418787002563477,1.1426182985305786,-0.275951623916626,0.013217367231845856,0.1592075526714325,0.23319344222545624
z0y528x144,6,A,True,350,0.4620978832244873,3.9265146255493164,0.14085087180137634,8.426584243774414,1.0847584009170532,-0.21809172630310059,0.006057635881006718,0.030575722455978394,0.15689301490783691
z0y528x144,6,A,True,400,0.47149568796157837,3.99444317817688,0.1451602429151535,8.430842399597168,1.0891095399856567,-0.2224428653717041,0.005598011892288923,0.009397804737091064,0.1704946756362915
z0y528x144,6,A,True,450,0.4405870735645294,4.073515892028809,0.15265168249607086,8.436921119689941,1.0518275499343872,-0.18516087532043457,0.007737485226243734,0.03090861439704895,0.18863193690776825
z0y528x144,6,A,True,500,0.4575316607952118,4.1677374839782715,0.15838034451007843,8.43984317779541,1.0534507036209106,-0.186784029006958,0.005852670408785343,0.016944587230682373,0.22034820914268494
z0y528x144,6,A,True,550,0.48097968101501465,4.2747111320495605,0.16980114579200745,8.447794914245605,1.0917952060699463,-0.22512853145599365,0.011438715271651745,0.023448020219802856,0.24630147218704224
z0y528x144,6,A,True,600,0.49269768595695496,4.414524555206299,0.18978160619735718,8.461597442626953,1.0845868587493896,-0.217920184135437,0.02005266584455967,0.011718004941940308,0.2992786765098572
z0y528x144,6,A,True,650,0.44253718852996826,4.566177845001221,0.20739375054836273,8.475031852722168,1.0521217584609985,-0.1854550838470459,0.01762869767844677,0.050160497426986694,0.33012980222702026
z0y528x144,6,A,True,700,0.4605090916156769,4.715126991271973,0.22854019701480865,8.4896821975708,1.043735146522522,-0.17706847190856934,0.02117026410996914,0.017971903085708618,0.33081671595573425
z0y528x144,6,A,True,750,0.5126003623008728,4.901491641998291,0.2524244785308838,8.506316184997559,1.1137292385101318,-0.2470625638961792,0.023897403851151466,0.05209127068519592,0.3930211067199707
z0y528x144,6,A,True,800,0.4869430959224701,5.109111309051514,0.28507277369499207,8.531135559082031,1.0652793645858765,-0.19861268997192383,0.03268168494105339,0.02565726637840271,0.4469875991344452
z0y528x144,6,A,True,850,0.4716746509075165,5.284588813781738,0.3128693103790283,8.550716400146484,1.058031439781189,-0.19136476516723633,0.02786259725689888,0.015268445014953613,0.37376534938812256
z0y528x144,6,A,True,900,0.47687438130378723,5.4741435050964355,0.3474733233451843,8.57589054107666,1.0536272525787354,-0.18696057796478271,0.03461117669939995,0.005199730396270752,0.3970615565776825
z0y528x144,6,A,True,950,0.45042601227760315,5.6690287590026855,0.37983304262161255,8.60141658782959,1.0168002843856812,-0.15013360977172852,0.032437168061733246,0.026448369026184082,0.447856605052948
z0y528x144,6,A,True,1000,0.454639732837677,5.925584316253662,0.4149099290370941,8.629131317138672,1.022505760192871,-0.15583908557891846,0.03517889976501465,0.0042137205600738525,0.5639283657073975
z0y528x144,6,A,True,1050,0.45084285736083984,6.160861492156982,0.45283129811286926,8.659577369689941,1.0197759866714478,-0.15310931205749512,0.03803500905632973,0.003796875476837158,0.5055141448974609
z0y528x144,6,A,True,1100,0.4557824730873108,6.398384094238281,0.497776061296463,8.697583198547363,0.9980567693710327,-0.13139009475708008,0.04525773972272873,0.004939615726470947,0.5240057706832886
z0y528x144,6,A,True,1150,0.47120773792266846,6.6279215812683105,0.5395249128341675,8.73139762878418,1.022079586982727,-0.15541291236877441,0.04202822223305702,0.015425264835357666,0.49911075830459595
z0y528x144,6,A,True,1200,0.44836825132369995,6.904094219207764,0.5885441899299622,8.77184772491455,1.0027275085449219,-0.13606083393096924,0.0491977259516716,0.022839486598968506,0.5938497185707092
z0y528x144,6,A,True,1250,0.4451422691345215,7.1707987785339355,0.631589949131012,8.805183410644531,0.9788821339607239,-0.11221545934677124,0.04305266961455345,0.003225982189178467,0.6077278256416321
z0y528x144,6,A,True,1300,0.40363115072250366,7.451571941375732,0.682647705078125,8.848137855529785,0.9346209168434143,-0.06795424222946167,0.051358602941036224,0.04151111841201782,0.649721622467041
z0y528x144,6,A,True,1350,0.40273767709732056,7.6707444190979,0.7217801213264465,8.87915325164795,0.9455502033233643,-0.07888352870941162,0.0391484797000885,0.0008934736251831055,0.4874369204044342
z0y528x144,6,A,True,1400,0.4354632794857025,7.8936076164245605,0.7588275074958801,8.908332824707031,0.9686145782470703,-0.10194790363311768,0.037124134600162506,0.03272560238838196,0.512312114238739
z0y528x144,6,A,True,1450,0.42558085918426514,8.131012916564941,0.806532084941864,8.947300910949707,0.955364465713501,-0.08869779109954834,0.04784868285059929,0.009882420301437378,0.5294979810714722
z0y528x144,6,A,True,1500,0.402371883392334,8.328542709350586,0.8497104644775391,8.981181144714355,0.936277449131012,-0.06961077451705933,0.043317362666130066,0.023208975791931152,0.4348991811275482
z0y528x144,6,A,True,1550,0.39824211597442627,8.526227951049805,0.8790547847747803,9.00244140625,0.9351586103439331,-0.06849193572998047,0.02935708500444889,0.004129767417907715,0.44462820887565613
z0y528x144,6,A,True,1600,0.3887728750705719,8.704219818115234,0.9114417433738708,9.025625228881836,0.9297682642936707,-0.06310158967971802,0.03240562602877617,0.00946924090385437,0.3795873820781708
z0y528x144,6,A,True,1650,0.4060978293418884,8.838566780090332,0.9302699565887451,9.03654670715332,0.9422322511672974,-0.07556557655334473,0.018921276554465294,0.01732495427131653,0.304587185382843
z0y528x144,6,A,True,1700,0.38601940870285034,8.934672355651855,0.9464671015739441,9.046159744262695,0.9255729913711548,-0.05890631675720215,0.01623246818780899,0.020078420639038086,0.24109342694282532
z0y528x144,6,A,True,1750,0.3960999548435211,9.064875602722168,0.9648746252059937,9.056139945983887,0.9520820379257202,-0.08541536331176758,0.0185550544410944,0.010080546140670776,0.2893674373626709
z0y528x144,6,A,True,1800,0.3604009747505188,9.124449729919434,0.9893274307250977,9.071224212646484,0.9168015718460083,-0.050134897232055664,0.024556346237659454,0.03569898009300232,0.12238708138465881
z0y528x144,6,A,True,1850,0.3758362829685211,9.233855247497559,1.0044097900390625,9.07891845703125,0.9284414649009705,-0.06177479028701782,0.01517360471189022,0.01543530821800232,0.26900753378868103
z0y528x144,6,A,True,1900,0.33959972858428955,9.355198860168457,1.0201075077056885,9.086981773376465,0.9004070162773132,-0.033740341663360596,0.016053711995482445,0.03623655438423157,0.3116905093193054
z0y528x144,6,A,True,1950,0.3352065980434418,9.429007530212402,1.0411133766174316,9.100540161132812,0.9042325019836426,-0.03756582736968994,0.021020524203777313,0.004393130540847778,0.2576635479927063
z0y528x144,6,A,True,2000,0.32745522260665894,9.476422309875488,1.059271216392517,9.112256050109863,0.8832919597625732,-0.016625285148620605,0.018225787207484245,0.007751375436782837,0.09475471079349518
z0y528x144,6,A,True,2050,0.3387009799480438,9.4806489944458,1.0539956092834473,9.102659225463867,0.9041111469268799,-0.037444472312927246,0.0075201615691185,0.011245757341384888,0.05868610739707947
z0y528x144,6,A,True,2100,0.34334397315979004,9.50886344909668,1.0756233930587769,9.116220474243164,0.8929976224899292,-0.026330947875976562,0.021856775507330894,0.004642993211746216,0.0811135545372963
z0y528x144,6,A,True,2150,0.3612211048603058,9.533520698547363,1.0913327932357788,9.124358177185059,0.9122997522354126,-0.04563307762145996,0.015999412164092064,0.017877131700515747,0.10437488555908203
z0y528x144,6,A,True,2200,0.32739418745040894,9.48458194732666,1.0966997146606445,9.123876571655273,0.8885484337806702,-0.02188175916671753,0.008190946653485298,0.03382691740989685,0.19497697055339813
z0y528x144,6,A,True,2250,0.3168146312236786,9.520408630371094,1.1100715398788452,9.12863826751709,0.8790953159332275,-0.012428641319274902,0.014362944290041924,0.010579556226730347,0.09123814105987549
z0y528x144,6,A,True,2300,0.3194824457168579,9.455803871154785,1.124563455581665,9.137031555175781,0.8922746777534485,-0.02560800313949585,0.014705995097756386,0.0026678144931793213,0.14226852357387543
z0y528x144,6,A,True,2350,0.31836962699890137,9.509200096130371,1.1370909214019775,9.142107009887695,0.8928321599960327,-0.026165485382080078,0.013495530933141708,0.001112818717956543,0.13449342548847198
z0y528x144,6,A,True,2400,0.3446829915046692,9.56401538848877,1.1423521041870117,9.141412734985352,0.9189954996109009,-0.05232882499694824,0.008336534723639488,0.026313364505767822,0.17141272127628326
z0y528x144,6,A,True,2450,0.32193633913993835,9.50473690032959,1.156427264213562,9.148994445800781,0.898456335067749,-0.03178966045379639,0.014614982530474663,0.022746652364730835,0.1812681406736374
z0y528x144,6,A,True,2500,0.325815349817276,9.526440620422363,1.1686197519302368,9.152249336242676,0.9009072780609131,-0.03424060344696045,0.013800152577459812,0.0038790106773376465,0.1079331785440445
z0y528x144,6,A,True,2550,0.3244655430316925,9.548240661621094,1.168786883354187,9.147553443908691,0.9003021717071533,-0.033635497093200684,0.0062360698357224464,0.001349806785583496,0.03902401402592659
z0y528x144,6,A,True,2600,0.318357914686203,9.445569038391113,1.1674202680587769,9.141546249389648,0.9026801586151123,-0.03601348400115967,0.004908815957605839,0.006107628345489502,0.2540743947029114
z0y528x144,6,A,True,2650,0.3297949433326721,9.477023124694824,1.170387864112854,9.136497497558594,0.9013328552246094,-0.03466618061065674,0.008235917426645756,0.011437028646469116,0.11074001342058182
z0y528x144,6,A,True,2700,0.31635743379592896,9.439070701599121,1.161665678024292,9.12181568145752,0.9059439301490784,-0.03927725553512573,0.012338334694504738,0.013437509536743164,0.10749106109142303
z0y528x144,6,A,True,2750,0.30982446670532227,9.469805717468262,1.167340874671936,9.120691299438477,0.9039715528488159,-0.03730487823486328,0.007278132252395153,0.0065329670906066895,0.24384014308452606
z0y528x144,6,A,True,2800,0.3120211362838745,9.524476051330566,1.1696960926055908,9.118415832519531,0.8825311064720154,-0.015864431858062744,0.004889465868473053,0.002196669578552246,0.1703389436006546
z0y528x144,6,A,True,2850,0.3157557547092438,9.42109489440918,1.1708645820617676,9.11402416229248,0.8886353969573975,-0.021968722343444824,0.007132845465093851,0.0037346184253692627,0.20534390211105347
z0y528x144,6,A,True,2900,0.3063742220401764,9.374844551086426,1.1784342527389526,9.115416526794434,0.8914750814437866,-0.024808406829833984,0.009298917837440968,0.009381532669067383,0.13461247086524963
z0y528x144,6,A,True,2950,0.2958512306213379,9.355270385742188,1.1917390823364258,9.123340606689453,0.8946745991706848,-0.028007924556732178,0.013681620359420776,0.010522991418838501,0.0350034199655056
z0y528x144,6,A,True,2999,0.3039928674697876,9.304970741271973,1.188541054725647,9.114693641662598,0.8919199109077454,-0.025253236293792725,0.007006906438618898,0.008141636848449707,0.13613282144069672
z0y528x144,7,A,True,0,0.8280372619628906,2.010024309158325,0.002761867130175233,9.485494613647461,0.8280466794967651,-0.005824446678161621,0.002761867130175233,0.027844130992889404,0.017362475395202637
z0y528x144,7,A,True,50,1.7166471481323242,2.4868814945220947,0.021669387817382812,9.484259605407715,1.7183970212936401,-0.8961747884750366,0.021348487585783005,0.8886098861694336,0.8290171027183533
z0y528x144,7,A,True,100,1.9004024267196655,3.1586790084838867,0.01649726741015911,9.487656593322754,1.922490119934082,-1.1002678871154785,0.00861128605902195,0.1837552785873413,1.1669986248016357
z0y528x144,7,A,True,150,1.632469654083252,3.983700752258301,0.0332760326564312,9.562959671020508,1.7750270366668701,-0.9528048038482666,0.029544934630393982,0.2679327726364136,1.5447617769241333
z0y528x144,7,A,True,200,0.9018299579620361,4.704699516296387,0.11315944045782089,9.691431045532227,1.3225175142288208,-0.5002952814102173,0.08176151663064957,0.7306396961212158,1.676021933555603
z0y528x144,7,A,True,250,0.5621588826179504,5.001956939697266,0.18337902426719666,9.752202987670898,1.1115200519561768,-0.28929781913757324,0.07154646515846252,0.3396710753440857,0.845170259475708
z0y528x144,7,A,True,300,0.44682979583740234,5.093275547027588,0.2227221131324768,9.781599044799805,1.0035512447357178,-0.18132901191711426,0.03970789536833763,0.1153290867805481,0.4320819675922394
z0y528x144,7,A,True,350,0.4162171185016632,5.184763431549072,0.2505994439125061,9.810011863708496,0.9941203594207764,-0.17189812660217285,0.028864532709121704,0.030612677335739136,0.2849167287349701
z0y528x144,7,A,True,400,0.4180471897125244,5.295003414154053,0.275972455739975,9.833178520202637,1.015728235244751,-0.19350600242614746,0.026626816019415855,0.001830071210861206,0.2694622874259949
z0y528x144,7,A,True,450,0.3854818344116211,5.376572132110596,0.2993783950805664,9.858025550842285,0.9684106111526489,-0.1461883783340454,0.02431696653366089,0.03256535530090332,0.23950451612472534
z0y528x144,7,A,True,500,0.3680940270423889,5.4505534172058105,0.3228181302547455,9.884538650512695,0.9515900611877441,-0.12936782836914062,0.024370143190026283,0.017387807369232178,0.24916087090969086
z0y528x144,7,A,True,550,0.3852051794528961,5.56071138381958,0.34578847885131836,9.906052589416504,0.9720009565353394,-0.14977872371673584,0.024003224447369576,0.017111152410507202,0.27270808815956116
z0y528x144,7,A,True,600,0.39810553193092346,5.669066905975342,0.3728470802307129,9.933961868286133,0.9949547648429871,-0.17273253202438354,0.029175909236073494,0.012900352478027344,0.2730167508125305
z0y528x144,7,A,True,650,0.4007447063922882,5.794477939605713,0.40230104327201843,9.964242935180664,0.9915462732315063,-0.16932404041290283,0.03135968744754791,0.002639174461364746,0.31602320075035095
z0y528x144,7,A,True,700,0.4037896692752838,5.932715892791748,0.43374010920524597,9.993699073791504,0.9869410991668701,-0.1647188663482666,0.032592035830020905,0.0030449628829956055,0.34799182415008545
z0y528x144,7,A,True,750,0.39313754439353943,6.0635762214660645,0.4681485891342163,10.025894165039062,0.9712350368499756,-0.14901280403137207,0.03568635880947113,0.010652124881744385,0.3165323734283447
z0y528x144,7,A,True,800,0.3754688501358032,6.19443941116333,0.5051420331001282,10.060752868652344,0.9401692152023315,-0.11794698238372803,0.038118667900562286,0.017668694257736206,0.33021482825279236
z0y528x144,7,A,True,850,0.3907638192176819,6.354127883911133,0.5414586663246155,10.094910621643066,0.9524745345115662,-0.13025230169296265,0.03731130063533783,0.015294969081878662,0.3773272633552551
z0y528x144,7,A,True,900,0.4020712673664093,6.49882173538208,0.5825520157814026,10.133869171142578,0.9679073691368103,-0.1456851363182068,0.042381543666124344,0.011307448148727417,0.33895406126976013
z0y528x144,7,A,True,950,0.3834708034992218,6.674572467803955,0.6293978095054626,10.177189826965332,0.9387766718864441,-0.11655443906784058,0.047930650413036346,0.0186004638671875,0.4051392376422882
z0y528x144,7,A,True,1000,0.424733430147171,6.863915920257568,0.6720480918884277,10.214974403381348,0.9746055603027344,-0.15238332748413086,0.04355286434292793,0.04126262664794922,0.45653897523880005
z0y528x144,7,A,True,1050,0.39733803272247314,7.107387542724609,0.7238472104072571,10.262331008911133,0.9453201293945312,-0.12309789657592773,0.05296223983168602,0.027395397424697876,0.5452597141265869
z0y528x144,7,A,True,1100,0.39779502153396606,7.3385329246521,0.7665972709655762,10.300134658813477,0.9451916217803955,-0.12296938896179199,0.04334153234958649,0.0004569888114929199,0.5036798715591431
z0y528x144,7,A,True,1150,0.3980437219142914,7.568967819213867,0.8195092678070068,10.3472900390625,0.94081711769104,-0.11859488487243652,0.05339500680565834,0.0002487003803253174,0.5121216773986816
z0y528x144,7,A,True,1200,0.39182016253471375,7.798919677734375,0.8717486262321472,10.394137382507324,0.9149893522262573,-0.09276711940765381,0.05281095206737518,0.006223559379577637,0.5138078927993774
z0y528x144,7,A,True,1250,0.3773317039012909,8.045368194580078,0.9146718382835388,10.433335304260254,0.9130931496620178,-0.0908709168434143,0.043376293033361435,0.014488458633422852,0.5564655661582947
z0y528x144,7,A,True,1300,0.4165376126766205,8.292580604553223,0.9601005911827087,10.472900390625,0.9436435699462891,-0.12142133712768555,0.0458231046795845,0.03920590877532959,0.5456146001815796
z0y528x144,7,A,True,1350,0.3865964710712433,8.496395111083984,1.0127278566360474,10.521601676940918,0.9025013446807861,-0.08027911186218262,0.053081758320331573,0.029941141605377197,0.47254452109336853
z0y528x144,7,A,True,1400,0.39967620372772217,8.69490909576416,1.0520654916763306,10.554082870483398,0.9054281711578369,-0.0832059383392334,0.0394323356449604,0.013079732656478882,0.4282222390174866
z0y528x144,7,A,True,1450,0.3760499954223633,8.879389762878418,1.0923744440078735,10.584619522094727,0.8799514770507812,-0.057729244232177734,0.040404703468084335,0.023626208305358887,0.4128091037273407
z0y528x144,7,A,True,1500,0.3987242877483368,8.995589256286621,1.1336357593536377,10.618610382080078,0.916853666305542,-0.09463143348693848,0.041467513889074326,0.02267429232597351,0.2805995047092438
z0y528x144,7,A,True,1550,0.3752232491970062,9.107070922851562,1.1739734411239624,10.649741172790527,0.8875123858451843,-0.06529015302658081,0.040632594376802444,0.023501038551330566,0.25804245471954346
z0y528x144,7,A,True,1600,0.33961352705955505,9.227378845214844,1.210616946220398,10.68233585357666,0.8484430313110352,-0.02622079849243164,0.03681227192282677,0.03560972213745117,0.28515657782554626
z0y528x144,7,A,True,1650,0.35021185874938965,9.322104454040527,1.2350364923477173,10.700968742370605,0.8535043001174927,-0.03128206729888916,0.024442443624138832,0.010598331689834595,0.20875532925128937
z0y528x144,7,A,True,1700,0.3466082811355591,9.442554473876953,1.2568432092666626,10.716699600219727,0.8635104894638062,-0.04128825664520264,0.021814238280057907,0.0036035776138305664,0.26972609758377075
z0y528x144,7,A,True,1750,0.3320790231227875,9.527642250061035,1.2619260549545288,10.718249320983887,0.8573464155197144,-0.03512418270111084,0.005758174229413271,0.014529258012771606,0.23626959323883057
z0y528x144,7,A,True,1800,0.33570823073387146,9.595995903015137,1.272385597229004,10.722074508666992,0.8512719869613647,-0.02904975414276123,0.011138218455016613,0.0036292076110839844,0.17403805255889893
z0y528x144,7,A,True,1850,0.3383767008781433,9.679295539855957,1.275160551071167,10.720526695251465,0.8616135120391846,-0.039391279220581055,0.0035743305925279856,0.0026684701442718506,0.18627843260765076
z0y528x144,7,A,True,1900,0.31993889808654785,9.683732032775879,1.288749098777771,10.729268074035645,0.8491983413696289,-0.02697610855102539,0.013588633388280869,0.01843780279159546,0.04195651039481163
z0y528x144,7,A,True,1950,0.3346184492111206,9.721245765686035,1.2847473621368408,10.721118927001953,0.8537594676017761,-0.03153723478317261,0.006056274753063917,0.014679551124572754,0.1841036081314087
z0y528x144,7,A,True,2000,0.3218267858028412,9.720368385314941,1.2733333110809326,10.707401275634766,0.8574398159980774,-0.03521758317947388,0.011788037605583668,0.012791663408279419,0.026827169582247734
z0y528x144,7,A,True,2050,0.3145873546600342,9.732455253601074,1.2722275257110596,10.70607852935791,0.8409616351127625,-0.018739402294158936,0.0015154194552451372,0.007239431142807007,0.1581115424633026
z0y528x144,7,A,True,2100,0.32982465624809265,9.812655448913574,1.2720434665679932,10.702611923217773,0.8683209419250488,-0.04609870910644531,0.002876132493838668,0.015237301588058472,0.20601730048656464
z0y528x144,7,A,True,2150,0.3127560615539551,9.837370872497559,1.2672417163848877,10.696131706237793,0.8509396910667419,-0.028717458248138428,0.005165308713912964,0.017068594694137573,0.07432599365711212
z0y528x144,7,A,True,2200,0.3274894654750824,9.905913352966309,1.2506823539733887,10.681147575378418,0.860636830329895,-0.038414597511291504,0.016900699585676193,0.01473340392112732,0.18247568607330322
z0y528x144,7,A,True,2250,0.3135868310928345,9.894320487976074,1.238882303237915,10.66783618927002,0.8505910634994507,-0.028368830680847168,0.012473472394049168,0.013902634382247925,0.08133768290281296
z0y528x144,7,A,True,2300,0.28616273403167725,9.888177871704102,1.2359623908996582,10.661701202392578,0.8449351787567139,-0.02271294593811035,0.0030699402559548616,0.027424097061157227,0.04654814302921295
z0y528x144,7,A,True,2350,0.30327972769737244,9.956193923950195,1.2302792072296143,10.655608177185059,0.8425858020782471,-0.020363569259643555,0.0061217728070914745,0.01711699366569519,0.1396220326423645
z0y528x144,7,A,True,2400,0.28430911898612976,9.977580070495605,1.2301937341690063,10.65625,0.8362489938735962,-0.014026761054992676,0.0011769377160817385,0.018970608711242676,0.09132269024848938
z0y528x144,7,A,True,2450,0.2955550253391266,9.947501182556152,1.2218140363693237,10.647724151611328,0.8397770524024963,-0.017554819583892822,0.009537192061543465,0.011245906352996826,0.12618716061115265
z0y528x144,7,A,True,2500,0.28294703364372253,9.965605735778809,1.2098058462142944,10.633682250976562,0.846563458442688,-0.024341225624084473,0.012278730049729347,0.012607991695404053,0.0842205286026001
z0y528x144,7,A,True,2550,0.29444941878318787,9.990588188171387,1.194614291191101,10.619897842407227,0.8588018417358398,-0.03657960891723633,0.016266172751784325,0.011502385139465332,0.08192642033100128
z0y528x144,7,A,True,2600,0.27891162037849426,9.963303565979004,1.1823885440826416,10.60940933227539,0.8317147493362427,-0.00949251651763916,0.013607525266706944,0.015537798404693604,0.24914084374904633
z0y528x144,7,A,True,2650,0.28343644738197327,9.960680961608887,1.168274998664856,10.594164848327637,0.8426588773727417,-0.020436644554138184,0.01519862748682499,0.004524827003479004,0.011504746042191982
z0y528x144,7,A,True,2700,0.29527923464775085,9.9729585647583,1.1602345705032349,10.586511611938477,0.8698278665542603,-0.04760563373565674,0.008859485387802124,0.011842787265777588,0.02437671273946762
z0y528x144,7,A,True,2750,0.28546634316444397,9.97647762298584,1.1475348472595215,10.5758056640625,0.8509812951087952,-0.02875906229019165,0.013387499377131462,0.009812891483306885,0.08068034052848816
z0y528x144,7,A,True,2800,0.2660081684589386,10.00738525390625,1.1285685300827026,10.556164741516113,0.8321343660354614,-0.00991213321685791,0.019571393728256226,0.01945817470550537,0.07542245090007782
z0y528x144,7,A,True,2850,0.2589830458164215,10.009858131408691,1.1107579469680786,10.540565490722656,0.8377074599266052,-0.015485227108001709,0.018441244959831238,0.00702512264251709,0.10523265600204468
z0y528x144,7,A,True,2900,0.25789326429367065,10.068222045898438,1.094288945198059,10.525870323181152,0.8500664234161377,-0.02784419059753418,0.01757163554430008,0.0010897815227508545,0.11899744719266891
z0y528x144,7,A,True,2950,0.26975592970848083,10.013127326965332,1.088796854019165,10.520023345947266,0.8470531105995178,-0.024830877780914307,0.006045860704034567,0.01186266541481018,0.16808681190013885
z0y528x144,7,A,True,2999,0.27199310064315796,9.984834671020508,1.0727250576019287,10.506926536560059,0.8420788049697876,-0.019856572151184082,0.01658155955374241,0.002237170934677124,0.07990609854459763
z0y528x144,8,A,True,0,0.8230708837509155,2.010024309158325,0.0027706415858119726,7.724188327789307,0.8236566781997681,-0.018101096153259277,0.0027706415858119726,0.02773463726043701,0.017362887039780617
z0y528x144,8,A,True,50,2.172849416732788,2.5035762786865234,0.006949748378247023,7.731454849243164,2.186183214187622,-1.3806276321411133,0.0065645999275147915,1.3497785329818726,0.8564069867134094
z0y528x144,8,A,True,100,1.6537355184555054,3.1399266719818115,0.059529051184654236,7.811187267303467,1.6949656009674072,-0.8894100189208984,0.05386246740818024,0.5191138982772827,1.1067912578582764
z0y528x144,8,A,True,150,1.5254372358322144,4.020164489746094,0.12986351549625397,7.936392784118652,1.5909303426742554,-0.7853747606277466,0.07067281752824783,0.12829828262329102,1.5707658529281616
z0y528x144,8,A,True,200,1.028357982635498,5.044171333312988,0.19867849349975586,8.087352752685547,1.1983637809753418,-0.392808198928833,0.06929104775190353,0.4970792531967163,1.8556761741638184
z0y528x144,8,A,True,250,0.8197788000106812,5.751403331756592,0.24361403286457062,8.183204650878906,1.102301001548767,-0.2967454195022583,0.0561094768345356,0.2085791826248169,1.2886962890625
z0y528x144,8,A,True,300,0.6574494242668152,6.186456203460693,0.27178964018821716,8.236316680908203,1.0292062759399414,-0.22365069389343262,0.0410367026925087,0.16232937574386597,0.8041809797286987
z0y528x144,8,A,True,350,0.4812471270561218,6.444560527801514,0.29215800762176514,8.280896186828613,0.9199243187904358,-0.114368736743927,0.022878920659422874,0.17620229721069336,0.4817868769168854
z0y528x144,8,A,True,400,0.4101949632167816,6.598107814788818,0.30483293533325195,8.312793731689453,0.8801512718200684,-0.07459568977355957,0.01299840398132801,0.07105216383934021,0.3355250954627991
z0y528x144,8,A,True,450,0.3546620011329651,6.715126037597656,0.3135881721973419,8.339067459106445,0.8788217902183533,-0.07326620817184448,0.008788122795522213,0.05553296208381653,0.27528807520866394
z0y528x144,8,A,True,500,0.31516900658607483,6.8189377784729,0.31956717371940613,8.359710693359375,0.8589996695518494,-0.053444087505340576,0.006621929816901684,0.03949299454689026,0.22101488709449768
z0y528x144,8,A,True,550,0.2765510380268097,6.8868088722229,0.3245919942855835,8.374241828918457,0.8401507139205933,-0.03459513187408447,0.005098549649119377,0.03861796855926514,0.20096305012702942
z0y528x144,8,A,True,600,0.24636581540107727,6.957092761993408,0.32883429527282715,8.388282775878906,0.8237311244010925,-0.01817554235458374,0.0043628280982375145,0.030185222625732422,0.18755441904067993
z0y528x144,8,A,True,650,0.235457181930542,7.003429412841797,0.3310985863208771,8.396544456481934,0.8198823928833008,-0.014326810836791992,0.002437699120491743,0.010908633470535278,0.16793975234031677
z0y528x144,8,A,True,700,0.22181692719459534,7.0444183349609375,0.33256807923316956,8.40410041809082,0.8196277618408203,-0.014072179794311523,0.00228845770470798,0.013640254735946655,0.16650259494781494
z0y528x144,8,A,True,750,0.21509875357151031,7.081614017486572,0.33430811762809753,8.408863067626953,0.8265414237976074,-0.020985841751098633,0.002140797208994627,0.006718173623085022,0.2050490379333496
z0y528x144,8,A,True,800,0.21918807923793793,7.125280857086182,0.3359439969062805,8.414145469665527,0.8438708186149597,-0.03831523656845093,0.001967910910025239,0.004089325666427612,0.16968117654323578
z0y528x144,8,A,True,850,0.20519302785396576,7.164865970611572,0.33756446838378906,8.418265342712402,0.8238530158996582,-0.018297433853149414,0.001971597084775567,0.013995051383972168,0.20262807607650757
z0y528x144,8,A,True,900,0.21038876473903656,7.1985039710998535,0.3378433585166931,8.419656753540039,0.8232144117355347,-0.01765882968902588,0.0035756598226726055,0.005195736885070801,0.184898242354393
z0y528x144,8,A,True,950,0.21290509402751923,7.229868412017822,0.33924826979637146,8.422382354736328,0.8234365582466125,-0.01788097620010376,0.0015021978178992867,0.002516329288482666,0.23668327927589417
z0y528x144,8,A,True,1000,0.22082847356796265,7.2689738273620605,0.3396362364292145,8.424179077148438,0.8382043242454529,-0.03264874219894409,0.0034883201587945223,0.00792337954044342,0.20134781301021576
z0y528x144,8,A,True,1050,0.2320096343755722,7.321447372436523,0.3405855894088745,8.426671028137207,0.8421284556388855,-0.03657287359237671,0.0032401077914983034,0.011181160807609558,0.23934561014175415
z0y528x144,8,A,True,1100,0.23394490778446198,7.361003875732422,0.3409422039985657,8.428699493408203,0.8420968055725098,-0.03654122352600098,0.004388896748423576,0.0019352734088897705,0.25692018866539
z0y528x144,8,A,True,1150,0.24770641326904297,7.432608127593994,0.3413536548614502,8.429800033569336,0.8476856350898743,-0.04213005304336548,0.0060416581109166145,0.013761505484580994,0.3386097252368927
z0y528x144,8,A,True,1200,0.25644075870513916,7.527451038360596,0.34218287467956543,8.433621406555176,0.862342119216919,-0.056786537170410156,0.004976908676326275,0.008734345436096191,0.350241094827652
z0y528x144,8,A,True,1250,0.2620447278022766,7.598775386810303,0.3429296314716339,8.436747550964355,0.8521283864974976,-0.04657280445098877,0.006174937356263399,0.005603969097137451,0.29748407006263733
z0y528x144,8,A,True,1300,0.25730618834495544,7.656213760375977,0.3422836363315582,8.438252449035645,0.857655942440033,-0.05210036039352417,0.005348573438823223,0.004738539457321167,0.2737794816493988
z0y528x144,8,A,True,1350,0.26825612783432007,7.687150478363037,0.3407225012779236,8.438888549804688,0.8720237016677856,-0.06646811962127686,0.012259276583790779,0.010949939489364624,0.19048838317394257
z0y528x144,8,A,True,1400,0.26885920763015747,7.75504732131958,0.34216994047164917,8.440682411193848,0.8405264616012573,-0.034970879554748535,0.0027142129838466644,0.0006030797958374023,0.2705208361148834
z0y528x144,8,A,True,1450,0.28486257791519165,7.882768154144287,0.3415890336036682,8.44328498840332,0.8714452981948853,-0.06588971614837646,0.011527324095368385,0.01600337028503418,0.34856823086738586
z0y528x144,8,A,True,1500,0.29330649971961975,7.967858791351318,0.3400092124938965,8.443573951721191,0.8679091930389404,-0.06235361099243164,0.01380818709731102,0.0084439218044281,0.24644048511981964
z0y528x144,8,A,True,1550,0.2913648784160614,8.065085411071777,0.33928292989730835,8.442707061767578,0.8780469298362732,-0.0724913477897644,0.008451271802186966,0.0019416213035583496,0.26680198311805725
z0y528x144,8,A,True,1600,0.27728429436683655,8.109637260437012,0.3398362398147583,8.442937850952148,0.8524890542030334,-0.04693347215652466,0.006863937247544527,0.014080584049224854,0.19298885762691498
z0y528x144,8,A,True,1650,0.2933625876903534,8.18404769897461,0.34037336707115173,8.444441795349121,0.8822429180145264,-0.07668733596801758,0.007926450110971928,0.016078293323516846,0.19180868566036224
z0y528x144,8,A,True,1700,0.28940513730049133,8.260729789733887,0.3421210050582886,8.446118354797363,0.8725076913833618,-0.06695210933685303,0.003302662167698145,0.0039574503898620605,0.24482767283916473
z0y528x144,8,A,True,1750,0.27730393409729004,8.34433650970459,0.34264275431632996,8.44658088684082,0.8582890629768372,-0.05273348093032837,0.008371410891413689,0.012101203203201294,0.24804498255252838
z0y528x144,8,A,True,1800,0.3052799701690674,8.440265655517578,0.34521517157554626,8.448141098022461,0.8858544826507568,-0.08029890060424805,0.003868390806019306,0.027976036071777344,0.19686207175254822
z0y528x144,8,A,True,1850,0.29312944412231445,8.505520820617676,0.3445998728275299,8.446465492248535,0.8746607303619385,-0.06910514831542969,0.009680492803454399,0.01215052604675293,0.16478660702705383
z0y528x144,8,A,True,1900,0.29304659366607666,8.57458782196045,0.3446210026741028,8.445713996887207,0.8821181654930115,-0.07656258344650269,0.003267636289820075,8.285045623779297e-05,0.179942786693573
z0y528x144,8,A,True,1950,0.28607720136642456,8.663152694702148,0.3450310230255127,8.444904327392578,0.8667169213294983,-0.0611613392829895,0.0034020342864096165,0.0069693922996521,0.23808418214321136
z0y528x144,8,A,True,2000,0.2873399257659912,8.775580406188965,0.3474377393722534,8.446869850158691,0.8807297945022583,-0.07517421245574951,0.007966590113937855,0.0012627243995666504,0.2341693788766861
z0y528x144,8,A,True,2050,0.28418636322021484,8.833255767822266,0.3481595814228058,8.446869850158691,0.8578035831451416,-0.05224800109863281,0.00252601969987154,0.003153562545776367,0.1268233209848404
z0y528x144,8,A,True,2100,0.28520992398262024,8.91195297241211,0.3503846824169159,8.44652271270752,0.8829063773155212,-0.07735079526901245,0.005253575276583433,0.0010235607624053955,0.1966993361711502
z0y528x144,8,A,True,2150,0.2721976935863495,8.928210258483887,0.3508181869983673,8.443979263305664,0.8531899452209473,-0.04763436317443848,0.004729567561298609,0.013012230396270752,0.12289153784513474
z0y528x144,8,A,True,2200,0.301474392414093,9.050472259521484,0.35359323024749756,8.446060180664062,0.8909967541694641,-0.08544117212295532,0.004802108276635408,0.02927669882774353,0.2595139741897583
z0y528x144,8,A,True,2250,0.2733927369117737,9.122977256774902,0.3569512963294983,8.448835372924805,0.8638367056846619,-0.058281123638153076,0.01277600135654211,0.028081655502319336,0.21253708004951477
z0y528x144,8,A,True,2300,0.278741717338562,9.21194839477539,0.35822468996047974,8.449413299560547,0.8671555519104004,-0.0615999698638916,0.0026061420794576406,0.00534898042678833,0.18655289709568024
z0y528x144,8,A,True,2350,0.27933746576309204,9.25617504119873,0.3598131537437439,8.448777198791504,0.8592491745948792,-0.05369359254837036,0.002431491855531931,0.0005957484245300293,0.0862962156534195
z0y528x144,8,A,True,2400,0.2623935043811798,9.328469276428223,0.3591156601905823,8.44762134552002,0.8515242338180542,-0.04596865177154541,0.004831261001527309,0.01694396138191223,0.2901401221752167
z0y528x144,8,A,True,2450,0.2756471633911133,9.413105964660645,0.36147457361221313,8.447794914245605,0.8604587316513062,-0.05490314960479736,0.005824336316436529,0.013253659009933472,0.25630712509155273
z0y528x144,8,A,True,2500,0.28996244072914124,9.511759757995605,0.36669349670410156,8.450106620788574,0.8930960297584534,-0.08754044771194458,0.022199338302016258,0.014315277338027954,0.2103036493062973
z0y528x144,8,A,True,2550,0.2854389548301697,9.6063232421875,0.3717530369758606,8.451146125793457,0.8764938712120056,-0.07093828916549683,0.01398698054254055,0.004523485898971558,0.24412018060684204
z0y528x144,8,A,True,2600,0.2698695659637451,9.74631404876709,0.37380537390708923,8.453052520751953,0.8612963557243347,-0.05574077367782593,0.004962303675711155,0.01556938886642456,0.2977977693080902
z0y528x144,8,A,True,2650,0.2763907015323639,9.787344932556152,0.37734755873680115,8.452995300292969,0.8666163086891174,-0.06106072664260864,0.010788898915052414,0.006521135568618774,0.21786001324653625
z0y528x144,8,A,True,2700,0.2794540524482727,9.914923667907715,0.37814560532569885,8.453630447387695,0.8640211224555969,-0.058465540409088135,0.00306370435282588,0.0030633509159088135,0.32170480489730835
z0y528x144,8,A,True,2750,0.26444947719573975,9.977646827697754,0.3826269507408142,8.452475547790527,0.8614017963409424,-0.055846214294433594,0.014563675038516521,0.015004575252532959,0.18196716904640198
z0y528x144,8,A,True,2800,0.27289706468582153,10.109498023986816,0.38335585594177246,8.452648162841797,0.869130551815033,-0.06357496976852417,0.002572328317910433,0.008447587490081787,0.2940412759780884
z0y528x144,8,A,True,2850,0.24884268641471863,10.160466194152832,0.3914671540260315,8.455132484436035,0.8447816967964172,-0.03922611474990845,0.016948066651821136,0.024054378271102905,0.16294628381729126
z0y528x144,8,A,True,2900,0.27503588795661926,10.264366149902344,0.39729148149490356,8.454843521118164,0.8670288324356079,-0.06147325038909912,0.013509564101696014,0.026193201541900635,0.2195131480693817
z0y528x144,8,A,True,2950,0.2676512897014618,10.334606170654297,0.4044945538043976,8.453804016113281,0.8437199592590332,-0.038164377212524414,0.017561934888362885,0.007384598255157471,0.17648182809352875
z0y528x144,8,A,True,2999,0.24812999367713928,10.416110038757324,0.40612590312957764,8.451319694519043,0.8377245664596558,-0.03216898441314697,0.006354948040097952,0.01952129602432251,0.1919843554496765
z0y528x144,9,A,True,0,0.819195032119751,2.0100231170654297,0.0027706415858119726,10.028572082519531,0.8191972970962524,0.09746938943862915,0.0027706415858119726,0.027632951736450195,0.017360547557473183
z0y528x144,9,A,True,50,1.8656681776046753,2.4772965908050537,0.020601393654942513,10.030616760253906,1.8663969039916992,-0.9497302174568176,0.018449507653713226,1.0464731454849243,0.8097410202026367
z0y528x144,9,A,True,100,1.9462648630142212,3.141751527786255,0.041724737733602524,10.061335563659668,1.9625649452209473,-1.045898199081421,0.02264709584414959,0.0805966854095459,1.1592028141021729
z0y528x144,9,A,True,150,1.7454047203063965,4.088418483734131,0.09261617064476013,10.117667198181152,1.8137338161468506,-0.897067129611969,0.05671485513448715,0.2008601427078247,1.6515188217163086
z0y528x144,9,A,True,200,1.2345993518829346,5.196120738983154,0.1736370325088501,10.239705085754395,1.3445390462875366,-0.42787235975265503,0.08560378104448318,0.5108053684234619,1.9821686744689941
z0y528x144,9,A,True,250,0.8465436697006226,6.053650379180908,0.22625719010829926,10.320167541503906,1.0276046991348267,-0.11093801259994507,0.06531956046819687,0.388055682182312,1.7882823944091797
z0y528x144,9,A,True,300,0.7619585990905762,6.566215515136719,0.250407338142395,10.363886833190918,0.9853177070617676,-0.06865102052688599,0.04091415926814079,0.08458507061004639,1.245666265487671
z0y528x144,9,A,True,350,0.6668190360069275,6.90991735458374,0.26198726892471313,10.385537147521973,0.9165660738945007,0.00010061264038085938,0.02201973833143711,0.09513956308364868,0.8604074120521545
z0y528x144,9,A,True,400,0.6080084443092346,7.147218704223633,0.26683589816093445,10.396720886230469,0.890320360660553,0.026346325874328613,0.009319220669567585,0.05881059169769287,0.5325598120689392
z0y528x144,9,A,True,450,0.5994056463241577,7.341693878173828,0.27072396874427795,10.405264854431152,0.9018699526786804,0.014796733856201172,0.0073766401037573814,0.008602797985076904,0.4855925738811493
z0y528x144,9,A,True,500,0.5447655916213989,7.472850799560547,0.2740776538848877,10.413614273071289,0.8627400994300842,0.05392658710479736,0.004434583708643913,0.05464005470275879,0.3382069766521454
z0y528x144,9,A,True,550,0.5202077627182007,7.5850372314453125,0.2762935757637024,10.418208122253418,0.8566378951072693,0.060028791427612305,0.002234517363831401,0.024557828903198242,0.33149418234825134
z0y528x144,9,A,True,600,0.51613849401474,7.6970086097717285,0.27681469917297363,10.42223834991455,0.866168737411499,0.05049794912338257,0.002364435466006398,0.004069268703460693,0.41202113032341003
z0y528x144,9,A,True,650,0.49641624093055725,7.805216312408447,0.2771901488304138,10.42757797241211,0.8711854815483093,0.045481204986572266,0.0023092501796782017,0.01972225308418274,0.38962581753730774
z0y528x144,9,A,True,700,0.4669426679611206,7.898045063018799,0.2754269540309906,10.430761337280273,0.8537509441375732,0.06291574239730835,0.004522623959928751,0.029473572969436646,0.45538607239723206
z0y528x144,9,A,True,750,0.4792744815349579,8.013725280761719,0.2777796983718872,10.438435554504395,0.8883526921272278,0.02831399440765381,0.011359748430550098,0.01233181357383728,0.43712303042411804
z0y528x144,9,A,True,800,0.4605112075805664,8.12697696685791,0.2796779274940491,10.446104049682617,0.874169111251831,0.04249757528305054,0.008038048632442951,0.01876327395439148,0.4815075397491455
z0y528x144,9,A,True,850,0.43941736221313477,8.25013256072998,0.28646671772003174,10.46058464050293,0.8697683215141296,0.04689836502075195,0.02221805416047573,0.02109384536743164,0.44945797324180603
z0y528x144,9,A,True,900,0.42747101187705994,8.402140617370605,0.29295819997787476,10.47234058380127,0.8602817058563232,0.05638498067855835,0.01842956617474556,0.011946350336074829,0.4908759295940399
z0y528x144,9,A,True,950,0.42394381761550903,8.570450782775879,0.30009037256240845,10.484922409057617,0.8812153339385986,0.03545135259628296,0.016302822157740593,0.0035271942615509033,0.501074492931366
z0y528x144,9,A,True,1000,0.4367484152317047,8.790395736694336,0.309346079826355,10.497395515441895,0.9058258533477783,0.010840833187103271,0.020088817924261093,0.012804597616195679,0.6214509606361389
z0y528x144,9,A,True,1050,0.406169056892395,8.996430397033691,0.3229212462902069,10.513198852539062,0.8888354301452637,0.02783125638961792,0.02304212749004364,0.030579358339309692,0.5752060413360596
z0y528x144,9,A,True,1100,0.39845433831214905,9.221555709838867,0.33820706605911255,10.531018257141113,0.8898415565490723,0.026825129985809326,0.02292424440383911,0.007714718580245972,0.6000394225120544
z0y528x144,9,A,True,1150,0.3943288028240204,9.41323471069336,0.35838237404823303,10.549270629882812,0.9011590480804443,0.015507638454437256,0.03066885471343994,0.004125535488128662,0.5196407437324524
z0y528x144,9,A,True,1200,0.3864259421825409,9.666363716125488,0.3831292688846588,10.571372032165527,0.900985836982727,0.01568084955215454,0.0353551059961319,0.007902860641479492,0.6608413457870483
z0y528x144,9,A,True,1250,0.37521064281463623,9.906485557556152,0.4058332145214081,10.590384483337402,0.8867621421813965,0.029904544353485107,0.030515441671013832,0.011215299367904663,0.6443732976913452
z0y528x144,9,A,True,1300,0.37893861532211304,10.21609115600586,0.4305991232395172,10.609731674194336,0.8932381868362427,0.023428499698638916,0.03197505325078964,0.0037279725074768066,0.7107471823692322
z0y528x144,9,A,True,1350,0.38782522082328796,10.463932991027832,0.4623294174671173,10.631982803344727,0.9241195917129517,-0.007452905178070068,0.04043034464120865,0.008886605501174927,0.5852495431900024
z0y528x144,9,A,True,1400,0.36941808462142944,10.712108612060547,0.4888854920864105,10.652079582214355,0.9044487476348877,0.012217938899993896,0.03177497908473015,0.01840713620185852,0.611477792263031
z0y528x144,9,A,True,1450,0.37197762727737427,10.965987205505371,0.5303069353103638,10.678450584411621,0.9064745903015137,0.01019209623336792,0.04945065826177597,0.0025595426559448242,0.6233081817626953
z0y528x144,9,A,True,1500,0.35127684473991394,11.192797660827637,0.5608412027359009,10.69736385345459,0.8715465664863586,0.04512012004852295,0.03615191578865051,0.020700782537460327,0.5153724551200867
z0y528x144,9,A,True,1550,0.3759162724018097,11.414451599121094,0.5973548293113708,10.721345901489258,0.9232368469238281,-0.006570160388946533,0.0418001227080822,0.024639427661895752,0.4999006986618042
z0y528x144,9,A,True,1600,0.34804344177246094,11.597801208496094,0.6224076151847839,10.736910820007324,0.880387544631958,0.036279141902923584,0.028447246178984642,0.027872830629348755,0.4576154947280884
z0y528x144,9,A,True,1650,0.35844480991363525,11.792191505432129,0.6505398750305176,10.753724098205566,0.9072790145874023,0.009387671947479248,0.031495027244091034,0.010401368141174316,0.4414093792438507
z0y528x144,9,A,True,1700,0.3332109749317169,11.964886665344238,0.6702996492385864,10.766793251037598,0.8809151649475098,0.035751521587371826,0.021693505346775055,0.025233834981918335,0.4072217345237732
z0y528x144,9,A,True,1750,0.33386895060539246,12.159331321716309,0.6865640878677368,10.779936790466309,0.8824536800384521,0.03421300649642944,0.01749565824866295,0.0006579756736755371,0.4460453987121582
z0y528x144,9,A,True,1800,0.34707069396972656,12.334602355957031,0.7067134976387024,10.791888236999512,0.9099656343460083,0.006701052188873291,0.022718185558915138,0.013201743364334106,0.39429882168769836
z0y528x144,9,A,True,1850,0.33071157336235046,12.499618530273438,0.7260690331459045,10.801836967468262,0.8962304592132568,0.020436227321624756,0.021494511514902115,0.0163591206073761,0.3994734287261963
z0y528x144,9,A,True,1900,0.31660908460617065,12.643038749694824,0.7369126677513123,10.809338569641113,0.881287693977356,0.035378992557525635,0.011693227104842663,0.01410248875617981,0.3503056764602661
z0y528x144,9,A,True,1950,0.31656572222709656,12.761473655700684,0.7584797143936157,10.819723129272461,0.8699893951416016,0.04667729139328003,0.023201895877718925,4.336237907409668e-05,0.2816259562969208
z0y528x144,9,A,True,2000,0.3242242634296417,12.805283546447754,0.7730002403259277,10.82694149017334,0.8766912817955017,0.03997540473937988,0.015377718955278397,0.007658541202545166,0.09372162818908691
z0y528x144,9,A,True,2050,0.3259931802749634,12.918793678283691,0.7825025916099548,10.832531929016113,0.8793032765388489,0.037363409996032715,0.010196984745562077,0.0017689168453216553,0.2577773332595825
z0y528x144,9,A,True,2100,0.3300480544567108,13.009310722351074,0.7944435477256775,10.838119506835938,0.8719195127487183,0.04474717378616333,0.012950140051543713,0.0040548741817474365,0.20584556460380554
z0y528x144,9,A,True,2150,0.33153054118156433,13.066177368164062,0.7991698384284973,10.83884048461914,0.8749070167541504,0.0417596697807312,0.0062742773443460464,0.0014824867248535156,0.1831197291612625
z0y528x144,9,A,True,2200,0.3079043924808502,13.063457489013672,0.8169782757759094,10.84865665435791,0.8586165904998779,0.05805009603500366,0.01900428906083107,0.02362614870071411,0.16479915380477905
z0y528x144,9,A,True,2250,0.3258691728115082,13.126519203186035,0.8381646275520325,10.855586051940918,0.8698115348815918,0.046855151653289795,0.023179449141025543,0.01796478033065796,0.12664805352687836
z0y528x144,9,A,True,2300,0.325099915266037,13.241616249084473,0.851017951965332,10.862870216369629,0.8861827850341797,0.030483901500701904,0.013738087378442287,0.0007692575454711914,0.24295231699943542
z0y528x144,9,A,True,2350,0.35364800691604614,13.336405754089355,0.8556764721870422,10.8635892868042,0.8979853391647339,0.018681347370147705,0.005777477286756039,0.028548091650009155,0.24193400144577026
z0y528x144,9,A,True,2400,0.3237331807613373,13.342991828918457,0.8635447025299072,10.867903709411621,0.872234046459198,0.044432640075683594,0.008645936846733093,0.029914826154708862,0.13554804027080536
z0y528x144,9,A,True,2450,0.3222421109676361,13.322013854980469,0.8820691704750061,10.874011993408203,0.8729010820388794,0.0437656044960022,0.020022673532366753,0.0014910697937011719,0.23669613897800446
z0y528x144,9,A,True,2500,0.33063483238220215,13.378509521484375,0.8929027318954468,10.878052711486816,0.867200493812561,0.04946619272232056,0.012082047760486603,0.00839272141456604,0.14217917621135712
z0y528x144,9,A,True,2550,0.33814772963523865,13.400787353515625,0.9082632660865784,10.8870267868042,0.8813415169715881,0.03532516956329346,0.016032738611102104,0.007512897253036499,0.06279268860816956
z0y528x144,9,A,True,2600,0.3185867965221405,13.490767478942871,0.8996759057044983,10.880207061767578,0.8576713800430298,0.05899530649185181,0.010299007408320904,0.019560933113098145,0.18051396310329437
z0y528x144,9,A,True,2650,0.35257667303085327,13.564502716064453,0.9008769989013672,10.879130363464355,0.8845074772834778,0.03215920925140381,0.002221772214397788,0.03398987650871277,0.21414978802204132
z0y528x144,9,A,True,2700,0.3355960249900818,13.6437406539917,0.895484983921051,10.874371528625488,0.8715679049491882,0.04509878158569336,0.006597514264285564,0.016980648040771484,0.3365160822868347
z0y528x144,9,A,True,2750,0.3327307403087616,13.605895042419434,0.9014909863471985,10.875898361206055,0.879517674446106,0.037149012088775635,0.0063476343639194965,0.0028652846813201904,0.06858580559492111
z0y528x144,9,A,True,2800,0.33101189136505127,13.687240600585938,0.9161426424980164,10.882270812988281,0.859246551990509,0.05742013454437256,0.01534619927406311,0.0017188489437103271,0.22916999459266663
z0y528x144,9,A,True,2850,0.33261868357658386,13.64542293548584,0.9336093664169312,10.88747501373291,0.870878279209137,0.04578840732574463,0.019210631027817726,0.0016067922115325928,0.12093599885702133
z0y528x144,9,A,True,2900,0.31420379877090454,13.647309303283691,0.9428389072418213,10.889358520507812,0.8574110865592957,0.05925559997558594,0.009830285795032978,0.01841488480567932,0.14778922498226166
z0y528x144,9,A,True,2950,0.33305424451828003,13.710993766784668,0.9412482976913452,10.881464004516602,0.8652805089950562,0.05138617753982544,0.002796214772388339,0.01885044574737549,0.17498189210891724
z0y528x144,9,A,True,2999,0.3241720497608185,13.685593605041504,0.9374704360961914,10.876795768737793,0.8555155396461487,0.06115114688873291,0.0056789531372487545,0.008882194757461548,0.05158616974949837
z0y528x144,10,A,True,0,0.8033545613288879,2.009986400604248,0.00271885609254241,16.852067947387695,0.8033538460731506,0.12442392110824585,0.00271885609254241,0.027022182941436768,0.017297064885497093
z0y528x144,10,A,True,50,1.7936872243881226,2.3875668048858643,0.05447700247168541,16.89073371887207,1.7932192087173462,-0.8654414415359497,0.0537862703204155,0.9903326630592346,0.6542036533355713
z0y528x144,10,A,True,100,2.1612601280212402,2.9490721225738525,0.1079505905508995,16.87566566467285,2.1598126888275146,-1.2320349216461182,0.058787401765584946,0.3675729036331177,0.97269207239151
z0y528x144,10,A,True,150,2.001120090484619,3.8324177265167236,0.1739361733198166,16.862060546875,2.003415107727051,-1.0756373405456543,0.06645983457565308,0.1601400375366211,1.5497373342514038
z0y528x144,10,A,True,200,1.3080856800079346,4.826035976409912,0.23864179849624634,16.891889572143555,1.4055653810501099,-0.4777876138687134,0.07718119770288467,0.6930344104766846,1.7680859565734863
z0y528x144,10,A,True,250,0.9941421151161194,5.451402187347412,0.2828543782234192,16.974763870239258,1.21211838722229,-0.28434062004089355,0.07276062667369843,0.3139435648918152,1.3460543155670166
z0y528x144,10,A,True,300,0.890479564666748,5.999440670013428,0.3204328417778015,17.042741775512695,1.1455068588256836,-0.2177290916442871,0.06146401911973953,0.10366255044937134,1.3264950513839722
z0y528x144,10,A,True,350,0.6916574835777283,6.4002909660339355,0.34475624561309814,17.08837890625,0.9696194529533386,-0.04184168577194214,0.04180890694260597,0.19882208108901978,1.0150270462036133
z0y528x144,10,A,True,400,0.6686986088752747,6.729329586029053,0.3617408573627472,17.125656127929688,0.9542374014854431,-0.02645963430404663,0.03116210550069809,0.022958874702453613,0.7987326383590698
z0y528x144,10,A,True,450,0.5750884413719177,6.955966472625732,0.3728959262371063,17.15550994873047,0.8778238892555237,0.0499538779258728,0.024383915588259697,0.09361016750335693,0.5378232002258301
z0y528x144,10,A,True,500,0.5459026098251343,7.142288684844971,0.3828566372394562,17.17852020263672,0.8545224666595459,0.07325530052185059,0.021468188613653183,0.029185831546783447,0.4373411238193512
z0y528x144,10,A,True,550,0.541886031627655,7.294267654418945,0.3908444046974182,17.198774337768555,0.8672816157341003,0.06049615144729614,0.01926853321492672,0.004016578197479248,0.32611018419265747
z0y528x144,10,A,True,600,0.5152176022529602,7.420986175537109,0.3984542489051819,17.217870712280273,0.8472545146942139,0.08052325248718262,0.020535694435238838,0.026668429374694824,0.2665356695652008
z0y528x144,10,A,True,650,0.4915875196456909,7.525293827056885,0.4049052298069,17.238872528076172,0.8290243148803711,0.09875345230102539,0.01818462647497654,0.023630082607269287,0.2299046665430069
z0y528x144,10,A,True,700,0.4726214110851288,7.629100799560547,0.4110463857650757,17.255603790283203,0.8149131536483765,0.11286461353302002,0.01649469882249832,0.018966108560562134,0.24552717804908752
z0y528x144,10,A,True,750,0.5151670575141907,7.737094879150391,0.4170171916484833,17.268163681030273,0.8745231628417969,0.05325460433959961,0.014530515298247337,0.04254564642906189,0.24912409484386444
z0y528x144,10,A,True,800,0.5038384199142456,7.793735504150391,0.4236733317375183,17.291391372680664,0.8663803339004517,0.061397433280944824,0.020502714440226555,0.011328637599945068,0.22711537778377533
z0y528x144,10,A,True,850,0.44307443499565125,7.869445323944092,0.4290997385978699,17.30787467956543,0.8065962791442871,0.12118148803710938,0.016888577491044998,0.06076398491859436,0.19825495779514313
z0y528x144,10,A,True,900,0.42078694701194763,7.930212497711182,0.43517670035362244,17.323354721069336,0.7834639549255371,0.14431381225585938,0.015827536582946777,0.022287487983703613,0.19033266603946686
z0y528x144,10,A,True,950,0.42379438877105713,8.003628730773926,0.44095268845558167,17.335752487182617,0.7908127307891846,0.13696503639221191,0.015061809681355953,0.003007441759109497,0.18647004663944244
z0y528x144,10,A,True,1000,0.4285446107387543,8.067183494567871,0.4449155330657959,17.347185134887695,0.8076481223106384,0.12012964487075806,0.013144245371222496,0.0047502219676971436,0.17246486246585846
z0y528x144,10,A,True,1050,0.4332270324230194,8.114449501037598,0.4501281976699829,17.359453201293945,0.8080971837043762,0.11968058347702026,0.014689430594444275,0.004682421684265137,0.2041768729686737
z0y528x144,10,A,True,1100,0.41292494535446167,8.1276273727417,0.45465606451034546,17.36898422241211,0.8010576367378235,0.126720130443573,0.01169474795460701,0.02030208706855774,0.13832277059555054
z0y528x144,10,A,True,1150,0.4282676875591278,8.17547607421875,0.45872431993484497,17.373117446899414,0.8164331912994385,0.11134457588195801,0.00919477641582489,0.015342742204666138,0.1725948005914688
z0y528x144,10,A,True,1200,0.40421727299690247,8.198641777038574,0.46323448419570923,17.385395050048828,0.8008920550346375,0.12688571214675903,0.015229751355946064,0.024050414562225342,0.16564132273197174
z0y528x144,10,A,True,1250,0.3999568819999695,8.239850044250488,0.4678463041782379,17.39505386352539,0.7952010631561279,0.13257670402526855,0.012619772925972939,0.004260390996932983,0.16091865301132202
z0y528x144,10,A,True,1300,0.39045336842536926,8.286048889160156,0.4695986807346344,17.39769172668457,0.7990418672561646,0.12873589992523193,0.005147472955286503,0.00950351357460022,0.1073615550994873
z0y528x144,10,A,True,1350,0.38304436206817627,8.325843811035156,0.47185319662094116,17.403247833251953,0.7953024506568909,0.13247531652450562,0.00651701632887125,0.007409006357192993,0.12803062796592712
z0y528x144,10,A,True,1400,0.39690420031547546,8.350029945373535,0.4745637774467468,17.407371520996094,0.7909514904022217,0.1368262767791748,0.008401840925216675,0.013859838247299194,0.10038138926029205
z0y528x144,10,A,True,1450,0.36130794882774353,8.40954875946045,0.47732576727867126,17.413793563842773,0.7676981091499329,0.16007965803146362,0.008282477967441082,0.035596251487731934,0.13172383606433868
z0y528x144,10,A,True,1500,0.3437095880508423,8.435152053833008,0.4831979274749756,17.423858642578125,0.7461594939231873,0.18161827325820923,0.013758012093603611,0.017598360776901245,0.13141167163848877
z0y528x144,10,A,True,1550,0.3671848773956299,8.477622032165527,0.4860949218273163,17.428733825683594,0.782864511013031,0.14491325616836548,0.007926012389361858,0.023475289344787598,0.13347701728343964
z0y528x144,10,A,True,1600,0.35950812697410583,8.521151542663574,0.4901870787143707,17.435483932495117,0.7745027542114258,0.1532750129699707,0.011183914728462696,0.007676750421524048,0.13981115818023682
z0y528x144,10,A,True,1650,0.33574923872947693,8.550415992736816,0.493569940328598,17.442790985107422,0.7617785930633545,0.165999174118042,0.007911994121968746,0.023758888244628906,0.11445515602827072
z0y528x144,10,A,True,1700,0.3295586109161377,8.590811729431152,0.4970076084136963,17.448837280273438,0.7597835063934326,0.16799426078796387,0.007657818496227264,0.006190627813339233,0.1247367188334465
z0y528x144,10,A,True,1750,0.33964505791664124,8.63106918334961,0.4997319281101227,17.45113182067871,0.7674236297607422,0.1603541374206543,0.005822696723043919,0.01008644700050354,0.08213561773300171
z0y528x144,10,A,True,1800,0.32360345125198364,8.653843879699707,0.503318190574646,17.460474014282227,0.7498823404312134,0.1778954267501831,0.012033759616315365,0.016041606664657593,0.1378023475408554
z0y528x144,10,A,True,1850,0.33418047428131104,8.702864646911621,0.5069344639778137,17.465898513793945,0.7661541700363159,0.16162359714508057,0.009756622835993767,0.010577023029327393,0.13501395285129547
z0y528x144,10,A,True,1900,0.33153852820396423,8.744196891784668,0.5102386474609375,17.47056770324707,0.7624773979187012,0.1653003692626953,0.009181019850075245,0.0026419460773468018,0.09542645514011383
z0y528x144,10,A,True,1950,0.3424180746078491,8.766467094421387,0.5132920742034912,17.47453498840332,0.7782579660415649,0.14951980113983154,0.009418269619345665,0.010879546403884888,0.09505411237478256
z0y528x144,10,A,True,2000,0.30963361263275146,8.793163299560547,0.5171442627906799,17.479814529418945,0.754219651222229,0.17355811595916748,0.008575614541769028,0.032784461975097656,0.10325074195861816
z0y528x144,10,A,True,2050,0.3065548837184906,8.802024841308594,0.5224253535270691,17.48724365234375,0.744011640548706,0.18376612663269043,0.011921636760234833,0.0030787289142608643,0.08886339515447617
z0y528x144,10,A,True,2100,0.3169110119342804,8.832213401794434,0.5254085063934326,17.491069793701172,0.7642096281051636,0.1635681390762329,0.008772305212914944,0.010356128215789795,0.09972770512104034
z0y528x144,10,A,True,2150,0.33746349811553955,8.890030860900879,0.5283372402191162,17.49324607849121,0.7774195671081543,0.1503582000732422,0.008030736818909645,0.020552486181259155,0.13464614748954773
z0y528x144,10,A,True,2200,0.3051881194114685,8.880940437316895,0.5313571095466614,17.50022315979004,0.7408822774887085,0.186895489692688,0.007927373051643372,0.032275378704071045,0.09248552471399307
z0y528x144,10,A,True,2250,0.3162752091884613,8.930153846740723,0.5341145396232605,17.501840591430664,0.7567079663276672,0.17106980085372925,0.00755741260945797,0.011087089776992798,0.08551386743783951
z0y528x144,10,A,True,2300,0.2906177341938019,8.96057415008545,0.5357901453971863,17.503459930419922,0.742462158203125,0.18531560897827148,0.0044275131076574326,0.025657474994659424,0.14352741837501526
z0y528x144,10,A,True,2350,0.30964598059654236,8.97495174407959,0.5388754606246948,17.505189895629883,0.7500588893890381,0.1777188777923584,0.006264611147344112,0.01902824640274048,0.14557036757469177
z0y528x144,10,A,True,2400,0.30419492721557617,9.015445709228516,0.540665328502655,17.50811767578125,0.7505638003349304,0.17721396684646606,0.006654875818639994,0.0054510533809661865,0.0906192734837532
z0y528x144,10,A,True,2450,0.3124929964542389,9.0474214553833,0.5447632074356079,17.5113525390625,0.764729380607605,0.1630483865737915,0.007137618958950043,0.00829806923866272,0.11749394237995148
z0y528x144,10,A,True,2500,0.3044283390045166,9.048345565795898,0.5491380095481873,17.519771575927734,0.7728765606880188,0.15490120649337769,0.008904388174414635,0.00806465744972229,0.15084372460842133
z0y528x144,10,A,True,2550,0.2793639600276947,9.063982963562012,0.5515596866607666,17.521888732910156,0.7296687960624695,0.198108971118927,0.006924067623913288,0.0250643789768219,0.07571925967931747
z0y528x144,10,A,True,2600,0.2917224168777466,9.103774070739746,0.5553455948829651,17.525177001953125,0.7526973485946655,0.17508041858673096,0.009278031066060066,0.01235845685005188,0.08552735298871994
z0y528x144,10,A,True,2650,0.279750257730484,9.107438087463379,0.5576262474060059,17.528825759887695,0.7327636480331421,0.1950141191482544,0.006079188082367182,0.011972159147262573,0.09042487293481827
z0y528x144,10,A,True,2700,0.3125181794166565,9.147067070007324,0.5597224235534668,17.528854370117188,0.7701555490493774,0.15762221813201904,0.005157493054866791,0.032767921686172485,0.13419990241527557
z0y528x144,10,A,True,2750,0.2822728455066681,9.156925201416016,0.5634522438049316,17.53384017944336,0.7486765384674072,0.17910122871398926,0.007263663690537214,0.030245333909988403,0.0801512822508812
z0y528x144,10,A,True,2800,0.3053291141986847,9.145233154296875,0.5646546483039856,17.533367156982422,0.7608463764190674,0.1669313907623291,0.0030595134012401104,0.0230562686920166,0.07462391257286072
z0y528x144,10,A,True,2850,0.28439950942993164,9.183794975280762,0.5687561631202698,17.535287857055664,0.756615400314331,0.17116236686706543,0.007249404676258564,0.020929604768753052,0.11600596457719803
z0y528x144,10,A,True,2900,0.2915266752243042,9.226973533630371,0.5718270540237427,17.53779411315918,0.7566622495651245,0.17111551761627197,0.0064980341121554375,0.007127165794372559,0.1742582619190216
z0y528x144,10,A,True,2950,0.28685539960861206,9.201801300048828,0.578257143497467,17.541635513305664,0.7464097738265991,0.18136799335479736,0.009740842506289482,0.004671275615692139,0.04992075636982918
z0y528x144,10,A,True,2999,0.28605812788009644,9.235610008239746,0.5801380276679993,17.544696807861328,0.7602711319923401,0.1675066351890564,0.004208310041576624,0.000797271728515625,0.10583741962909698
z0y528x144,11,A,True,0,0.7902848124504089,2.010023355484009,0.0027442604769021273,3.2087223529815674,1.0269873142242432,-0.18809843063354492,0.0027442604769021273,0.026988625526428223,0.017361098900437355
z0y528x144,11,A,True,50,1.1871429681777954,2.4047486782073975,0.0501042902469635,3.2843735218048096,1.6115455627441406,-0.7726566791534424,0.050638921558856964,0.3968581557273865,0.6840173602104187
z0y528x144,11,A,True,100,1.128048300743103,2.8901920318603516,0.10608212649822235,3.3983566761016846,1.6659502983093262,-0.8270614147186279,0.05763717740774155,0.05909466743469238,0.8634579181671143
z0y528x144,11,A,True,150,1.058098316192627,3.572848081588745,0.16287975013256073,3.5052974224090576,1.6332606077194214,-0.7943717241287231,0.058308012783527374,0.06994998455047607,1.262128233909607
z0y528x144,11,A,True,200,0.7381008863449097,4.327402591705322,0.22416916489601135,3.589127540588379,1.227778434753418,-0.3888895511627197,0.09009215980768204,0.3199974298477173,1.592044472694397
z0y528x144,11,A,True,250,0.7155303359031677,4.923513412475586,0.26741400361061096,3.619338274002075,1.1612653732299805,-0.3223764896392822,0.0625256821513176,0.022570550441741943,1.2615536451339722
z0y528x144,11,A,True,300,0.606256902217865,5.3482489585876465,0.29593056440353394,3.6329386234283447,1.0610289573669434,-0.22214007377624512,0.040682222694158554,0.10927343368530273,0.9447105526924133
z0y528x144,11,A,True,350,0.5097949504852295,5.634593963623047,0.3127332627773285,3.638981580734253,0.9922471046447754,-0.15335822105407715,0.025566130876541138,0.0964619517326355,0.5988016128540039
z0y528x144,11,A,True,400,0.45273205637931824,5.8523101806640625,0.32137611508369446,3.6412620544433594,0.9457118511199951,-0.10682296752929688,0.01369510404765606,0.057062894105911255,0.48633843660354614
z0y528x144,11,A,True,450,0.44841158390045166,6.097137451171875,0.3331974744796753,3.6444787979125977,0.946134626865387,-0.10724574327468872,0.019717233255505562,0.004320472478866577,0.5017555356025696
z0y528x144,11,A,True,500,0.4437197148799896,6.345484256744385,0.34202584624290466,3.644880771636963,0.9500382542610168,-0.1111493706703186,0.015911636874079704,0.004691869020462036,0.5275583863258362
z0y528x144,11,A,True,550,0.39104601740837097,6.564321041107178,0.35098835825920105,3.643004894256592,0.8958269357681274,-0.0569380521774292,0.01860971376299858,0.05267369747161865,0.4870278537273407
z0y528x144,11,A,True,600,0.3827688992023468,6.747884750366211,0.3609709143638611,3.642066478729248,0.8836565613746643,-0.044767677783966064,0.01812301203608513,0.00827711820602417,0.43099263310432434
z0y528x144,11,A,True,650,0.3732990324497223,6.982602596282959,0.3742985427379608,3.6415302753448486,0.8750214576721191,-0.0361325740814209,0.02364274673163891,0.009469866752624512,0.5338636636734009
z0y528x144,11,A,True,700,0.3676391839981079,7.180902004241943,0.384284108877182,3.642200469970703,0.8644418120384216,-0.02555292844772339,0.015202350914478302,0.00565984845161438,0.5169663429260254
z0y528x144,11,A,True,750,0.3870616853237152,7.427120208740234,0.3974520266056061,3.637505292892456,0.8865744471549988,-0.04768556356430054,0.024108078330755234,0.0194225013256073,0.5693381428718567
z0y528x144,11,A,True,800,0.35898447036743164,7.631582260131836,0.41074424982070923,3.633610486984253,0.8470123410224915,-0.008123457431793213,0.022484343498945236,0.02807721495628357,0.5076273679733276
z0y528x144,11,A,True,850,0.35446488857269287,7.824071407318115,0.4227963089942932,3.633072853088379,0.8420741558074951,-0.003185272216796875,0.01809360459446907,0.0045195817947387695,0.46532636880874634
z0y528x144,11,A,True,900,0.3414187431335449,7.988430023193359,0.43344712257385254,3.6294422149658203,0.8346840143203735,0.004204869270324707,0.017160559073090553,0.01304614543914795,0.36035653948783875
z0y528x144,11,A,True,950,0.3530491590499878,8.14779281616211,0.4437747001647949,3.6274237632751465,0.8503090143203735,-0.011420130729675293,0.015366283245384693,0.011630415916442871,0.394743412733078
z0y528x144,11,A,True,1000,0.33034372329711914,8.192891120910645,0.45924440026283264,3.6270198822021484,0.8250429630279541,0.01384592056274414,0.02177165262401104,0.022705435752868652,0.1767091304063797
z0y528x144,11,A,True,1050,0.3411951959133148,8.30351734161377,0.47076329588890076,3.6225745677948,0.8510804176330566,-0.012191534042358398,0.01760086603462696,0.010851472616195679,0.2435145080089569
z0y528x144,11,A,True,1100,0.34264513850212097,8.3319091796875,0.4844539761543274,3.6206870079040527,0.8480218052864075,-0.009132921695709229,0.018861353397369385,0.0014499425888061523,0.1611936390399933
z0y528x144,11,A,True,1150,0.3216664791107178,8.429390907287598,0.48929452896118164,3.620417356491089,0.8346020579338074,0.004286825656890869,0.006451618392020464,0.020978659391403198,0.17256897687911987
z0y528x144,11,A,True,1200,0.31838539242744446,8.411500930786133,0.5015074014663696,3.621361255645752,0.8307617902755737,0.008127093315124512,0.015546915121376514,0.0032810866832733154,0.08755121380090714
z0y528x144,11,A,True,1250,0.2953878343105316,8.389839172363281,0.5047028064727783,3.619338274002075,0.806260883808136,0.032627999782562256,0.005976788233965635,0.022997558116912842,0.09316612780094147
z0y528x144,11,A,True,1300,0.28078219294548035,8.437960624694824,0.5046955943107605,3.617043972015381,0.7962751388549805,0.04261374473571777,0.0032360595650970936,0.01460564136505127,0.08743533492088318
z0y528x144,11,A,True,1350,0.2851209044456482,8.40119743347168,0.5021976828575134,3.6182587146759033,0.8094586730003357,0.02943021059036255,0.0037138403858989477,0.004338711500167847,0.10104036331176758
z0y528x144,11,A,True,1400,0.27147945761680603,8.374524116516113,0.49879881739616394,3.6151535511016846,0.802183985710144,0.0367048978805542,0.0035120497923344374,0.013641446828842163,0.09455037117004395
z0y528x144,11,A,True,1450,0.27844178676605225,8.387335777282715,0.4966137707233429,3.6154236793518066,0.8012493252754211,0.0376395583152771,0.002723223762586713,0.006962329149246216,0.12379049509763718
z0y528x144,11,A,True,1500,0.2759888172149658,8.361372947692871,0.48759886622428894,3.6139378547668457,0.8313646912574768,0.0075241923332214355,0.010231387801468372,0.0024529695510864258,0.09861349314451218
z0y528x144,11,A,True,1550,0.26405012607574463,8.354519844055176,0.4796527326107025,3.6115050315856934,0.7951547503471375,0.04373413324356079,0.008312451653182507,0.011938691139221191,0.08691132068634033
z0y528x144,11,A,True,1600,0.273109495639801,8.365791320800781,0.4739825427532196,3.6104233264923096,0.807890772819519,0.0309981107711792,0.00641700578853488,0.009059369564056396,0.08972696214914322
z0y528x144,11,A,True,1650,0.2750938832759857,8.357684135437012,0.46486514806747437,3.608123540878296,0.8169471621513367,0.021941721439361572,0.010283594951033592,0.0019843876361846924,0.17257709801197052
z0y528x144,11,A,True,1700,0.2634243667125702,8.336808204650879,0.4570728540420532,3.6106936931610107,0.80259108543396,0.03629779815673828,0.010802150703966618,0.011669516563415527,0.0473417192697525
z0y528x144,11,A,True,1750,0.25048717856407166,8.275248527526855,0.44955340027809143,3.6075820922851562,0.7842104434967041,0.05467844009399414,0.007885775528848171,0.012937188148498535,0.19724763929843903
z0y528x144,11,A,True,1800,0.2544858753681183,8.316548347473145,0.44212180376052856,3.607717514038086,0.7955896258354187,0.04329925775527954,0.00945178885012865,0.003998696804046631,0.1522485315799713
z0y528x144,11,A,True,1850,0.2533484995365143,8.286843299865723,0.4340161979198456,3.6090705394744873,0.7940196394920349,0.04486924409866333,0.010627081617712975,0.001137375831604004,0.08061474561691284
z0y528x144,11,A,True,1900,0.25313669443130493,8.24794864654541,0.4239427149295807,3.6094765663146973,0.798912525177002,0.03997635841369629,0.013043319806456566,0.00021180510520935059,0.169208362698555
z0y528x144,11,A,True,1950,0.25393253564834595,8.361136436462402,0.4170752763748169,3.607988119125366,0.7872833013534546,0.05160558223724365,0.007527738343924284,0.0007958412170410156,0.21669454872608185
z0y528x144,11,A,True,2000,0.25310593843460083,8.432768821716309,0.4065462350845337,3.608799934387207,0.7926412224769592,0.046247661113739014,0.013818272389471531,0.0008265972137451172,0.150196373462677
z0y528x144,11,A,True,2050,0.24815987050533295,8.436402320861816,0.3954981565475464,3.6100175380706787,0.7904834151268005,0.048405468463897705,0.014809134416282177,0.004946067929267883,0.08774445950984955
z0y528x144,11,A,True,2100,0.25878822803497314,8.392027854919434,0.39024198055267334,3.609882354736328,0.7957983016967773,0.0430905818939209,0.006630422081798315,0.010628357529640198,0.2583974599838257
z0y528x144,11,A,True,2150,0.27047038078308105,8.385664939880371,0.38007107377052307,3.6094765663146973,0.8119019865989685,0.026986896991729736,0.013639300130307674,0.01168215274810791,0.032764188945293427
z0y528x144,11,A,True,2200,0.25918814539909363,8.454880714416504,0.3714998960494995,3.6094765663146973,0.7754309773445129,0.0634579062461853,0.010832907631993294,0.011282235383987427,0.1819591075181961
z0y528x144,11,A,True,2250,0.26217949390411377,8.526233673095703,0.35993409156799316,3.61055850982666,0.803718626499176,0.03517025709152222,0.016740906983613968,0.0029913485050201416,0.14330385625362396
z0y528x144,11,A,True,2300,0.24400000274181366,8.510510444641113,0.3525802791118622,3.609205961227417,0.7790845632553101,0.059804320335388184,0.009599434211850166,0.01817949116230011,0.07938800007104874
z0y528x144,11,A,True,2350,0.2257830798625946,8.53724193572998,0.3447214663028717,3.6097469329833984,0.7679244875907898,0.07096439599990845,0.011850051581859589,0.018216922879219055,0.1949644833803177
z0y528x144,11,A,True,2400,0.2343710958957672,8.600950241088867,0.33484843373298645,3.6108288764953613,0.7632253766059875,0.0756635069847107,0.015498237684369087,0.008588016033172607,0.11938613653182983
z0y528x144,11,A,True,2450,0.24166885018348694,8.598174095153809,0.32351967692375183,3.6117753982543945,0.7882531881332397,0.050635695457458496,0.01900669001042843,0.0072977542877197266,0.06806257367134094
z0y528x144,11,A,True,2500,0.24178317189216614,8.613673210144043,0.31497523188591003,3.6113698482513428,0.7778632044792175,0.06102567911148071,0.012964874505996704,0.00011432170867919922,0.09455561637878418
z0y528x144,11,A,True,2550,0.2338731735944748,8.583699226379395,0.30524447560310364,3.6127216815948486,0.7697571516036987,0.06913173198699951,0.018983766436576843,0.007909998297691345,0.08815902471542358
z0y528x144,11,A,True,2600,0.24157534539699554,8.685690879821777,0.2958526611328125,3.6156938076019287,0.7820202112197876,0.056868672370910645,0.020484471693634987,0.007702171802520752,0.20016944408416748
z0y528x144,11,A,True,2650,0.23269213736057281,8.681376457214355,0.29261401295661926,3.6187984943389893,0.7640933990478516,0.07479548454284668,0.01098668947815895,0.00888320803642273,0.027445537969470024
z0y528x144,11,A,True,2700,0.22797426581382751,8.667941093444824,0.2857890725135803,3.621361255645752,0.7705568671226501,0.0683320164680481,0.019945701584219933,0.0047178715467453,0.1976490616798401
z0y528x144,11,A,True,2750,0.23430675268173218,8.696051597595215,0.280525803565979,3.6233832836151123,0.7800015211105347,0.058887362480163574,0.014722716994583607,0.006332486867904663,0.09343474358320236
z0y528x144,11,A,True,2800,0.24434584379196167,8.638243675231934,0.27823784947395325,3.623922348022461,0.7799017429351807,0.05898714065551758,0.011164059862494469,0.010039091110229492,0.13161101937294006
z0y528x144,11,A,True,2850,0.236572265625,8.674675941467285,0.273605078458786,3.6228442192077637,0.788783073425293,0.05010581016540527,0.009706556797027588,0.00777357816696167,0.08662036061286926
z0y528x144,11,A,True,2900,0.22674599289894104,8.751317024230957,0.2719058692455292,3.62607741355896,0.7694942355155945,0.06939464807510376,0.015083469450473785,0.00982627272605896,0.1783101111650467
z0y528x144,11,A,True,2950,0.23261281847953796,8.838400840759277,0.27099668979644775,3.6274237632751465,0.7894014120101929,0.04948747158050537,0.007022006902843714,0.005866825580596924,0.17121709883213043
z0y528x144,11,A,True,2999,0.22730351984500885,8.761947631835938,0.27103567123413086,3.632132053375244,0.7710185050964355,0.0678703784942627,0.018309852108359337,0.005309298634529114,0.1707153171300888
z0y528x144,12,A,False,0,0.7819857597351074,2.010023593902588,0.0027728441637009382,7.484945774078369,0.7822732925415039,-0.026717722415924072,0.0027728441637009382,0.02680414915084839,0.01736137457191944
z0y528x144,12,A,False,50,1.8652855157852173,2.48153018951416,0.011542106978595257,7.440913200378418,1.8719671964645386,-1.1164116859436035,0.009326513856649399,1.0832997560501099,0.8190168142318726
z0y528x144,12,A,False,100,1.8782622814178467,3.2074813842773438,0.059405386447906494,7.490423679351807,1.8885592222213745,-1.1330037117004395,0.05304554104804993,0.012976765632629395,1.264481544494629
z0y528x144,12,A,False,150,1.5219632387161255,4.171674728393555,0.10685425996780396,7.546146869659424,1.542214035987854,-0.7866584658622742,0.04794514551758766,0.3562990427017212,1.7248696088790894
z0y528x144,12,A,False,200,1.3030811548233032,5.260801792144775,0.11129173636436462,7.547764778137207,1.385032296180725,-0.6294767260551453,0.02342062257230282,0.21888208389282227,2.059486150741577
z0y528x144,12,A,False,250,0.970553457736969,6.107750415802002,0.09445590525865555,7.52379035949707,1.0834909677505493,-0.3279353976249695,0.0380280427634716,0.33252769708633423,1.7254887819290161
z0y528x144,12,A,False,300,0.7900316119194031,6.550290584564209,0.09152037650346756,7.514049530029297,0.9734868407249451,-0.21793127059936523,0.02338492125272751,0.18052184581756592,0.9229789972305298
z0y528x144,12,A,False,350,0.6542988419532776,6.827847003936768,0.08977360278367996,7.526710033416748,0.8837069869041443,-0.12815141677856445,0.013557247817516327,0.1357327699661255,0.530284583568573
z0y528x144,12,A,False,400,0.6066011786460876,7.005469799041748,0.0948108583688736,7.542911052703857,0.8658303022384644,-0.11027473211288452,0.013293713331222534,0.04769766330718994,0.3724086880683899
z0y528x144,12,A,False,450,0.5657311081886292,7.179518222808838,0.09739325940608978,7.551515579223633,0.8285137414932251,-0.07295817136764526,0.011830554343760014,0.040870070457458496,0.34863221645355225
z0y528x144,12,A,False,500,0.5907360315322876,7.312963485717773,0.10109640657901764,7.557203769683838,0.8580192923545837,-0.1024637222290039,0.007801462430506945,0.025004923343658447,0.2923893928527832
z0y528x144,12,A,False,550,0.5546112656593323,7.480355739593506,0.10569790750741959,7.566179275512695,0.8357934951782227,-0.08023792505264282,0.007061812561005354,0.03612476587295532,0.3529224991798401
z0y528x144,12,A,False,600,0.5446012616157532,7.60336446762085,0.10804123431444168,7.574177265167236,0.8327487707138062,-0.07719320058822632,0.0060197277925908566,0.010010004043579102,0.2840529680252075
z0y528x144,12,A,False,650,0.5189612507820129,7.744533061981201,0.11052855104207993,7.581716060638428,0.8180054426193237,-0.062449872493743896,0.005831418093293905,0.025640010833740234,0.3521176874637604
z0y528x144,12,A,False,700,0.49810442328453064,7.891521453857422,0.11188913136720657,7.589118957519531,0.7995309233665466,-0.0439753532409668,0.004553881008177996,0.0208568274974823,0.310863196849823
z0y528x144,12,A,False,750,0.5074869990348816,8.049875259399414,0.11353916674852371,7.596064567565918,0.8221186399459839,-0.06656306982040405,0.004182279109954834,0.009382575750350952,0.31509798765182495
z0y528x144,12,A,False,800,0.4654877483844757,8.145626068115234,0.11721614748239517,7.603132247924805,0.7851952910423279,-0.029639720916748047,0.006532695610076189,0.041999250650405884,0.23501577973365784
z0y528x144,12,A,False,850,0.4748520255088806,8.26821231842041,0.11791867762804031,7.608011245727539,0.8095924258232117,-0.054036855697631836,0.005029960069805384,0.009364277124404907,0.2927160859107971
z0y528x144,12,A,False,900,0.4464629590511322,8.359824180603027,0.11798887699842453,7.612246036529541,0.7833682298660278,-0.027812659740447998,0.005458138417452574,0.028389066457748413,0.20178738236427307
z0y528x144,12,A,False,950,0.4727926254272461,8.452031135559082,0.11758165061473846,7.617952823638916,0.822131872177124,-0.06657630205154419,0.009600168094038963,0.02632966637611389,0.18303045630455017
z0y528x144,12,A,False,1000,0.4513969421386719,8.562350273132324,0.11591444909572601,7.6215410232543945,0.8033179640769958,-0.047762393951416016,0.005326957907527685,0.02139568328857422,0.31978949904441833
z0y528x144,12,A,False,1050,0.44506531953811646,8.680834770202637,0.11446362733840942,7.622886657714844,0.8085405230522156,-0.05298495292663574,0.002473442116752267,0.00633162260055542,0.24112603068351746
z0y528x144,12,A,False,1100,0.4169214367866516,8.7283296585083,0.11231740564107895,7.625640392303467,0.7836380004882812,-0.028082430362701416,0.006701636128127575,0.028143882751464844,0.1419699341058731
z0y528x144,12,A,False,1150,0.42698898911476135,8.844144821166992,0.11161874234676361,7.629801273345947,0.8069215416908264,-0.05136597156524658,0.007986832410097122,0.010067552328109741,0.2231421321630478
z0y528x144,12,A,False,1200,0.41919445991516113,8.963359832763672,0.11041595786809921,7.635111331939697,0.802717924118042,-0.04716235399246216,0.006654154043644667,0.00779452919960022,0.264225572347641
z0y528x144,12,A,False,1250,0.36799219250679016,9.035386085510254,0.11150383204221725,7.64137601852417,0.7581034898757935,-0.002547919750213623,0.007924385368824005,0.05120226740837097,0.13234122097492218
z0y528x144,12,A,False,1300,0.3796345889568329,9.098287582397461,0.11141827702522278,7.645592212677002,0.7741736173629761,-0.01861804723739624,0.006650615017861128,0.011642396450042725,0.13008750975131989
z0y528x144,12,A,False,1350,0.38559237122535706,9.189240455627441,0.1154303103685379,7.65299654006958,0.7981005907058716,-0.04254502058029175,0.008370617404580116,0.00595778226852417,0.18210558593273163
z0y528x144,12,A,False,1400,0.38777148723602295,9.265080451965332,0.1143036037683487,7.654081344604492,0.7974548935890198,-0.04189932346343994,0.008056358434259892,0.0021791160106658936,0.13439801335334778
z0y528x144,12,A,False,1450,0.3644893169403076,9.337517738342285,0.11555667966604233,7.656632423400879,0.7784903645515442,-0.022934794425964355,0.006192850414663553,0.023282170295715332,0.1349572390317917
z0y528x144,12,A,False,1500,0.36797618865966797,9.416911125183105,0.11524251103401184,7.658481597900391,0.7796437740325928,-0.02408820390701294,0.005762986373156309,0.0034868717193603516,0.16221527755260468
z0y528x144,12,A,False,1550,0.3557456433773041,9.443449974060059,0.11943791061639786,7.665045738220215,0.7727283239364624,-0.01717275381088257,0.007946743629872799,0.012230545282363892,0.08458331972360611
z0y528x144,12,A,False,1600,0.3474825620651245,9.493236541748047,0.11777156591415405,7.664599895477295,0.7741661667823792,-0.018610596656799316,0.00791950710117817,0.008263081312179565,0.10657472163438797
z0y528x144,12,A,False,1650,0.351092666387558,9.547507286071777,0.11788742244243622,7.666192531585693,0.7797749638557434,-0.024219393730163574,0.007802264764904976,0.0036101043224334717,0.16388702392578125
z0y528x144,12,A,False,1700,0.34581461548805237,9.578983306884766,0.11742740124464035,7.665492057800293,0.7658407688140869,-0.01028519868850708,0.0035834629088640213,0.005278050899505615,0.07670312374830246
z0y528x144,12,A,False,1750,0.3272264897823334,9.569300651550293,0.12114175409078598,7.671031475067139,0.763724148273468,-0.008168578147888184,0.008295770734548569,0.018588125705718994,0.10299449414014816
z0y528x144,12,A,False,1800,0.35947173833847046,9.619612693786621,0.12668615579605103,7.677775859832764,0.794779896736145,-0.039224326610565186,0.008861696347594261,0.032245248556137085,0.09655135124921799
z0y528x144,12,A,False,1850,0.33744895458221436,9.64492416381836,0.12853869795799255,7.679174900054932,0.7821074724197388,-0.026551902294158936,0.006168987136334181,0.022022783756256104,0.12562483549118042
z0y528x144,12,A,False,1900,0.32559525966644287,9.706990242004395,0.13211940228939056,7.682162761688232,0.7705499529838562,-0.014994382858276367,0.006317788269370794,0.011853694915771484,0.12897136807441711
z0y528x144,12,A,False,1950,0.32366302609443665,9.702988624572754,0.13370640575885773,7.6830525398254395,0.7558082938194275,-0.00025272369384765625,0.008103027939796448,0.0019322335720062256,0.12024220824241638
z0y528x144,12,A,False,2000,0.32544565200805664,9.668177604675293,0.1364162117242813,7.685784816741943,0.7750923037528992,-0.019536733627319336,0.005970619153231382,0.0017826259136199951,0.06401991099119186
z0y528x144,12,A,False,2050,0.3306855857372284,9.732956886291504,0.13839808106422424,7.689849853515625,0.7875407338142395,-0.03198516368865967,0.002989060478284955,0.005239933729171753,0.11505310237407684
z0y528x144,12,A,False,2100,0.3129298686981201,9.762269020080566,0.13920266926288605,7.690230846405029,0.7626703381538391,-0.007114768028259277,0.003644559532403946,0.017755717039108276,0.08860767632722855
z0y528x144,12,A,False,2150,0.31031787395477295,9.750657081604004,0.1431693136692047,7.694356918334961,0.7659076452255249,-0.010352075099945068,0.005414195358753204,0.002611994743347168,0.05405699461698532
z0y528x144,12,A,False,2200,0.2937183082103729,9.712417602539062,0.14404693245887756,7.695308685302734,0.7392903566360474,0.01626521348953247,0.003966054413467646,0.016599565744400024,0.11882415413856506
z0y528x144,12,A,False,2250,0.30129149556159973,9.74262523651123,0.14949028193950653,7.698734283447266,0.765296220779419,-0.009740650653839111,0.006908071227371693,0.007573187351226807,0.10502083599567413
z0y528x144,12,A,False,2300,0.2937122583389282,9.71956729888916,0.15120285749435425,7.699051380157471,0.7633532285690308,-0.007797658443450928,0.0029680796433240175,0.007579237222671509,0.08562266081571579
z0y528x144,12,A,False,2350,0.31156259775161743,9.744494438171387,0.15467892587184906,7.703362464904785,0.7949170470237732,-0.03936147689819336,0.003760682186111808,0.01785033941268921,0.04403866082429886
z0y528x144,12,A,False,2400,0.3181667625904083,9.73055362701416,0.15763038396835327,7.704630374908447,0.7726659178733826,-0.017110347747802734,0.004670610185712576,0.0066041648387908936,0.06891172379255295
z0y528x144,12,A,False,2450,0.29671961069107056,9.741630554199219,0.16029702126979828,7.707164764404297,0.7561830282211304,-0.0006274580955505371,0.0037192809395492077,0.02144715189933777,0.06291376799345016
z0y528x144,12,A,False,2500,0.2993695139884949,9.723479270935059,0.15784306824207306,7.704883575439453,0.7744259834289551,-0.018870413303375244,0.004024440422654152,0.0026499032974243164,0.09623222798109055
z0y528x144,12,A,False,2550,0.2863706350326538,9.744783401489258,0.16114196181297302,7.706214427947998,0.7645002603530884,-0.008944690227508545,0.005953924730420113,0.012998878955841064,0.0723375603556633
z0y528x144,12,A,False,2600,0.26872193813323975,9.760640144348145,0.1612110584974289,7.704249858856201,0.7570163607597351,-0.0014607906341552734,0.006032728590071201,0.017648696899414062,0.08992314338684082
z0y528x144,12,A,False,2650,0.2606038749217987,9.673883438110352,0.16050952672958374,7.702919006347656,0.7388326525688171,0.016722917556762695,0.0018752021715044975,0.00811806321144104,0.1592448353767395
z0y528x144,12,A,False,2700,0.2654421329498291,9.71579647064209,0.1626594513654709,7.702475070953369,0.7543928623199463,0.001162707805633545,0.003792371368035674,0.0048382580280303955,0.11473548412322998
z0y528x144,12,A,False,2750,0.2629834711551666,9.712187767028809,0.1621331423521042,7.698797702789307,0.7684659361839294,-0.01291036605834961,0.005813429597765207,0.0024586617946624756,0.014083780348300934
z0y528x144,12,A,False,2800,0.25896477699279785,9.720222473144531,0.1643160879611969,7.700383186340332,0.7523516416549683,0.0032039284706115723,0.0030461354181170464,0.004018694162368774,0.11469978094100952
z0y528x144,12,A,False,2850,0.2543875575065613,9.732959747314453,0.16581539809703827,7.702095031738281,0.7540327310562134,0.001522839069366455,0.0032964812126010656,0.004577219486236572,0.1863563358783722
z0y528x144,12,A,False,2900,0.25451797246932983,9.720921516418457,0.16824208199977875,7.703236103057861,0.7658576965332031,-0.010302126407623291,0.005540500860661268,0.0001304149627685547,0.08926533162593842
z0y528x144,12,A,False,2950,0.26558688282966614,9.734811782836914,0.16410928964614868,7.696069717407227,0.7894918322563171,-0.033936262130737305,0.008384905755519867,0.011068910360336304,0.037975333631038666
z0y528x144,12,A,False,2999,0.2420499622821808,9.805048942565918,0.16294562816619873,7.694991111755371,0.7390570044517517,0.016498565673828125,0.004519513342529535,0.02353692054748535,0.20269834995269775
z0y528x144,13,A,True,0,0.7729828357696533,2.0100135803222656,0.0027464681770652533,10.966033935546875,0.7729823589324951,-0.0785379409790039,0.0027464681770652533,0.026504695415496826,0.01734403520822525
z0y528x144,13,A,True,50,2.012721300125122,2.4913558959960938,0.03349623829126358,10.938838958740234,2.012648344039917,-1.3182039260864258,0.031385697424411774,1.2397384643554688,0.834918200969696
z0y528x144,13,A,True,100,1.6996749639511108,3.054323196411133,0.06232897564768791,10.900294303894043,1.704474925994873,-1.0100305080413818,0.033047184348106384,0.31304633617401123,0.9851185083389282
z0y528x144,13,A,True,150,1.3652386665344238,3.7060134410858154,0.08635999262332916,10.888012886047363,1.4225775003433228,-0.7281330823898315,0.03387164697051048,0.334436297416687,1.1949535608291626
z0y528x144,13,A,True,200,1.2723404169082642,4.6322102546691895,0.0969492495059967,10.896261215209961,1.3866251707077026,-0.6921807527542114,0.02660810947418213,0.09289824962615967,1.8130221366882324
z0y528x144,13,A,True,250,0.953001081943512,5.696059703826904,0.10817844420671463,10.906115531921387,1.1078228950500488,-0.4133784770965576,0.04345497861504555,0.3193393349647522,2.123927116394043
z0y528x144,13,A,True,300,0.6885571479797363,6.285791397094727,0.11492878943681717,10.93642807006836,0.9572550058364868,-0.2628105878829956,0.033693864941596985,0.26444393396377563,1.2103084325790405
z0y528x144,13,A,True,350,0.5258603096008301,6.626918792724609,0.12379170209169388,10.963629722595215,0.8471145033836365,-0.15267008543014526,0.0270997304469347,0.16269683837890625,0.8175639510154724
z0y528x144,13,A,True,400,0.5193590521812439,6.954807758331299,0.13384953141212463,10.98871898651123,0.8844372034072876,-0.1899927854537964,0.025590471923351288,0.006501257419586182,0.7568475008010864
z0y528x144,13,A,True,450,0.4612741768360138,7.240122318267822,0.1458202451467514,11.00825309753418,0.8461400866508484,-0.15169566869735718,0.020484402775764465,0.0580848753452301,0.707246720790863
z0y528x144,13,A,True,500,0.44220057129859924,7.501728057861328,0.15953566133975983,11.029523849487305,0.8458104729652405,-0.15136605501174927,0.02219659462571144,0.01907360553741455,0.6847230195999146
z0y528x144,13,A,True,550,0.39451733231544495,7.71843957901001,0.1744934767484665,11.045626640319824,0.8075711131095886,-0.11312669515609741,0.020028768107295036,0.0476832389831543,0.5710468292236328
z0y528x144,13,A,True,600,0.37108200788497925,7.858304500579834,0.18654388189315796,11.062234878540039,0.801820695400238,-0.10737627744674683,0.017047613859176636,0.023435324430465698,0.4728948771953583
z0y528x144,13,A,True,650,0.3753463923931122,8.018397331237793,0.1977614015340805,11.074499130249023,0.8099365234375,-0.11549210548400879,0.014384203590452671,0.004264384508132935,0.44899290800094604
z0y528x144,13,A,True,700,0.34722039103507996,8.136964797973633,0.2094806730747223,11.090360641479492,0.8012115955352783,-0.10676717758178711,0.016342172399163246,0.028126001358032227,0.4013555347919464
z0y528x144,13,A,True,750,0.3414623737335205,8.255768775939941,0.2200961410999298,11.104264259338379,0.8042266964912415,-0.10978227853775024,0.014285782352089882,0.005758017301559448,0.39307913184165955
z0y528x144,13,A,True,800,0.3195143938064575,8.330639839172363,0.23104453086853027,11.115866661071777,0.7821886539459229,-0.08774423599243164,0.01277666911482811,0.02194797992706299,0.3495171368122101
z0y528x144,13,A,True,850,0.314694881439209,8.401847839355469,0.23837679624557495,11.123156547546387,0.7971641421318054,-0.10271972417831421,0.009136451408267021,0.004819512367248535,0.28077563643455505
z0y528x144,13,A,True,900,0.3201557993888855,8.450641632080078,0.24527321755886078,11.135177612304688,0.8182119131088257,-0.12376749515533447,0.009898527525365353,0.005460917949676514,0.25654545426368713
z0y528x144,13,A,True,950,0.2987000346183777,8.522567749023438,0.2542891800403595,11.146397590637207,0.8051012754440308,-0.11065685749053955,0.01078774593770504,0.021455764770507812,0.3221949338912964
z0y528x144,13,A,True,1000,0.2637062966823578,8.546955108642578,0.26551318168640137,11.160757064819336,0.7603790163993835,-0.06593459844589233,0.013536447659134865,0.0349937379360199,0.2567344009876251
z0y528x144,13,A,True,1050,0.25755733251571655,8.621356964111328,0.2725926339626312,11.171339988708496,0.7772908210754395,-0.08284640312194824,0.0094203632324934,0.006148964166641235,0.2746661603450775
z0y528x144,13,A,True,1100,0.26411935687065125,8.686556816101074,0.2816109359264374,11.18016529083252,0.77923583984375,-0.08479142189025879,0.010555007494986057,0.006562024354934692,0.23588299751281738
z0y528x144,13,A,True,1150,0.27191293239593506,8.708224296569824,0.29101452231407166,11.190816879272461,0.793735921382904,-0.09929150342941284,0.011249992065131664,0.0077935755252838135,0.1533551663160324
z0y528x144,13,A,True,1200,0.2527492046356201,8.782360076904297,0.294864684343338,11.194917678833008,0.7825548648834229,-0.08811044692993164,0.004491180181503296,0.01916372776031494,0.2592182159423828
z0y528x144,13,A,True,1250,0.2434823215007782,8.807671546936035,0.3000519573688507,11.201108932495117,0.7763903141021729,-0.08194589614868164,0.0065490310080349445,0.009266883134841919,0.16604217886924744
z0y528x144,13,A,True,1300,0.24908478558063507,8.859156608581543,0.3024322986602783,11.208517074584961,0.7846649885177612,-0.09022057056427002,0.006512023508548737,0.0056024640798568726,0.24440917372703552
z0y528x144,13,A,True,1350,0.2632014751434326,8.885048866271973,0.3112071752548218,11.217400550842285,0.7970345616340637,-0.10259014368057251,0.009473927319049835,0.014116689562797546,0.1838204562664032
z0y528x144,13,A,True,1400,0.2566394507884979,8.918309211730957,0.3132891058921814,11.221578598022461,0.7851428389549255,-0.09069842100143433,0.003676069900393486,0.006562024354934692,0.23892249166965485
z0y528x144,13,A,True,1450,0.2647300064563751,8.973557472229004,0.31870222091674805,11.227842330932617,0.7993999123573303,-0.10495549440383911,0.006403316743671894,0.008090555667877197,0.17239153385162354
z0y528x144,13,A,True,1500,0.2551536560058594,8.999907493591309,0.323181688785553,11.235668182373047,0.7828464508056641,-0.08840203285217285,0.006041497923433781,0.009576350450515747,0.11540716886520386
z0y528x144,13,A,True,1550,0.24394594132900238,9.044049263000488,0.32814857363700867,11.244095802307129,0.7660330533981323,-0.07158863544464111,0.006127226632088423,0.011207714676856995,0.18059134483337402
z0y528x144,13,A,True,1600,0.25136980414390564,9.081318855285645,0.3344496488571167,11.24843692779541,0.7887313365936279,-0.09428691864013672,0.006765673868358135,0.007423862814903259,0.10524357110261917
z0y528x144,13,A,True,1650,0.24972845613956451,9.08885669708252,0.33911076188087463,11.25407886505127,0.7866262197494507,-0.09218180179595947,0.00550855090841651,0.0016413480043411255,0.08582386374473572
z0y528x144,13,A,True,1700,0.2445572316646576,9.091214179992676,0.34290722012519836,11.26136589050293,0.7640003561973572,-0.06955593824386597,0.008173433132469654,0.005171224474906921,0.0533696748316288
z0y528x144,13,A,True,1750,0.24880117177963257,9.118803977966309,0.3465931713581085,11.265701293945312,0.7707453370094299,-0.07630091905593872,0.004360417369753122,0.004243940114974976,0.1116727963089943
z0y528x144,13,A,True,1800,0.2517228126525879,9.13582706451416,0.3491608500480652,11.271074295043945,0.7785691022872925,-0.08412468433380127,0.004259568639099598,0.0029216408729553223,0.088618203997612
z0y528x144,13,A,True,1850,0.24665053188800812,9.176204681396484,0.35520341992378235,11.280600547790527,0.7789653539657593,-0.08452093601226807,0.007658252492547035,0.005072280764579773,0.13191542029380798
z0y528x144,13,A,True,1900,0.24915164709091187,9.167312622070312,0.36222001910209656,11.288908004760742,0.78593510389328,-0.09149068593978882,0.0077368454076349735,0.0025011152029037476,0.16094262897968292
z0y528x144,13,A,True,1950,0.24508309364318848,9.174537658691406,0.3677681088447571,11.291330337524414,0.768551766872406,-0.0741073489189148,0.006154941860586405,0.004068553447723389,0.11530264467000961
z0y528x144,13,A,True,2000,0.23982535302639008,9.178733825683594,0.37000325322151184,11.298334121704102,0.7681920528411865,-0.07374763488769531,0.008407222107052803,0.005257740616798401,0.06628209352493286
z0y528x144,13,A,True,2050,0.2511846125125885,9.17102336883545,0.37558189034461975,11.306282997131348,0.7873960733413696,-0.09295165538787842,0.0069175600074231625,0.011359259486198425,0.0646730437874794
z0y528x144,13,A,True,2100,0.23908080160617828,9.157286643981934,0.38057756423950195,11.315607070922852,0.7704036235809326,-0.0759592056274414,0.008322561159729958,0.012103810906410217,0.14690285921096802
z0y528x144,13,A,True,2150,0.22701849043369293,9.13114070892334,0.3844586908817291,11.323286056518555,0.7631678581237793,-0.06872344017028809,0.008036118000745773,0.012062311172485352,0.08240238577127457
z0y528x144,13,A,True,2200,0.20662234723567963,9.128259658813477,0.3887246549129486,11.32776927947998,0.7353007197380066,-0.04085630178451538,0.004445719998329878,0.020396143198013306,0.05989064648747444
z0y528x144,13,A,True,2250,0.21096964180469513,9.108019828796387,0.3944377601146698,11.335439682006836,0.744287371635437,-0.0498429536819458,0.006615856196731329,0.004347294569015503,0.05270496755838394
z0y528x144,13,A,True,2300,0.22401519119739532,9.127760887145996,0.39544403553009033,11.332509994506836,0.7688552141189575,-0.07441079616546631,0.002227237680926919,0.013045549392700195,0.10328218340873718
z0y528x144,13,A,True,2350,0.22108250856399536,9.143086433410645,0.39826616644859314,11.33836841583252,0.7680506706237793,-0.07360625267028809,0.004045169334858656,0.0029326826333999634,0.07237638533115387
z0y528x144,13,A,True,2400,0.21714293956756592,9.122332572937012,0.4003821611404419,11.345601081848145,0.7636651396751404,-0.06922072172164917,0.007253596559166908,0.003939568996429443,0.10396337509155273
z0y528x144,13,A,True,2450,0.2315373718738556,9.043423652648926,0.4071188271045685,11.352054595947266,0.7791274785995483,-0.08468306064605713,0.007202011067420244,0.014394432306289673,0.16582034528255463
z0y528x144,13,A,True,2500,0.212177574634552,9.041373252868652,0.4085395634174347,11.356440544128418,0.7686412930488586,-0.07419687509536743,0.004357828758656979,0.01935979723930359,0.04107699915766716
z0y528x144,13,A,True,2550,0.2221578061580658,9.058746337890625,0.40725284814834595,11.360137939453125,0.7657483816146851,-0.07130396366119385,0.008668823167681694,0.009980231523513794,0.08347651362419128
z0y528x144,13,A,True,2600,0.20773892104625702,9.048515319824219,0.4084510803222656,11.358160972595215,0.7734257578849792,-0.07898133993148804,0.004502346273511648,0.014418885111808777,0.09530066698789597
z0y528x144,13,A,True,2650,0.20406946539878845,9.05842113494873,0.4125117361545563,11.360395431518555,0.7565655708312988,-0.06212115287780762,0.004345173016190529,0.003669455647468567,0.04689009115099907
z0y528x144,13,A,True,2700,0.19422930479049683,9.049710273742676,0.4156206548213959,11.364091873168945,0.7613244652748108,-0.06688004732131958,0.0035258473362773657,0.009840160608291626,0.07443855702877045
z0y528x144,13,A,True,2750,0.18363618850708008,9.033644676208496,0.4189453721046448,11.366153717041016,0.7415366768836975,-0.0470922589302063,0.004287346266210079,0.010593116283416748,0.1841185837984085
z0y528x144,13,A,True,2800,0.21307332813739777,9.096240043640137,0.4216611683368683,11.370620727539062,0.7754930853843689,-0.08104866743087769,0.0056503755040466785,0.029437139630317688,0.18497946858406067
z0y528x144,13,A,True,2850,0.20704255998134613,9.025522232055664,0.42501190304756165,11.371651649475098,0.7712736129760742,-0.07682919502258301,0.005844863131642342,0.006030768156051636,0.2074219435453415
z0y528x144,13,A,True,2900,0.2189793586730957,9.020317077636719,0.434763640165329,11.378089904785156,0.7811331152915955,-0.08668869733810425,0.0108146658167243,0.011936798691749573,0.04256628081202507
z0y528x144,13,A,True,2950,0.19171983003616333,9.050721168518066,0.4381776452064514,11.384267807006836,0.7572178840637207,-0.06277346611022949,0.005101471208035946,0.027259528636932373,0.09609977900981903
z0y528x144,13,A,True,2999,0.19971884787082672,9.001656532287598,0.44316914677619934,11.386841773986816,0.7582813501358032,-0.06383693218231201,0.006175395101308823,0.007999017834663391,0.18184581398963928
z0y528x144,14,A,False,0,0.7303542494773865,2.009805917739868,0.0025512883439660072,18.837608337402344,0.7303536534309387,0.014090776443481445,0.0025512883439660072,0.02279186248779297,0.016986344009637833
z0y528x144,14,A,False,50,1.7704497575759888,2.4278082847595215,0.059217531234025955,18.82635498046875,1.769924521446228,-1.025480031967163,0.05776451528072357,1.040095567703247,0.7251883745193481
z0y528x144,14,A,False,100,1.8049508333206177,3.010589361190796,0.10195636749267578,18.810630798339844,1.8039352893829346,-1.0594909191131592,0.04373606666922569,0.034501075744628906,1.0101722478866577
z0y528x144,14,A,False,150,2.1664392948150635,4.364567279815674,0.17652258276939392,18.720237731933594,2.164724349975586,-1.4202799797058105,0.07491636276245117,0.3614884614944458,2.3454365730285645
z0y528x144,14,A,False,200,1.6866729259490967,6.710891246795654,0.2551748752593994,18.642818450927734,1.6883537769317627,-0.9439093470573425,0.08375973254442215,0.4797663688659668,4.0640950202941895
z0y528x144,14,A,False,250,1.165291428565979,9.462454795837402,0.31401312351226807,18.6638126373291,1.1773775815963745,-0.43293315172195435,0.08807550370693207,0.5213814973831177,4.803534507751465
z0y528x144,14,A,False,300,0.9237078428268433,11.606585502624512,0.34057414531707764,18.700037002563477,0.9475990533828735,-0.20315462350845337,0.051287658512592316,0.24158358573913574,4.043144226074219
z0y528x144,14,A,False,350,0.8106662631034851,12.931653022766113,0.35438308119773865,18.717159271240234,0.8456756472587585,-0.10123121738433838,0.024145279079675674,0.11304157972335815,2.5152831077575684
z0y528x144,14,A,False,400,0.7377479076385498,13.897292137145996,0.3575685918331146,18.729990005493164,0.7807554602622986,-0.03631103038787842,0.014049761928617954,0.0729183554649353,1.9161226749420166
z0y528x144,14,A,False,450,0.713711678981781,14.699305534362793,0.35773178935050964,18.735774993896484,0.7641897201538086,-0.019745290279388428,0.006877702195197344,0.0240362286567688,1.6937706470489502
z0y528x144,14,A,False,500,0.7062551379203796,15.412117004394531,0.3584820032119751,18.739477157592773,0.7636044025421143,-0.019159972667694092,0.005393145605921745,0.007456541061401367,1.438403844833374
z0y528x144,14,A,False,550,0.6822148561477661,16.06542205810547,0.3564528226852417,18.742237091064453,0.7457538843154907,-0.0013094544410705566,0.004668381530791521,0.024040281772613525,1.3383159637451172
z0y528x144,14,A,False,600,0.6470856666564941,16.629392623901367,0.3535066246986389,18.74625015258789,0.7149316072463989,0.02951282262802124,0.005631901789456606,0.03512918949127197,1.2412751913070679
z0y528x144,14,A,False,650,0.6465033292770386,17.242326736450195,0.3507561683654785,18.749738693237305,0.7189907431602478,0.025453686714172363,0.005641683470457792,0.0005823373794555664,1.3420346975326538
z0y528x144,14,A,False,700,0.6184274554252625,17.715404510498047,0.34524187445640564,18.75114631652832,0.6960667371749878,0.04837769269943237,0.00608004629611969,0.028075873851776123,1.0058681964874268
z0y528x144,14,A,False,750,0.6276639699935913,18.265769958496094,0.34152236580848694,18.752656936645508,0.7093678116798401,0.03507661819458008,0.004481316544115543,0.009236514568328857,1.1368016004562378
z0y528x144,14,A,False,800,0.6036521196365356,18.69981575012207,0.33457812666893005,18.754894256591797,0.6895740032196045,0.054870426654815674,0.007637467700988054,0.024011850357055664,1.0042167901992798
z0y528x144,14,A,False,850,0.6035488247871399,19.143339157104492,0.3286420404911041,18.756925582885742,0.6935805082321167,0.05086392164230347,0.006615763995796442,0.00010329484939575195,0.9076976180076599
z0y528x144,14,A,False,900,0.6084884405136108,19.570688247680664,0.32165250182151794,18.759580612182617,0.7013019919395447,0.04314243793487549,0.007779156789183617,0.004939615726470947,0.9130401611328125
z0y528x144,14,A,False,950,0.5974445343017578,19.896270751953125,0.31170034408569336,18.759424209594727,0.6945669651031494,0.04987746477127075,0.01033760979771614,0.011043906211853027,0.7161046862602234
z0y528x144,14,A,False,1000,0.5851979851722717,20.25133514404297,0.30309662222862244,18.762287139892578,0.6846528649330139,0.05979156494140625,0.009745934046804905,0.012246549129486084,0.7884525656700134
z0y528x144,14,A,False,1050,0.5795460939407349,20.616456985473633,0.2965813875198364,18.765254974365234,0.6830248236656189,0.06141960620880127,0.007877293974161148,0.005651891231536865,0.7448946237564087
z0y528x144,14,A,False,1100,0.570854902267456,20.874923706054688,0.28983575105667114,18.767230987548828,0.6763220429420471,0.06812238693237305,0.007422146387398243,0.008691191673278809,0.5089735984802246
z0y528x144,14,A,False,1150,0.5712081789970398,21.260154724121094,0.28393083810806274,18.769678115844727,0.6810847520828247,0.06335967779159546,0.0069246673956513405,0.00035327672958374023,0.7775644659996033
z0y528x144,14,A,False,1200,0.563163161277771,21.541635513305664,0.27255892753601074,18.7729549407959,0.6734358072280884,0.07100862264633179,0.013356116600334644,0.008045017719268799,0.6867899894714355
z0y528x144,14,A,False,1250,0.5533353090286255,21.745481491088867,0.26377344131469727,18.775087356567383,0.6707111597061157,0.07373327016830444,0.009677233174443245,0.009827852249145508,0.4484582245349884
z0y528x144,14,A,False,1300,0.5622509717941284,21.967641830444336,0.254256933927536,18.77779197692871,0.6813958883285522,0.06304854154586792,0.011268071830272675,0.00891566276550293,0.4698931872844696
z0y528x144,14,A,False,1350,0.551904022693634,22.219701766967773,0.24557635188102722,18.780860900878906,0.6746699213981628,0.06977450847625732,0.010863212868571281,0.010346949100494385,0.5144681930541992
z0y528x144,14,A,False,1400,0.5330086350440979,22.376916885375977,0.23743510246276855,18.78605842590332,0.6570255160331726,0.08741891384124756,0.011761433444917202,0.018895387649536133,0.36775335669517517
z0y528x144,14,A,False,1450,0.5360656380653381,22.51264190673828,0.22694234549999237,18.788293838500977,0.6621888279914856,0.08225560188293457,0.013258486054837704,0.0030570030212402344,0.34065571427345276
z0y528x144,14,A,False,1500,0.5293400883674622,22.694007873535156,0.21936018764972687,18.790945053100586,0.6580475568771362,0.08639687299728394,0.009650231339037418,0.0067255496978759766,0.3158571124076843
z0y528x144,14,A,False,1550,0.5382839441299438,22.907730102539062,0.20936505496501923,18.795881271362305,0.6680837273597717,0.07636070251464844,0.015027565881609917,0.00894385576248169,0.5148817300796509
z0y528x144,14,A,False,1600,0.5308225154876709,23.086252212524414,0.200755774974823,18.798322677612305,0.6644427180290222,0.08000171184539795,0.012089665979146957,0.007461428642272949,0.4556834399700165
z0y528x144,14,A,False,1650,0.5251290202140808,23.268632888793945,0.19363513588905334,18.80507469177246,0.6619978547096252,0.08244657516479492,0.013993524014949799,0.005693495273590088,0.4194854199886322
z0y528x144,14,A,False,1700,0.5464795827865601,23.449331283569336,0.18803171813488007,18.810009002685547,0.6848398447036743,0.05960458517074585,0.012307113967835903,0.021350562572479248,0.3716355562210083
z0y528x144,14,A,False,1750,0.519579291343689,23.55287742614746,0.181855708360672,18.814939498901367,0.6599354147911072,0.08450901508331299,0.01317829079926014,0.026900291442871094,0.25264987349510193
z0y528x144,14,A,False,1800,0.5297718644142151,23.736127853393555,0.17811544239521027,18.819454193115234,0.6725617051124573,0.07188272476196289,0.011385182850062847,0.010192573070526123,0.4371457099914551
z0y528x144,14,A,False,1850,0.5097996592521667,23.87676429748535,0.17154377698898315,18.8232421875,0.6573383212089539,0.08710610866546631,0.014022573828697205,0.01997220516204834,0.306530624628067
z0y528x144,14,A,False,1900,0.5266764163970947,24.047834396362305,0.16711978614330292,18.826251983642578,0.6749359369277954,0.06950849294662476,0.012403972446918488,0.01687675714492798,0.3823874592781067
z0y528x144,14,A,False,1950,0.5127050876617432,24.146169662475586,0.16400650143623352,18.8308162689209,0.660874605178833,0.08356982469558716,0.011970732361078262,0.013971328735351562,0.2655741572380066
z0y528x144,14,A,False,2000,0.519206166267395,24.375707626342773,0.16258083283901215,18.836416244506836,0.6729687452316284,0.07147568464279175,0.012115939520299435,0.0065010786056518555,0.4936419725418091
z0y528x144,14,A,False,2050,0.5172250270843506,24.500015258789062,0.16102378070354462,18.84056282043457,0.6724211573600769,0.07202327251434326,0.012057640589773655,0.0019811391830444336,0.28626391291618347
z0y528x144,14,A,False,2100,0.5155125856399536,24.555009841918945,0.1603139191865921,18.845226287841797,0.6689770817756653,0.07546734809875488,0.014295227825641632,0.0017124414443969727,0.16171787679195404
z0y528x144,14,A,False,2150,0.5133007764816284,24.78135871887207,0.16087712347507477,18.84994125366211,0.671765923500061,0.07267850637435913,0.012350634671747684,0.0022118091583251953,0.4660084843635559
z0y528x144,14,A,False,2200,0.500584602355957,24.94710350036621,0.16227132081985474,18.854551315307617,0.6558037400245667,0.08864068984985352,0.014615166001021862,0.012716174125671387,0.3924642503261566
z0y528x144,14,A,False,2250,0.5207439064979553,25.112138748168945,0.16499872505664825,18.859264373779297,0.6821483969688416,0.06229603290557861,0.010868133045732975,0.02015930414199829,0.29347166419029236
z0y528x144,14,A,False,2300,0.49313005805015564,25.318395614624023,0.16770996153354645,18.863666534423828,0.6516475677490234,0.09279686212539673,0.012640180997550488,0.027613848447799683,0.44326287508010864
z0y528x144,14,A,False,2350,0.4944779872894287,25.442277908325195,0.1710689216852188,18.8664608001709,0.6545342803001404,0.08991014957427979,0.01267767883837223,0.0013479292392730713,0.2337469607591629
z0y528x144,14,A,False,2400,0.48958703875541687,25.601150512695312,0.1781671941280365,18.872827529907227,0.6520296335220337,0.09241479635238647,0.017685765400528908,0.004890948534011841,0.39169588685035706
z0y528x144,14,A,False,2450,0.4995920956134796,25.699872970581055,0.18476460874080658,18.877534866333008,0.6600773334503174,0.08436709642410278,0.014401489868760109,0.010005056858062744,0.31113579869270325
z0y528x144,14,A,False,2500,0.4902063012123108,25.888174057006836,0.19007368385791779,18.880483627319336,0.6521850824356079,0.09225934743881226,0.010987642221152782,0.009385794401168823,0.3428189158439636
z0y528x144,14,A,False,2550,0.48927411437034607,26.05340576171875,0.19548337161540985,18.883432388305664,0.654818058013916,0.08962637186050415,0.011837359517812729,0.0009321868419647217,0.3522789776325226
z0y528x144,14,A,False,2600,0.49376538395881653,26.208114624023438,0.20431523025035858,18.888446807861328,0.6610974669456482,0.08334696292877197,0.01360886637121439,0.004491269588470459,0.31012672185897827
z0y528x144,14,A,False,2650,0.4951203465461731,26.332666397094727,0.21473436057567596,18.89485740661621,0.6604357957839966,0.08400863409042358,0.014857885427772999,0.0013549625873565674,0.28855428099632263
z0y528x144,14,A,False,2700,0.5018385648727417,26.459924697875977,0.22644996643066406,18.901058197021484,0.6715030074119568,0.07294142246246338,0.01682845503091812,0.0067182183265686035,0.33223065733909607
z0y528x144,14,A,False,2750,0.49960142374038696,26.46893882751465,0.23565427958965302,18.906431198120117,0.6718881130218506,0.07255631685256958,0.01231023296713829,0.0022371411323547363,0.20325256884098053
z0y528x144,14,A,False,2800,0.5052841901779175,26.567041397094727,0.2433038353919983,18.909116744995117,0.6754658818244934,0.06897854804992676,0.012220337055623531,0.005682766437530518,0.2693863809108734
z0y528x144,14,A,False,2850,0.48811668157577515,26.698486328125,0.2541234791278839,18.913816452026367,0.6606231927871704,0.08382123708724976,0.01439626794308424,0.017167508602142334,0.32213735580444336
z0y528x144,14,A,False,2900,0.47944653034210205,26.885086059570312,0.2651098966598511,18.91985511779785,0.6546912789344788,0.0897531509399414,0.013467809185385704,0.008670151233673096,0.4851958751678467
z0y528x144,14,A,False,2950,0.4811095595359802,27.11338996887207,0.2715749144554138,18.923004150390625,0.6539874076843262,0.090457022190094,0.008480898104608059,0.0016630291938781738,0.406948447227478
z0y528x144,14,A,False,2999,0.47792941331863403,27.149667739868164,0.28298625349998474,18.926513671875,0.6494520306587219,0.09499239921569824,0.015117268078029156,0.0031801462173461914,0.2053706794977188
z0y528x144,15,A,False,0,0.7274448275566101,2.0100231170654297,0.002773393876850605,13.148565292358398,0.7274441123008728,0.055889248847961426,0.002773393876850605,0.025528013706207275,0.01736040972173214
z0y528x144,15,A,False,50,2.085899591445923,2.5137364864349365,0.03838777542114258,13.115472793579102,2.08565354347229,-1.3023202419281006,0.03590269014239311,1.358454704284668,0.873926043510437
z0y528x144,15,A,False,100,1.8984572887420654,3.2574446201324463,0.05233586207032204,13.107279777526855,1.898741602897644,-1.115408182144165,0.027010560035705566,0.18744230270385742,1.290455937385559
z0y528x144,15,A,False,150,1.6826207637786865,4.572368621826172,0.034677568823099136,13.116812705993652,1.6958656311035156,-0.9125322699546814,0.03708590194582939,0.2158365249633789,2.279478073120117
z0y528x144,15,A,False,200,1.271348476409912,6.339660167694092,0.11371548473834991,13.185277938842773,1.3405492305755615,-0.5572158694267273,0.10870593786239624,0.4112722873687744,3.0880157947540283
z0y528x144,15,A,False,250,0.7550528049468994,7.575138092041016,0.18632309138774872,13.212579727172852,0.9455825090408325,-0.1622491478919983,0.07599329948425293,0.5162956714630127,2.3171041011810303
z0y528x144,15,A,False,300,0.5412383079528809,8.162423133850098,0.21545369923114777,13.218048095703125,0.8364142179489136,-0.053080856800079346,0.02938198670744896,0.21381449699401855,1.7369825839996338
z0y528x144,15,A,False,350,0.46649378538131714,8.54297161102295,0.22641296684741974,13.22314453125,0.8137050867080688,-0.03037172555923462,0.01324410829693079,0.07474452257156372,1.1703048944473267
z0y528x144,15,A,False,400,0.37901490926742554,8.77857494354248,0.23272739350795746,13.2249174118042,0.7598810195922852,0.023452341556549072,0.009777048602700233,0.0874788761138916,0.7299434542655945
z0y528x144,15,A,False,450,0.3348744809627533,8.927721977233887,0.23731930553913116,13.228018760681152,0.7627270221710205,0.02060633897781372,0.006798225920647383,0.04414042830467224,0.4446375072002411
z0y528x144,15,A,False,500,0.2880367934703827,9.031539916992188,0.2402707040309906,13.230454444885254,0.7345191240310669,0.048814237117767334,0.005160903558135033,0.046837687492370605,0.3657058775424957
z0y528x144,15,A,False,550,0.2643766701221466,9.127455711364746,0.2421216070652008,13.230454444885254,0.7494839429855347,0.03384941816329956,0.00457941647619009,0.023660123348236084,0.31826964020729065
z0y528x144,15,A,False,600,0.22765769064426422,9.175068855285645,0.24222563207149506,13.230527877807617,0.7373378276824951,0.04599553346633911,0.0020495434291660786,0.036718979477882385,0.2055126577615738
z0y528x144,15,A,False,650,0.20853489637374878,9.226739883422852,0.24364233016967773,13.230306625366211,0.7261463403701782,0.057187020778656006,0.0029970731120556593,0.019122794270515442,0.17985422909259796
z0y528x144,15,A,False,700,0.18499720096588135,9.261398315429688,0.244687020778656,13.230085372924805,0.7202133536338806,0.06312000751495361,0.0014233399415388703,0.02353769540786743,0.14064548909664154
z0y528x144,15,A,False,750,0.16733156144618988,9.2908353805542,0.24463441967964172,13.228978157043457,0.717270016670227,0.06606334447860718,0.000944070634432137,0.017665639519691467,0.13012057542800903
z0y528x144,15,A,False,800,0.15376292169094086,9.313225746154785,0.24513660371303558,13.227206230163574,0.7171093225479126,0.06622403860092163,0.001422713277861476,0.013568639755249023,0.11014291644096375
z0y528x144,15,A,False,850,0.14631134271621704,9.337995529174805,0.245248943567276,13.225507736206055,0.7192047834396362,0.064128577709198,0.000857085338793695,0.007451578974723816,0.08680404722690582
z0y528x144,15,A,False,900,0.13638952374458313,9.350964546203613,0.24573613703250885,13.223292350769043,0.7169512510299683,0.06638211011886597,0.0009019969729706645,0.009921818971633911,0.07314234226942062
z0y528x144,15,A,False,950,0.12507645785808563,9.361279487609863,0.24492286145687103,13.223071098327637,0.7028540968894958,0.08047926425933838,0.0011099003022536635,0.011313065886497498,0.05873781442642212
z0y528x144,15,A,False,1000,0.12102063745260239,9.370177268981934,0.24578548967838287,13.223514556884766,0.7101895809173584,0.07314378023147583,0.0009768237359821796,0.004055820405483246,0.05109401047229767
z0y528x144,15,A,False,1050,0.11450886726379395,9.386628150939941,0.2463507056236267,13.225582122802734,0.7159368991851807,0.06739646196365356,0.0007597528747282922,0.006511770188808441,0.05887918919324875
z0y528x144,15,A,False,1100,0.10947290062904358,9.408066749572754,0.2466781884431839,13.226024627685547,0.6993157863616943,0.08401757478713989,0.0014037166256457567,0.005035966634750366,0.05996417999267578
z0y528x144,15,A,False,1150,0.10453679412603378,9.414149284362793,0.24671290814876556,13.226837158203125,0.7150959968566895,0.06823736429214478,0.0006027734489180148,0.004936106503009796,0.0420992486178875
z0y528x144,15,A,False,1200,0.09979206323623657,9.417769432067871,0.24658572673797607,13.22624683380127,0.6954724192619324,0.08786094188690186,0.0007192398770712316,0.004744730889797211,0.03395630419254303
z0y528x144,15,A,False,1250,0.0967981144785881,9.42708683013916,0.24714478850364685,13.228534698486328,0.7119185924530029,0.0714147686958313,0.0011055006179958582,0.002993948757648468,0.04091440141201019
z0y528x144,15,A,False,1300,0.09684484452009201,9.43244457244873,0.2479039877653122,13.230527877807617,0.7128040790557861,0.0705292820930481,0.0019566421397030354,4.673004150390625e-05,0.02819734439253807
z0y528x144,15,A,False,1350,0.09342050552368164,9.440173149108887,0.2482011318206787,13.232078552246094,0.7112176418304443,0.07211571931838989,0.0005418079090304673,0.00342433899641037,0.04445091262459755
z0y528x144,15,A,False,1400,0.09145459532737732,9.445945739746094,0.24857449531555176,13.235030174255371,0.7040876746177673,0.0792456865310669,0.0011831686133518815,0.0019659101963043213,0.04430757835507393
z0y528x144,15,A,False,1450,0.08578205853700638,9.444315910339355,0.2489110827445984,13.238423347473145,0.7067373394966125,0.07659602165222168,0.0010448897955939174,0.005672536790370941,0.01983959786593914
z0y528x144,15,A,False,1500,0.08429497480392456,9.448734283447266,0.24984639883041382,13.242037773132324,0.6974016427993774,0.08593171834945679,0.002087472705170512,0.0014870837330818176,0.031439408659935
z0y528x144,15,A,False,1550,0.08058198541402817,9.455902099609375,0.24953584372997284,13.244102478027344,0.6946231126785278,0.0887102484703064,0.0006882569286972284,0.003712989389896393,0.020544229075312614
z0y528x144,15,A,False,1600,0.07905247062444687,9.463845252990723,0.24947001039981842,13.247420310974121,0.701015293598175,0.08231806755065918,0.00106819870416075,0.0015295147895812988,0.019547894597053528
z0y528x144,15,A,False,1650,0.07714852690696716,9.468589782714844,0.2506285607814789,13.251547813415527,0.7098773717880249,0.07345598936080933,0.002158461371436715,0.0019039437174797058,0.023489095270633698
z0y528x144,15,A,False,1700,0.07713796198368073,9.477295875549316,0.25135645270347595,13.256263732910156,0.7035418152809143,0.07979154586791992,0.0020575509406626225,1.0564923286437988e-05,0.03844961151480675
z0y528x144,15,A,False,1750,0.07490947842597961,9.474627494812012,0.252092182636261,13.26259708404541,0.70298171043396,0.08035165071487427,0.002078048186376691,0.002228483557701111,0.004728101659566164
z0y528x144,15,A,False,1800,0.07256924360990524,9.48906421661377,0.25334492325782776,13.26966381072998,0.702079176902771,0.08125418424606323,0.0022634242195636034,0.0023402348160743713,0.03779684379696846
z0y528x144,15,A,False,1850,0.07283562421798706,9.490849494934082,0.25407639145851135,13.27290153503418,0.7074590921401978,0.07587426900863647,0.001514202100224793,0.0002663806080818176,0.0035309307277202606
z0y528x144,15,A,False,1900,0.07018698751926422,9.496197700500488,0.25494006276130676,13.278860092163086,0.7127392292022705,0.07059413194656372,0.0021569037344306707,0.0026486366987228394,0.024331828579306602
z0y528x144,15,A,False,1950,0.06973469257354736,9.49715805053711,0.2564629316329956,13.285256385803223,0.7081732749938965,0.07516008615493774,0.0025313040241599083,0.0004522949457168579,0.02003142423927784
z0y528x144,15,A,False,2000,0.06934051215648651,9.502541542053223,0.2565864324569702,13.2886381149292,0.7110832333564758,0.0722501277923584,0.0015327587025240064,0.00039418041706085205,0.014566617086529732
z0y528x144,15,A,False,2050,0.06827034056186676,9.5073881149292,0.25744032859802246,13.293781280517578,0.7083013653755188,0.07503199577331543,0.002167780650779605,0.001070171594619751,0.022175099700689316
z0y528x144,15,A,False,2100,0.06666482239961624,9.515461921691895,0.25918158888816833,13.299362182617188,0.7032709121704102,0.08006244897842407,0.0027041295543313026,0.0016055181622505188,0.03459211438894272
z0y528x144,15,A,False,2150,0.06453315168619156,9.516023635864258,0.26040902733802795,13.304795265197754,0.7111399173736572,0.072193443775177,0.0023568563628941774,0.0021316707134246826,0.019392170011997223
z0y528x144,15,A,False,2200,0.06360888481140137,9.521531105041504,0.2612663805484772,13.311033248901367,0.7000117301940918,0.08332163095474243,0.0017929120222106576,0.0009242668747901917,0.015100630931556225
z0y528x144,15,A,False,2250,0.06212266907095909,9.53200626373291,0.263011634349823,13.317780494689941,0.7115106582641602,0.07182270288467407,0.003426910610869527,0.001486215740442276,0.027261532843112946
z0y528x144,15,A,False,2300,0.06190960854291916,9.544224739074707,0.26365604996681213,13.321227073669434,0.7087078094482422,0.07462555170059204,0.001204439322464168,0.00021306052803993225,0.028821324929594994
z0y528x144,15,A,False,2350,0.06172199919819832,9.557842254638672,0.2645631432533264,13.32686996459961,0.7111202478408813,0.07221311330795288,0.002230352256447077,0.00018760934472084045,0.03143508359789848
z0y528x144,15,A,False,2400,0.061898086220026016,9.56267261505127,0.2652330696582794,13.331559181213379,0.7135387659072876,0.06979459524154663,0.002198338508605957,0.00017608702182769775,0.04080318287014961
z0y528x144,15,A,False,2450,0.060395654290914536,9.56640911102295,0.26567450165748596,13.336686134338379,0.69329833984375,0.09003502130508423,0.0011993931839242578,0.0015024319291114807,0.021368881687521935
z0y528x144,15,A,False,2500,0.05947946384549141,9.569167137145996,0.2661614418029785,13.343859672546387,0.7010493278503418,0.08228403329849243,0.0019035341683775187,0.0009161904454231262,0.027364607900381088
z0y528x144,15,A,False,2550,0.05784088000655174,9.563616752624512,0.2669805586338043,13.348322868347168,0.7043346166610718,0.07899874448776245,0.002386394189670682,0.0016385838389396667,0.01192567404359579
z0y528x144,15,A,False,2600,0.05819055065512657,9.570435523986816,0.2681143581867218,13.353151321411133,0.710734486579895,0.07259887456893921,0.0032049883157014847,0.0003496706485748291,0.017816634848713875
z0y528x144,15,A,False,2650,0.057224731892347336,9.580733299255371,0.2686605751514435,13.357172966003418,0.6991550326347351,0.08417832851409912,0.0013492361176759005,0.0009658187627792358,0.04048876836895943
z0y528x144,15,A,False,2700,0.05745988339185715,9.588417053222656,0.2702955901622772,13.36024284362793,0.7090005874633789,0.07433277368545532,0.002609443152323365,0.0002351514995098114,0.014864650554955006
z0y528x144,15,A,False,2750,0.05618465319275856,9.59657096862793,0.272900253534317,13.366016387939453,0.7055269479751587,0.07780641317367554,0.003963387105613947,0.001275230199098587,0.021639825776219368
z0y528x144,15,A,False,2800,0.05417735129594803,9.598675727844238,0.2754102349281311,13.3720064163208,0.6965678930282593,0.08676546812057495,0.0035012303851544857,0.0020073018968105316,0.025172501802444458
z0y528x144,15,A,False,2850,0.056036774069070816,9.61000919342041,0.2770383059978485,13.376533508300781,0.7063649296760559,0.07696843147277832,0.002764602890238166,0.0018594227731227875,0.03187750279903412
z0y528x144,15,A,False,2900,0.05611475929617882,9.624054908752441,0.27851662039756775,13.379891395568848,0.7188481688499451,0.06448519229888916,0.0023721070028841496,7.798522710800171e-05,0.035611994564533234
z0y528x144,15,A,False,2950,0.054289329797029495,9.622027397155762,0.27869030833244324,13.384415626525879,0.6962954998016357,0.08703786134719849,0.0030625369399785995,0.0018254294991493225,0.02032901532948017
z0y528x144,15,A,False,2999,0.05219900235533714,9.622004508972168,0.27988865971565247,13.387479782104492,0.6832605600357056,0.10007280111312866,0.002007031347602606,0.0020903274416923523,0.008733791299164295
z0y528x144,16,A,True,0,0.7240129709243774,2.010023593902588,0.002773393876850605,10.945622444152832,0.724012553691864,0.037098586559295654,0.002773393876850605,0.02544480562210083,0.01736137457191944
z0y528x144,16,A,True,50,1.6419962644577026,2.468989849090576,0.013636359013617039,10.950884819030762,1.642106056213379,-0.8809949159622192,0.014529380947351456,0.9179832935333252,0.7953636050224304
z0y528x144,16,A,True,100,1.978166103363037,3.254896402359009,0.03966851159930229,10.977337837219238,1.9828979969024658,-1.2217868566513062,0.030566034838557243,0.3361698389053345,1.3620251417160034
z0y528x144,16,A,True,150,1.7122743129730225,4.689397811889648,0.10474134236574173,11.09933853149414,1.757367491722107,-0.9962563514709473,0.06764716655015945,0.26589179039001465,2.508570432662964
z0y528x144,16,A,True,200,1.2199058532714844,6.793633937835693,0.22907176613807678,11.309737205505371,1.3457821607589722,-0.5846710205078125,0.1257484257221222,0.4923684597015381,3.721268653869629
z0y528x144,16,A,True,250,0.8614411950111389,8.676012992858887,0.3472418487071991,11.479090690612793,1.0467545986175537,-0.28564345836639404,0.1274796426296234,0.35846465826034546,3.3800933361053467
z0y528x144,16,A,True,300,0.6026269793510437,9.629155158996582,0.405038058757782,11.567059516906738,0.8538212776184082,-0.09271013736724854,0.06367513537406921,0.2588142156600952,1.8106423616409302
z0y528x144,16,A,True,350,0.4736156761646271,10.022974967956543,0.4261499047279358,11.600192070007324,0.7754718661308289,-0.01436072587966919,0.024990228936076164,0.12901130318641663,0.8955195546150208
z0y528x144,16,A,True,400,0.40076956152915955,10.243157386779785,0.4346071481704712,11.614747047424316,0.7561874389648438,0.004923701286315918,0.012672129087150097,0.07284611463546753,0.6454869508743286
z0y528x144,16,A,True,450,0.3571287989616394,10.359950065612793,0.4384456276893616,11.62281608581543,0.7488681077957153,0.012243032455444336,0.007881730794906616,0.04364076256752014,0.43105214834213257
z0y528x144,16,A,True,500,0.32282158732414246,10.412657737731934,0.44098934531211853,11.626343727111816,0.7453128695487976,0.01579827070236206,0.007194592151790857,0.03430721163749695,0.34411320090293884
z0y528x144,16,A,True,550,0.2837126553058624,10.44867992401123,0.4420641362667084,11.627603530883789,0.7205954790115356,0.04051566123962402,0.005992889404296875,0.03910893201828003,0.29878902435302734
z0y528x144,16,A,True,600,0.2542005479335785,10.477094650268555,0.44390052556991577,11.629871368408203,0.7097988128662109,0.05131232738494873,0.005630274768918753,0.029512107372283936,0.23123545944690704
z0y528x144,16,A,True,650,0.24600361287593842,10.50102424621582,0.4453904330730438,11.631382942199707,0.7235559225082397,0.03755521774291992,0.005162852816283703,0.008196935057640076,0.2065144032239914
z0y528x144,16,A,True,700,0.21954141557216644,10.50489330291748,0.4464973509311676,11.63280963897705,0.7054350972175598,0.055676043033599854,0.003645601449534297,0.026462197303771973,0.17896072566509247
z0y528x144,16,A,True,750,0.21070538461208344,10.518647193908691,0.447471022605896,11.634321212768555,0.7169947028160095,0.044116437435150146,0.0030233985744416714,0.008836030960083008,0.15903852880001068
z0y528x144,16,A,True,800,0.19346517324447632,10.511680603027344,0.4483751058578491,11.63532829284668,0.7003735899925232,0.060737550258636475,0.002590363612398505,0.017240211367607117,0.14094127714633942
z0y528x144,16,A,True,850,0.1864055097103119,10.52618408203125,0.4490235149860382,11.635831832885742,0.7127926349639893,0.04831850528717041,0.0029553149361163378,0.007059663534164429,0.12630222737789154
z0y528x144,16,A,True,900,0.17094860970973969,10.528605461120605,0.449207067489624,11.635663986206055,0.6996729373931885,0.06143820285797119,0.002237170236185193,0.015456900000572205,0.10430094599723816
z0y528x144,16,A,True,950,0.16669639945030212,10.518309593200684,0.44925180077552795,11.635831832885742,0.6927654147148132,0.06834572553634644,0.0018263420788571239,0.004252210259437561,0.1152237057685852
z0y528x144,16,A,True,1000,0.16056282818317413,10.505404472351074,0.4492151737213135,11.636838912963867,0.6875209212303162,0.0735902190208435,0.0008459193049930036,0.006133571267127991,0.09812457114458084
z0y528x144,16,A,True,1050,0.15844124555587769,10.512519836425781,0.4499067962169647,11.637258529663086,0.6891974210739136,0.0719137191772461,0.001785455853678286,0.0021215826272964478,0.08524712175130844
z0y528x144,16,A,True,1100,0.15056860446929932,10.49973201751709,0.44993647933006287,11.637678146362305,0.6889208555221558,0.0721902847290039,0.0011534334626048803,0.00787264108657837,0.07450667023658752
z0y528x144,16,A,True,1150,0.14691056311130524,10.49265193939209,0.45001378655433655,11.638181686401367,0.6963362097740173,0.06477493047714233,0.0005505468579940498,0.0036580413579940796,0.05387076362967491
z0y528x144,16,A,True,1200,0.14231155812740326,10.489694595336914,0.4501974284648895,11.638349533081055,0.6970820426940918,0.06402909755706787,0.0011009355075657368,0.0045990049839019775,0.07603544741868973
z0y528x144,16,A,True,1250,0.13618257641792297,10.481700897216797,0.4500400424003601,11.638349533081055,0.6950777173042297,0.06603342294692993,0.0010828975355252624,0.006128981709480286,0.05527065694332123
z0y528x144,16,A,True,1300,0.1329198181629181,10.47982120513916,0.4499836266040802,11.638601303100586,0.691169023513794,0.06994211673736572,0.000985267455689609,0.003262758255004883,0.055987268686294556
z0y528x144,16,A,True,1350,0.13124743103981018,10.479397773742676,0.44974952936172485,11.639020919799805,0.6956841945648193,0.06542694568634033,0.0010723049053922296,0.0016723871231079102,0.049376364797353745
z0y528x144,16,A,True,1400,0.13143563270568848,10.475279808044434,0.44918203353881836,11.637929916381836,0.6992310285568237,0.06188011169433594,0.0007689430494792759,0.0001882016658782959,0.04136147350072861
z0y528x144,16,A,True,1450,0.12439387291669846,10.472859382629395,0.4491698443889618,11.638349533081055,0.6900591254234314,0.07105201482772827,0.0009229443967342377,0.007041759788990021,0.05523787811398506
z0y528x144,16,A,True,1500,0.11993415653705597,10.467608451843262,0.44848042726516724,11.637678146362305,0.6837097406387329,0.07740139961242676,0.0010074141900986433,0.004459716379642487,0.038792818784713745
z0y528x144,16,A,True,1550,0.11814412474632263,10.464982032775879,0.4484230577945709,11.637762069702148,0.6972929835319519,0.06381815671920776,0.00041512338793836534,0.0017900317907333374,0.04235430806875229
z0y528x144,16,A,True,1600,0.11401554942131042,10.467576026916504,0.4479210078716278,11.63734245300293,0.6868216395378113,0.07428950071334839,0.0008136093965731561,0.004128575325012207,0.04096485674381256
z0y528x144,16,A,True,1650,0.11092321574687958,10.466934204101562,0.44752469658851624,11.637090682983398,0.6966748237609863,0.06443631649017334,0.0006572033744305372,0.003092333674430847,0.04295356199145317
z0y528x144,16,A,True,1700,0.10888379067182541,10.459786415100098,0.4476231038570404,11.636419296264648,0.701612114906311,0.05949902534484863,0.0004861943598370999,0.0020394250750541687,0.03412771597504616
z0y528x144,16,A,True,1750,0.10999465733766556,10.46115493774414,0.4476161003112793,11.637006759643555,0.695615828037262,0.0654953122138977,0.0011386411497369409,0.001110866665840149,0.05286897346377373
z0y528x144,16,A,True,1800,0.10616660118103027,10.45275592803955,0.44760894775390625,11.638097763061523,0.6962644457817078,0.0648466944694519,0.0011063690762966871,0.0038280561566352844,0.01989252306520939
z0y528x144,16,A,True,1850,0.10667962580919266,10.44651985168457,0.4476296603679657,11.637762069702148,0.6943277716636658,0.0667833685874939,0.0010471534915268421,0.000513024628162384,0.04266020655632019
z0y528x144,16,A,True,1900,0.10300400853157043,10.436483383178711,0.4478209316730499,11.638433456420898,0.695522129535675,0.06558901071548462,0.0004572706820908934,0.003675617277622223,0.023445425555109978
z0y528x144,16,A,True,1950,0.10488222539424896,10.431835174560547,0.4474901556968689,11.638349533081055,0.6891473531723022,0.07196378707885742,0.0006352881318889558,0.0018782168626785278,0.021666454151272774
z0y528x144,16,A,True,2000,0.10001448541879654,10.438328742980957,0.4474337697029114,11.63952350616455,0.6923965811729431,0.06871455907821655,0.0007680933340452611,0.004867739975452423,0.02510499767959118
z0y528x144,16,A,True,2050,0.10001946985721588,10.429703712463379,0.4469532370567322,11.638601303100586,0.7063878774642944,0.054723262786865234,0.0006929853116162121,4.984438419342041e-06,0.022125059738755226
z0y528x144,16,A,True,2100,0.09556524455547333,10.425667762756348,0.44782257080078125,11.639020919799805,0.6791505813598633,0.08196055889129639,0.0009170916164293885,0.004454225301742554,0.016536567360162735
z0y528x144,16,A,True,2150,0.0969928577542305,10.429644584655762,0.4481726586818695,11.639859199523926,0.6903828382492065,0.07072830200195312,0.0012121261097490788,0.0014276131987571716,0.024273402988910675
z0y528x144,16,A,True,2200,0.09632140398025513,10.42900562286377,0.4471783936023712,11.639020919799805,0.6867706775665283,0.07434046268463135,0.0011785875540226698,0.0006714537739753723,0.017490671947598457
z0y528x144,16,A,True,2250,0.09738584607839584,10.417088508605957,0.44657841324806213,11.637762069702148,0.7020189762115479,0.059092164039611816,0.0006068127113394439,0.0010644420981407166,0.02068284898996353
z0y528x144,16,A,True,2300,0.09500594437122345,10.427371978759766,0.44682222604751587,11.63801383972168,0.705702543258667,0.055408596992492676,0.0006264246767386794,0.002379901707172394,0.020530812442302704
z0y528x144,16,A,True,2350,0.09240267425775528,10.42832088470459,0.4468969404697418,11.638265609741211,0.6946249604225159,0.0664861798286438,0.0006595628219656646,0.00260327011346817,0.039580244570970535
z0y528x144,16,A,True,2400,0.09241921454668045,10.42831039428711,0.4470912218093872,11.640027046203613,0.6877338886260986,0.07337725162506104,0.0019448755774646997,1.65402889251709e-05,0.017716942355036736
z0y528x144,16,A,True,2450,0.09295753389596939,10.436835289001465,0.44724828004837036,11.641705513000488,0.692154586315155,0.06895655393600464,0.0018099532462656498,0.0005383193492889404,0.0411728173494339
z0y528x144,16,A,True,2500,0.089043989777565,10.42859935760498,0.4470684230327606,11.642963409423828,0.6889989376068115,0.07211220264434814,0.0012968459632247686,0.003913544118404388,0.015608619898557663
z0y528x144,16,A,True,2550,0.08870808780193329,10.43260669708252,0.446512371301651,11.642459869384766,0.6864690184593201,0.0746421217918396,0.0005769477575086057,0.00033590197563171387,0.017086053267121315
z0y528x144,16,A,True,2600,0.09122508019208908,10.432182312011719,0.4455394148826599,11.641201972961426,0.6915567517280579,0.0695543885231018,0.00103229028172791,0.0025169923901557922,0.011140410788357258
z0y528x144,16,A,True,2650,0.08901457488536835,10.451210975646973,0.4450988471508026,11.64212417602539,0.692406177520752,0.06870496273040771,0.0012199940392747521,0.0022105053067207336,0.050026219338178635
z0y528x144,16,A,True,2700,0.0867701917886734,10.444920539855957,0.44528108835220337,11.642963409423828,0.7015108466148376,0.05960029363632202,0.0005600472213700414,0.0022443830966949463,0.02676803432404995
z0y528x144,16,A,True,2750,0.08957746624946594,10.451924324035645,0.44496482610702515,11.643131256103516,0.6980611085891724,0.0630500316619873,0.001424525398761034,0.0028072744607925415,0.02896629087626934
z0y528x144,16,A,True,2800,0.08681517094373703,10.4501953125,0.4444209039211273,11.64254379272461,0.699459969997406,0.06165117025375366,0.0006433570524677634,0.0027622953057289124,0.04070815443992615
z0y528x144,16,A,True,2850,0.08550667762756348,10.438507080078125,0.4436119794845581,11.64254379272461,0.6970885992050171,0.06402254104614258,0.0009508439106866717,0.0013084933161735535,0.05070493370294571
z0y528x144,16,A,True,2900,0.08443024009466171,10.443686485290527,0.4432012438774109,11.642627716064453,0.6907722353935242,0.0703389048576355,0.0007459659827873111,0.001076437532901764,0.04557957127690315
z0y528x144,16,A,True,2950,0.08386687189340591,10.446860313415527,0.44326362013816833,11.643047332763672,0.6933977007865906,0.06771343946456909,0.000605937500949949,0.0005633682012557983,0.0178725216537714
z0y528x144,16,A,True,2999,0.08691240102052689,10.446856498718262,0.4437621235847473,11.64380168914795,0.6920414566993713,0.06906968355178833,0.0008002282120287418,0.0030455291271209717,0.0345064178109169
z0y528x144,17,A,True,0,0.720081627368927,2.0100209712982178,0.00275100814178586,4.969167709350586,0.7522668838500977,-0.13004463911056519,0.00275100814178586,0.02534264326095581,0.017356695607304573
z0y528x144,17,A,True,50,1.5046112537384033,2.299272298812866,0.051855411380529404,5.006392478942871,1.693288803100586,-1.0710666179656982,0.0513443686068058,0.7845296263694763,0.5022383332252502
z0y528x144,17,A,True,100,1.2809507846832275,2.510946035385132,0.09911226481199265,5.1272382736206055,1.6521722078323364,-1.0299499034881592,0.060245055705308914,0.22366046905517578,0.4299491047859192
z0y528x144,17,A,True,150,0.6266993880271912,2.5536816120147705,0.13398036360740662,5.248581409454346,1.1800897121429443,-0.5578674674034119,0.05096445232629776,0.6542513966560364,0.13377739489078522
z0y528x144,17,A,True,200,0.3150337040424347,2.5147883892059326,0.15784448385238647,5.369501113891602,1.1100822687149048,-0.4878600239753723,0.0368460975587368,0.31166568398475647,0.12454158812761307
z0y528x144,17,A,True,250,0.1946791112422943,2.445024251937866,0.16599306464195251,5.451826572418213,1.0075106620788574,-0.38528841733932495,0.015521240420639515,0.12035459280014038,0.12174011021852493
z0y528x144,17,A,True,300,0.1428707093000412,2.4016921520233154,0.1688164472579956,5.499955654144287,0.8566762208938599,-0.2344539761543274,0.008686664514243603,0.05180840194225311,0.07567962259054184
z0y528x144,17,A,True,350,0.12343969941139221,2.3766534328460693,0.17066141963005066,5.525177478790283,0.8363205194473267,-0.2140982747077942,0.0045215291902422905,0.019431009888648987,0.04436342790722847
z0y528x144,17,A,True,400,0.10913615673780441,2.3623056411743164,0.17127203941345215,5.540731430053711,0.7890597581863403,-0.16683751344680786,0.002376948017627001,0.014303542673587799,0.025109553709626198
z0y528x144,17,A,True,450,0.10122543573379517,2.352004051208496,0.17179617285728455,5.553033351898193,0.783769965171814,-0.1615477204322815,0.0018051244551315904,0.007910721004009247,0.018184084445238113
z0y528x144,17,A,True,500,0.09854966402053833,2.345778465270996,0.17194727063179016,5.561424732208252,0.7778580188751221,-0.1556357741355896,0.0012170696863904595,0.002675771713256836,0.011380335316061974
z0y528x144,17,A,True,550,0.09395720064640045,2.341423273086548,0.17214855551719666,5.567676544189453,0.7897770404815674,-0.1675547957420349,0.001081677619367838,0.004592463374137878,0.0077930330298841
z0y528x144,17,A,True,600,0.08970659971237183,2.3359968662261963,0.17217659950256348,5.573965549468994,0.7742619514465332,-0.15203970670700073,0.0012367084855213761,0.0042506009340286255,0.009646610356867313
z0y528x144,17,A,True,650,0.08479242026805878,2.3305139541625977,0.17264872789382935,5.580662727355957,0.758027195930481,-0.1358049511909485,0.0015563896158710122,0.004914179444313049,0.010137346573174
z0y528x144,17,A,True,700,0.0828799456357956,2.3287885189056396,0.1726977378129959,5.585210800170898,0.7743015289306641,-0.1520792841911316,0.00039652580744586885,0.0019124746322631836,0.003122219815850258
z0y528x144,17,A,True,750,0.08054177463054657,2.3253114223480225,0.17307431995868683,5.589056015014648,0.7651941776275635,-0.142971932888031,0.0008468648884445429,0.0023381710052490234,0.006039396394044161
z0y528x144,17,A,True,800,0.07868166267871857,2.3228394985198975,0.1735045164823532,5.593182563781738,0.7500700354576111,-0.1278477907180786,0.00074200943345204,0.001860111951828003,0.004400403238832951
z0y528x144,17,A,True,850,0.0768560916185379,2.3192577362060547,0.1738286018371582,5.597567558288574,0.7482577562332153,-0.12603551149368286,0.0012675562174990773,0.001825571060180664,0.007930194959044456
z0y528x144,17,A,True,900,0.07302768528461456,2.315213441848755,0.17404592037200928,5.60033655166626,0.7202039957046509,-0.09798175096511841,0.0011193620739504695,0.00382840633392334,0.0070642270147800446
z0y528x144,17,A,True,950,0.07135576754808426,2.312269449234009,0.17419400811195374,5.60541296005249,0.7455771565437317,-0.12335491180419922,0.001011169864796102,0.001671917736530304,0.005179910454899073
z0y528x144,17,A,True,1000,0.06816157698631287,2.3077354431152344,0.17454974353313446,5.609679698944092,0.7447866201400757,-0.12256437540054321,0.0011570826172828674,0.003194190561771393,0.008268889971077442
z0y528x144,17,A,True,1050,0.067116379737854,2.30477237701416,0.1751166433095932,5.612855911254883,0.7241142988204956,-0.10189205408096313,0.0012012060033157468,0.0010451972484588623,0.0058085741475224495
z0y528x144,17,A,True,1100,0.066209577023983,2.3030269145965576,0.17570127546787262,5.616986274719238,0.7326037883758545,-0.11038154363632202,0.0009582372731529176,0.0009068027138710022,0.003373506013303995
z0y528x144,17,A,True,1150,0.06613943725824356,2.302558183670044,0.17601722478866577,5.620527744293213,0.7405458092689514,-0.11832356452941895,0.00043695096974261105,7.013976573944092e-05,0.0019898968748748302
z0y528x144,17,A,True,1200,0.06598566472530365,2.3006575107574463,0.1766113042831421,5.62293815612793,0.7324100136756897,-0.11018776893615723,0.0010907055111601949,0.0001537725329399109,0.00642044423148036
z0y528x144,17,A,True,1250,0.06557564437389374,2.3000705242156982,0.17704804241657257,5.62489128112793,0.7275987863540649,-0.10537654161453247,0.0005695054423995316,0.0004100203514099121,0.0033468930050730705
z0y528x144,17,A,True,1300,0.061414457857608795,2.2963335514068604,0.1776605248451233,5.6286444664001465,0.7425482273101807,-0.1203259825706482,0.0012042989255860448,0.004161186516284943,0.007118930108845234
z0y528x144,17,A,True,1350,0.06085006147623062,2.2953686714172363,0.17802830040454865,5.6313982009887695,0.7364051342010498,-0.11418288946151733,0.0005531117785722017,0.0005643963813781738,0.003563227131962776
z0y528x144,17,A,True,1400,0.05989869311451912,2.2936723232269287,0.17819908261299133,5.635016918182373,0.7297205924987793,-0.10749834775924683,0.00043845537584275007,0.0009513683617115021,0.003011810127645731
z0y528x144,17,A,True,1450,0.05680331960320473,2.288418769836426,0.17849209904670715,5.639001846313477,0.7394158840179443,-0.11719363927841187,0.0013641058467328548,0.003095373511314392,0.009492199867963791
z0y528x144,17,A,True,1500,0.05486197769641876,2.2856876850128174,0.17971350252628326,5.643675804138184,0.7375315427780151,-0.11530929803848267,0.0014661956811323762,0.001941341906785965,0.004867749288678169
z0y528x144,17,A,True,1550,0.05458461120724678,2.283306121826172,0.17983129620552063,5.647286415100098,0.7375470399856567,-0.11532479524612427,0.000746299687307328,0.0002773664891719818,0.005436430219560862
z0y528x144,17,A,True,1600,0.05177902430295944,2.2772433757781982,0.1807919293642044,5.653465270996094,0.7325137257575989,-0.1102914810180664,0.0016099057393148541,0.0028055869042873383,0.01092611812055111
z0y528x144,17,A,True,1650,0.048486582934856415,2.2719802856445312,0.18132519721984863,5.658041000366211,0.7348186373710632,-0.11259639263153076,0.0014282974880188704,0.0032924413681030273,0.009608320891857147
z0y528x144,17,A,True,1700,0.047704391181468964,2.2695751190185547,0.18166126310825348,5.662397384643555,0.7295182943344116,-0.10729604959487915,0.0004718503332696855,0.0007821917533874512,0.004526589997112751
z0y528x144,17,A,True,1750,0.046350590884685516,2.263977289199829,0.18220552802085876,5.667569160461426,0.7181100845336914,-0.09588783979415894,0.0016619713278487325,0.0013538002967834473,0.011126586236059666
z0y528x144,17,A,True,1800,0.04563983902335167,2.2610082626342773,0.18274937570095062,5.673704147338867,0.7289849519729614,-0.10676270723342896,0.0009579024626873434,0.000710751861333847,0.005788966082036495
z0y528x144,17,A,True,1850,0.04498101770877838,2.257995128631592,0.18322554230690002,5.676414489746094,0.7268483638763428,-0.1046261191368103,0.0010003614006564021,0.000658821314573288,0.007338197436183691
z0y528x144,17,A,True,1900,0.04359175264835358,2.2536256313323975,0.1839383989572525,5.679853916168213,0.7222477197647095,-0.100025475025177,0.0010274959495291114,0.0013892650604248047,0.008235156536102295
z0y528x144,17,A,True,1950,0.04236273840069771,2.25019907951355,0.1846950352191925,5.682346343994141,0.7091139554977417,-0.08689171075820923,0.0010822294279932976,0.0012290142476558685,0.00597359100356698
z0y528x144,17,A,True,2000,0.04075154662132263,2.2473292350769043,0.18530753254890442,5.683785915374756,0.7174541354179382,-0.09523189067840576,0.0010661316337063909,0.0016111917793750763,0.005068928003311157
z0y528x144,17,A,True,2050,0.04020683839917183,2.245565176010132,0.1855972856283188,5.687199592590332,0.7026581764221191,-0.08043593168258667,0.0006166574312373996,0.0005447082221508026,0.003192297415807843
z0y528x144,17,A,True,2100,0.03909190744161606,2.2437000274658203,0.1859428733587265,5.689517021179199,0.7067368626594543,-0.08451461791992188,0.0010878759203478694,0.0011149309575557709,0.004882559180259705
z0y528x144,17,A,True,2150,0.037887316197156906,2.239382028579712,0.18673449754714966,5.692284107208252,0.7327679395675659,-0.11054569482803345,0.0013910699635744095,0.0012045912444591522,0.00802735798060894
z0y528x144,17,A,True,2200,0.037637047469615936,2.2361087799072266,0.1876692771911621,5.695735931396484,0.714036226272583,-0.09181398153305054,0.0010054659796878695,0.00025026872754096985,0.006122473627328873
z0y528x144,17,A,True,2250,0.03790963813662529,2.235132932662964,0.1881866753101349,5.695499897003174,0.7092145085334778,-0.08699226379394531,0.00053676578681916,0.00027259066700935364,0.0017776938620954752
z0y528x144,17,A,True,2300,0.03780803829431534,2.231874465942383,0.18865947425365448,5.699249744415283,0.7163867354393005,-0.09416449069976807,0.0008277972810901701,0.00010159984230995178,0.00595178222283721
z0y528x144,17,A,True,2350,0.036741454154253006,2.2289927005767822,0.18910856544971466,5.70186185836792,0.7414078712463379,-0.11918562650680542,0.000474407832371071,0.0010665841400623322,0.00545520568266511
z0y528x144,17,A,True,2400,0.03509502485394478,2.223971366882324,0.1899232268333435,5.706056594848633,0.7164981961250305,-0.09427595138549805,0.001205821055918932,0.0016464293003082275,0.00880199484527111
z0y528x144,17,A,True,2450,0.0343225859105587,2.220111608505249,0.1909792125225067,5.710846424102783,0.7046282887458801,-0.08240604400634766,0.0015859417617321014,0.0007724389433860779,0.0074906060472130775
z0y528x144,17,A,True,2500,0.032864030450582504,2.215200662612915,0.1913793385028839,5.712086200714111,0.6925069689750671,-0.07028472423553467,0.0010912604629993439,0.0014585554599761963,0.008538280613720417
z0y528x144,17,A,True,2550,0.03283000737428665,2.2145049571990967,0.1916361004114151,5.714607238769531,0.7119659185409546,-0.08974367380142212,0.00031742246937938035,3.402307629585266e-05,0.0033408906310796738
z0y528x144,17,A,True,2600,0.03229765221476555,2.2109920978546143,0.1922461986541748,5.715696811676025,0.7172656059265137,-0.0950433611869812,0.0012129107490181923,0.0005323551595211029,0.006994557101279497
z0y528x144,17,A,True,2650,0.03110356256365776,2.2073419094085693,0.19292473793029785,5.718942165374756,0.721168577671051,-0.09894633293151855,0.0009975003777071834,0.001194089651107788,0.006332904566079378
z0y528x144,17,A,True,2700,0.030673928558826447,2.2063710689544678,0.19337104260921478,5.720542907714844,0.7097899913787842,-0.08756774663925171,0.0006764585268683732,0.0004296340048313141,0.003970125690102577
z0y528x144,17,A,True,2750,0.030993666499853134,2.207329511642456,0.19425904750823975,5.722334861755371,0.7220534086227417,-0.09983116388320923,0.000936193682719022,0.0003197379410266876,0.0024044823367148638
z0y528x144,17,A,True,2800,0.030622901394963264,2.2060508728027344,0.1947033852338791,5.722484111785889,0.7063587307929993,-0.0841364860534668,0.0008657929138280451,0.0003707651048898697,0.004292930010706186
z0y528x144,17,A,True,2850,0.030473677441477776,2.2046382427215576,0.19469623267650604,5.723614692687988,0.7080881595611572,-0.08586591482162476,0.00026167742908000946,0.0001492239534854889,0.00327667105011642
z0y528x144,17,A,True,2900,0.030318142846226692,2.2026307582855225,0.19517874717712402,5.725640296936035,0.717483639717102,-0.09526139497756958,0.0007736661355011165,0.00015553459525108337,0.005943496245890856
z0y528x144,17,A,True,2950,0.030158475041389465,2.2008912563323975,0.19561906158924103,5.7278361320495605,0.7054563760757446,-0.08323413133621216,0.0008543571457266808,0.00015966780483722687,0.004398442804813385
z0y528x144,17,A,True,2999,0.02987556904554367,2.199144124984741,0.19599302113056183,5.729988098144531,0.7178695797920227,-0.09564733505249023,0.0008662176551297307,0.0002829059958457947,0.004504511598497629
z0y528x144,18,A,False,0,0.7200393676757812,2.010024070739746,0.0027695391327142715,7.195393085479736,0.7215149998664856,0.03959614038467407,0.0027695391327142715,0.025348961353302002,0.01736219972372055
z0y528x144,18,A,False,50,1.8307175636291504,2.446650266647339,0.012141155079007149,7.2247843742370605,1.8534278869628906,-1.092316746711731,0.013707517646253109,1.1106781959533691,0.759543776512146
z0y528x144,18,A,False,100,1.222625494003296,2.8624045848846436,0.08707606047391891,7.3422369956970215,1.304943561553955,-0.5438324213027954,0.08274777233600616,0.6080920696258545,0.7757887244224548
z0y528x144,18,A,False,150,0.9918766617774963,3.3076181411743164,0.16217927634716034,7.430143356323242,1.2800953388214111,-0.5189841985702515,0.07825656235218048,0.23074883222579956,0.8436002731323242
z0y528x144,18,A,False,200,0.47190171480178833,3.383516311645508,0.22482240200042725,7.4924116134643555,0.9687229990959167,-0.20761185884475708,0.0632578507065773,0.519974946975708,0.3219170570373535
z0y528x144,18,A,False,250,0.27735719084739685,3.294567823410034,0.2513991594314575,7.519960403442383,0.8420873284339905,-0.08097618818283081,0.027437962591648102,0.19454452395439148,0.1952938288450241
z0y528x144,18,A,False,300,0.22800026834011078,3.250763177871704,0.260095477104187,7.529823303222656,0.8092852830886841,-0.048174142837524414,0.00993453897535801,0.04935692250728607,0.09931087493896484
z0y528x144,18,A,False,350,0.21571996808052063,3.2487070560455322,0.26565787196159363,7.536418914794922,0.7919620275497437,-0.030850887298583984,0.007035559508949518,0.012280300259590149,0.03224775940179825
z0y528x144,18,A,False,400,0.2010684311389923,3.251483201980591,0.27001675963401794,7.541162967681885,0.7783596515655518,-0.01724851131439209,0.005224326625466347,0.01465153694152832,0.03243943676352501
z0y528x144,18,A,False,450,0.19818244874477386,3.2612998485565186,0.272883802652359,7.544399738311768,0.7880092263221741,-0.026898086071014404,0.0033530646469444036,0.002885982394218445,0.034412678331136703
z0y528x144,18,A,False,500,0.19473718106746674,3.272923707962036,0.274345725774765,7.5460662841796875,0.7958558201789856,-0.03474467992782593,0.0020706718787550926,0.003445267677307129,0.02911122515797615
z0y528x144,18,A,False,550,0.18714454770088196,3.2800710201263428,0.276174932718277,7.548217296600342,0.7894731760025024,-0.028362035751342773,0.002212817780673504,0.007592633366584778,0.031533729285001755
z0y528x144,18,A,False,600,0.18269410729408264,3.2914247512817383,0.2778336703777313,7.549931526184082,0.7969074845314026,-0.03579634428024292,0.001816058298572898,0.004450440406799316,0.031124260276556015
z0y528x144,18,A,False,650,0.17302164435386658,3.2954139709472656,0.27985382080078125,7.552517890930176,0.7838248014450073,-0.022713661193847656,0.002805896569043398,0.009672462940216064,0.026996789500117302
z0y528x144,18,A,False,700,0.16289106011390686,3.298412322998047,0.28082191944122314,7.553277492523193,0.7823596000671387,-0.021248459815979004,0.001183055923320353,0.010130584239959717,0.01691325381398201
z0y528x144,18,A,False,750,0.15370987355709076,3.307177782058716,0.28087952733039856,7.5533905029296875,0.7686256170272827,-0.007514476776123047,0.00023571772908326238,0.009181186556816101,0.026785144582390785
z0y528x144,18,A,False,800,0.14755748212337494,3.3153693675994873,0.2813299000263214,7.553778648376465,0.7779328227043152,-0.016821682453155518,0.0009317900985479355,0.00615239143371582,0.01928323321044445
z0y528x144,18,A,False,850,0.1430884301662445,3.3218677043914795,0.2814438045024872,7.554069519042969,0.7723214626312256,-0.011210322380065918,0.0007177943480201066,0.004469051957130432,0.022855624556541443
z0y528x144,18,A,False,900,0.13880522549152374,3.327462911605835,0.2824239134788513,7.555523872375488,0.7687554359436035,-0.007644295692443848,0.0020306347869336605,0.004283204674720764,0.012399440631270409
z0y528x144,18,A,False,950,0.13558053970336914,3.3341333866119385,0.28199949860572815,7.554344177246094,0.7643624544143677,-0.003251314163208008,0.0009088851511478424,0.003224685788154602,0.015943776816129684
z0y528x144,18,A,False,1000,0.12818345427513123,3.3398666381835938,0.28249162435531616,7.553988456726074,0.762873649597168,-0.0017625093460083008,0.0012450194917619228,0.007397085428237915,0.01633797213435173
z0y528x144,18,A,False,1050,0.12399326264858246,3.350966691970825,0.2828601002693176,7.553406715393066,0.7661280632019043,-0.005016922950744629,0.0009592048591002822,0.004190191626548767,0.022842513397336006
z0y528x144,18,A,False,1100,0.1130068376660347,3.3508386611938477,0.2830435335636139,7.553746223449707,0.7518496513366699,0.009261488914489746,0.0003985217772424221,0.01098642498254776,0.0129998242482543
z0y528x144,18,A,False,1150,0.10464906692504883,3.3533504009246826,0.28246331214904785,7.552372455596924,0.7456759214401245,0.015435218811035156,0.0013817710569128394,0.00835777074098587,0.014106975868344307
z0y528x144,18,A,False,1200,0.10306397080421448,3.359937906265259,0.28250885009765625,7.55208158493042,0.7585321664810181,0.0025789737701416016,0.0006514230626635253,0.0015850961208343506,0.019509905949234962
z0y528x144,18,A,False,1250,0.09762479364871979,3.3620221614837646,0.28325989842414856,7.552647113800049,0.7508695125579834,0.01024162769317627,0.0009410267230123281,0.00543917715549469,0.005583468824625015
z0y528x144,18,A,False,1300,0.09379465132951736,3.3645477294921875,0.28366348147392273,7.55225944519043,0.7521188855171204,0.008992254734039307,0.00060292734997347,0.003830142319202423,0.008205680176615715
z0y528x144,18,A,False,1350,0.09048975259065628,3.3663418292999268,0.28421398997306824,7.552372455596924,0.7431291341781616,0.017982006072998047,0.0009176487801596522,0.003304898738861084,0.012134828604757786
z0y528x144,18,A,False,1400,0.08771296590566635,3.3705692291259766,0.28452903032302856,7.552534103393555,0.7389798760414124,0.022131264209747314,0.0003868157509714365,0.002776786684989929,0.012353586964309216
z0y528x144,18,A,False,1450,0.08607229590415955,3.3714630603790283,0.2844993770122528,7.5517096519470215,0.7446224689483643,0.01648867130279541,0.0005714602302759886,0.0016406700015068054,0.003127217525616288
z0y528x144,18,A,False,1500,0.08818721771240234,3.381791353225708,0.2850813567638397,7.551451206207275,0.7440982460975647,0.01701289415359497,0.0008135775569826365,0.002114921808242798,0.0208838302642107
z0y528x144,18,A,False,1550,0.08308892697095871,3.3800981044769287,0.28530555963516235,7.550933837890625,0.7477741241455078,0.013337016105651855,0.000509872508700937,0.005098290741443634,0.011390654370188713
z0y528x144,18,A,False,1600,0.0825246199965477,3.3872833251953125,0.28607872128486633,7.551402568817139,0.751367449760437,0.009743690490722656,0.0008571913931518793,0.0005643069744110107,0.016520310193300247
z0y528x144,18,A,False,1650,0.07991895079612732,3.38883113861084,0.28604117035865784,7.551257133483887,0.7359413504600525,0.025169789791107178,0.0007547800778411329,0.0026056692004203796,0.01511309016495943
z0y528x144,18,A,False,1700,0.07544826716184616,3.3878955841064453,0.2866417467594147,7.551467418670654,0.7406215667724609,0.02048957347869873,0.001015684218145907,0.0044706836342811584,0.004961964674293995
z0y528x144,18,A,False,1750,0.07402928918600082,3.387805700302124,0.2871078550815582,7.551548004150391,0.750934362411499,0.010176777839660645,0.0006458706338889897,0.001418977975845337,0.0028091848362237215
z0y528x144,18,A,False,1800,0.07132509350776672,3.386467695236206,0.2874588370323181,7.5512895584106445,0.7387259006500244,0.022385239601135254,0.000949001288972795,0.0027041956782341003,0.011858832091093063
z0y528x144,18,A,False,1850,0.06935447454452515,3.386665105819702,0.28843432664871216,7.551499843597412,0.7369812726974487,0.024129867553710938,0.0010828988160938025,0.001970618963241577,0.006805626675486565
z0y528x144,18,A,False,1900,0.0700288787484169,3.3910157680511475,0.287807822227478,7.549882888793945,0.7374247312545776,0.02368640899658203,0.0013949970016255975,0.0006744042038917542,0.008028153330087662
z0y528x144,18,A,False,1950,0.06865484267473221,3.3928263187408447,0.2880578935146332,7.5497050285339355,0.7314695715904236,0.029641568660736084,0.0005394830368459225,0.0013740360736846924,0.01131688617169857
z0y528x144,18,A,False,2000,0.06639883667230606,3.3908891677856445,0.2885668873786926,7.549931526184082,0.7221764922142029,0.03893464803695679,0.0008528663893230259,0.0022560060024261475,0.004595140926539898
z0y528x144,18,A,False,2050,0.06310302764177322,3.3900363445281982,0.2881578207015991,7.54858922958374,0.7250264286994934,0.03608471155166626,0.0009091352694667876,0.003295809030532837,0.006570002995431423
z0y528x144,18,A,False,2100,0.06176355853676796,3.391202211380005,0.28755712509155273,7.547198295593262,0.7180829048156738,0.04302823543548584,0.0011310079135000706,0.0013394691050052643,0.011020380072295666
z0y528x144,18,A,False,2150,0.06141134724020958,3.392897367477417,0.28809383511543274,7.547441005706787,0.7328693270683289,0.02824181318283081,0.0008315274608321488,0.0003522112965583801,0.009061791934072971
z0y528x144,18,A,False,2200,0.06267835944890976,3.3958213329315186,0.28833097219467163,7.547263145446777,0.7409411668777466,0.020169973373413086,0.0009552084957249463,0.00126701220870018,0.010424073785543442
z0y528x144,18,A,False,2250,0.06306867301464081,3.404125213623047,0.28855255246162415,7.54637336730957,0.7323326468467712,0.028778493404388428,0.0010778612922877073,0.0003903135657310486,0.014980368316173553
z0y528x144,18,A,False,2300,0.05950991064310074,3.3987338542938232,0.2882893979549408,7.544933795928955,0.7198864817619324,0.041224658489227295,0.001169789582490921,0.0035587623715400696,0.01688552275300026
z0y528x144,18,A,False,2350,0.0566876158118248,3.3973472118377686,0.2888602912425995,7.544804096221924,0.7317768931388855,0.02933424711227417,0.000985442311502993,0.00282229483127594,0.009165755473077297
z0y528x144,18,A,False,2400,0.05336324870586395,3.3917884826660156,0.28870174288749695,7.544221878051758,0.7201476693153381,0.04096347093582153,0.000860163476318121,0.003324367105960846,0.010792003944516182
z0y528x144,18,A,False,2450,0.05078329145908356,3.389683723449707,0.2888861298561096,7.543412685394287,0.7088386416435242,0.0522724986076355,0.0015179056208580732,0.0025799572467803955,0.005518841557204723
z0y528x144,18,A,False,2500,0.052266377955675125,3.396974563598633,0.2890288829803467,7.542829990386963,0.719012439250946,0.04209870100021362,0.0009658795315772295,0.001483086496591568,0.013463125564157963
z0y528x144,18,A,False,2550,0.0531310997903347,3.3999106884002686,0.2888311445713043,7.542215347290039,0.7254196405410767,0.03569149971008301,0.001070078695192933,0.0008647218346595764,0.010517033748328686
z0y528x144,18,A,False,2600,0.04998781904578209,3.3957412242889404,0.28915518522262573,7.542004585266113,0.7153116464614868,0.04579949378967285,0.0005824944237247109,0.0031432807445526123,0.017600195482373238
z0y528x144,18,A,False,2650,0.050570037215948105,3.40667724609375,0.2893325686454773,7.541486740112305,0.7272136211395264,0.0338975191116333,0.0005576149560511112,0.0005822181701660156,0.019344253465533257
z0y528x144,18,A,False,2700,0.048367179930210114,3.400202989578247,0.2889558672904968,7.540968894958496,0.725409746170044,0.03570139408111572,0.0008860122179612517,0.0022028572857379913,0.012101533822715282
z0y528x144,18,A,False,2750,0.04637087509036064,3.3953659534454346,0.2893969416618347,7.541389465332031,0.7178270816802979,0.043284058570861816,0.0007693238439969718,0.001996304839849472,0.012571156956255436
z0y528x144,18,A,False,2800,0.04583846777677536,3.3971307277679443,0.2894335687160492,7.541389465332031,0.7322493195533752,0.028861820697784424,0.0004944155225530267,0.0005324073135852814,0.009928211569786072
z0y528x144,18,A,False,2850,0.04537694901227951,3.3988113403320312,0.28947705030441284,7.541114330291748,0.7226071953773499,0.038503944873809814,0.0002695374423637986,0.0004615187644958496,0.008010740391910076
z0y528x144,18,A,False,2900,0.04531976208090782,3.4009273052215576,0.28872668743133545,7.540159225463867,0.7127145528793335,0.04839658737182617,0.000983581761829555,5.718693137168884e-05,0.0047275470569729805
z0y528x144,18,A,False,2950,0.04410707578063011,3.3980438709259033,0.28876614570617676,7.540321350097656,0.715178370475769,0.045932769775390625,0.00035165634471923113,0.00121268630027771,0.009100034832954407
z0y528x144,18,A,False,2999,0.04671548306941986,3.401137590408325,0.28939685225486755,7.541325092315674,0.7102798223495483,0.05083131790161133,0.0010432761628180742,0.002608407288789749,0.005721553228795528
z0y528x144,19,A,False,0,0.7194710373878479,2.010019540786743,0.0027585437055677176,10.381939888000488,0.7194715142250061,0.041639626026153564,0.0027585437055677176,0.02528560161590576,0.017354492098093033
z0y528x144,19,A,False,50,1.7746797800064087,2.492532730102539,0.010012396611273289,10.374387741088867,1.7749509811401367,-1.013839840888977,0.007349326740950346,1.055208683013916,0.8388025760650635
z0y528x144,19,A,False,100,2.1885781288146973,3.2703940868377686,0.021510032936930656,10.403410911560059,2.1970767974853516,-1.435965657234192,0.028185183182358742,0.4138983488082886,1.351267695426941
z0y528x144,19,A,False,150,1.4734811782836914,4.170515060424805,0.08323157578706741,10.527284622192383,1.5653667449951172,-0.8042556047439575,0.06290196627378464,0.7150969505310059,1.5823713541030884
z0y528x144,19,A,False,200,0.9635403156280518,4.9611382484436035,0.16113808751106262,10.675386428833008,1.1784909963607788,-0.41737985610961914,0.08694355934858322,0.5099408626556396,1.3901824951171875
z0y528x144,19,A,False,250,0.5284237861633301,5.178633213043213,0.2227688580751419,10.79609489440918,0.8212234377861023,-0.06011229753494263,0.062665656208992,0.4351165294647217,0.4834551513195038
z0y528x144,19,A,False,300,0.4554693400859833,5.267301559448242,0.25788983702659607,10.852954864501953,0.7979353070259094,-0.036824166774749756,0.03698855638504028,0.0729544460773468,0.3246801793575287
z0y528x144,19,A,False,350,0.37021398544311523,5.315074443817139,0.28242647647857666,10.894648551940918,0.7676127552986145,-0.006501615047454834,0.02502289228141308,0.08525535464286804,0.20835180580615997
z0y528x144,19,A,False,400,0.3337324857711792,5.332104206085205,0.29879680275917053,10.924433708190918,0.7756965756416321,-0.014585435390472412,0.017203638330101967,0.036481499671936035,0.1277679204940796
z0y528x144,19,A,False,450,0.2851409614086151,5.328721523284912,0.3108912408351898,10.947361946105957,0.7657107710838318,-0.004599630832672119,0.012714909389615059,0.04859152436256409,0.08126721531152725
z0y528x144,19,A,False,500,0.2531755864620209,5.326297283172607,0.3216923773288727,10.968260765075684,0.7544394135475159,0.006671726703643799,0.011299878358840942,0.03196537494659424,0.06631375104188919
z0y528x144,19,A,False,550,0.2266618311405182,5.324585437774658,0.3292654752731323,10.98385238647461,0.7401211857795715,0.020989954471588135,0.007818572223186493,0.026513755321502686,0.046083081513643265
z0y528x144,19,A,False,600,0.2131621241569519,5.322836399078369,0.33499807119369507,10.996826171875,0.7309101819992065,0.030200958251953125,0.006100742612034082,0.013499706983566284,0.041767723858356476
z0y528x144,19,A,False,650,0.2007167488336563,5.327538013458252,0.3400770127773285,11.009672164916992,0.7268409729003906,0.03427016735076904,0.00529951136559248,0.012445375323295593,0.022854294627904892
z0y528x144,19,A,False,700,0.1870761513710022,5.338490009307861,0.34484076499938965,11.019890785217285,0.7273362278938293,0.03377491235733032,0.0048482902348041534,0.013640597462654114,0.02898176945745945
z0y528x144,19,A,False,750,0.1813671737909317,5.34557580947876,0.34862884879112244,11.027531623840332,0.7333918213844299,0.027719318866729736,0.0040167998522520065,0.005708977580070496,0.02452513575553894
z0y528x144,19,A,False,800,0.1735326051712036,5.356189250946045,0.35238826274871826,11.03445816040039,0.7234667539596558,0.037644386291503906,0.0040948218666017056,0.007834568619728088,0.03530752286314964
z0y528x144,19,A,False,850,0.17169003188610077,5.369569301605225,0.35536623001098633,11.042155265808105,0.7176473140716553,0.043463826179504395,0.0029806208331137896,0.0018425732851028442,0.03466120734810829
z0y528x144,19,A,False,900,0.1698654443025589,5.38465690612793,0.3576359748840332,11.047394752502441,0.7190912961959839,0.04201984405517578,0.0023707568179816008,0.0018245875835418701,0.030727604404091835
z0y528x144,19,A,False,950,0.16644276678562164,5.392675399780273,0.3600958287715912,11.05338191986084,0.723239004611969,0.037872135639190674,0.0025917976163327694,0.003422677516937256,0.02525235339999199
z0y528x144,19,A,False,1000,0.1626347005367279,5.405919551849365,0.36355823278427124,11.059741020202637,0.7112827301025391,0.049828410148620605,0.003505236702039838,0.003808066248893738,0.027330566197633743
z0y528x144,19,A,False,1050,0.15797945857048035,5.418575286865234,0.3664860725402832,11.06719970703125,0.7120686769485474,0.049042463302612305,0.0030393614433705807,0.004655241966247559,0.03977091982960701
z0y528x144,19,A,False,1100,0.16186484694480896,5.4388885498046875,0.3696741461753845,11.071213722229004,0.7209851741790771,0.04012596607208252,0.003386058611795306,0.0038853883743286133,0.04499096795916557
z0y528x144,19,A,False,1150,0.1607000231742859,5.459258556365967,0.37206122279167175,11.076504707336426,0.7263768315315247,0.03473430871963501,0.002421498065814376,0.0011648237705230713,0.03766719624400139
z0y528x144,19,A,False,1200,0.15226005017757416,5.47540283203125,0.3741641938686371,11.081551551818848,0.7148621082305908,0.04624903202056885,0.002103411126881838,0.008439972996711731,0.02830536849796772
z0y528x144,19,A,False,1250,0.14910230040550232,5.487219333648682,0.3759036064147949,11.084657669067383,0.7019959092140198,0.05911523103713989,0.0017612585797905922,0.0031577497720718384,0.02345126122236252
z0y528x144,19,A,False,1300,0.14811833202838898,5.499141693115234,0.3780626058578491,11.090271949768066,0.7175302505493164,0.04358088970184326,0.002209477126598358,0.0009839683771133423,0.02411165088415146
z0y528x144,19,A,False,1350,0.14810959994792938,5.515493869781494,0.3800370693206787,11.09330940246582,0.7195993065834045,0.04151183366775513,0.0020831574220210314,8.732080459594727e-06,0.028383247554302216
z0y528x144,19,A,False,1400,0.14791695773601532,5.532270908355713,0.3834954500198364,11.098458290100098,0.722287118434906,0.03882402181625366,0.00354362023063004,0.0001926422119140625,0.03281892463564873
z0y528x144,19,A,False,1450,0.14470933377742767,5.543944835662842,0.3856724202632904,11.102043151855469,0.7208150625228882,0.040296077728271484,0.002233866835013032,0.0032076239585876465,0.0230533666908741
z0y528x144,19,A,False,1500,0.13204827904701233,5.547814846038818,0.3863432705402374,11.104616165161133,0.6937874555587769,0.06732368469238281,0.0007667831960134208,0.012661054730415344,0.012029474601149559
z0y528x144,19,A,False,1550,0.13373161852359772,5.562196254730225,0.3884088695049286,11.107232093811035,0.7043761014938354,0.05673503875732422,0.0022060826886445284,0.0016833394765853882,0.025441601872444153
z0y528x144,19,A,False,1600,0.1343369036912918,5.583436489105225,0.3911267817020416,11.11189079284668,0.7125130891799927,0.04859805107116699,0.0031028648372739553,0.0006052851676940918,0.04356539994478226
z0y528x144,19,A,False,1650,0.13038669526576996,5.58819055557251,0.39370638132095337,11.115362167358398,0.7083567976951599,0.052754342555999756,0.002660020487383008,0.003950208425521851,0.010482300072908401
z0y528x144,19,A,False,1700,0.12854473292827606,5.594510555267334,0.39614853262901306,11.11782169342041,0.7158801555633545,0.045230984687805176,0.0025464908685535192,0.0018419623374938965,0.027103165164589882
z0y528x144,19,A,False,1750,0.12638777494430542,5.600526332855225,0.39756324887275696,11.12054443359375,0.6995468735694885,0.06156426668167114,0.0015646261163055897,0.002156957983970642,0.012434681877493858
z0y528x144,19,A,False,1800,0.1231006309390068,5.607227802276611,0.39994016289711,11.124539375305176,0.7194351553916931,0.04167598485946655,0.002529900288209319,0.0032871440052986145,0.01747830957174301
z0y528x144,19,A,False,1850,0.12281253933906555,5.617597579956055,0.40074217319488525,11.125855445861816,0.7231932878494263,0.0379178524017334,0.0010132263414561749,0.00028809159994125366,0.01845242641866207
z0y528x144,19,A,False,1900,0.12022245675325394,5.613054275512695,0.4012657701969147,11.130045890808105,0.7126845717430115,0.04842656850814819,0.0015292970929294825,0.002590082585811615,0.02365085296332836
z0y528x144,19,A,False,1950,0.11683091521263123,5.621959209442139,0.4035530686378479,11.134016036987305,0.7053266763687134,0.05578446388244629,0.002594855846837163,0.003391541540622711,0.0276995487511158
z0y528x144,19,A,False,2000,0.11510295420885086,5.627237796783447,0.40515899658203125,11.134892463684082,0.7044395804405212,0.05667155981063843,0.0016948552802205086,0.001727961003780365,0.041036635637283325
z0y528x144,19,A,False,2050,0.11563487350940704,5.630429744720459,0.4062783122062683,11.136296272277832,0.6956989765167236,0.06541216373443604,0.001446037320420146,0.0005319193005561829,0.029028816148638725
z0y528x144,19,A,False,2100,0.11252181231975555,5.645792484283447,0.40754756331443787,11.137764930725098,0.7022493481636047,0.05886179208755493,0.001616222900338471,0.0031130611896514893,0.03136724978685379
z0y528x144,19,A,False,2150,0.11380262672901154,5.657853603363037,0.4072335660457611,11.138487815856934,0.709571361541748,0.05153977870941162,0.0008555750246159732,0.0012808144092559814,0.02414720319211483
z0y528x144,19,A,False,2200,0.1134307011961937,5.666687488555908,0.4092622697353363,11.140482902526855,0.7054927945137024,0.055618345737457275,0.00212454074062407,0.0003719255328178406,0.041183002293109894
z0y528x144,19,A,False,2250,0.11205126345157623,5.684119701385498,0.4113110601902008,11.143747329711914,0.7009830474853516,0.060128092765808105,0.002280526328831911,0.0013794377446174622,0.0561547577381134
z0y528x144,19,A,False,2300,0.10664764791727066,5.69178581237793,0.411588579416275,11.143024444580078,0.6960954666137695,0.06501567363739014,0.0013118948554620147,0.0054036155343055725,0.020930616185069084
z0y528x144,19,A,False,2350,0.11099086701869965,5.710386276245117,0.4126693606376648,11.143265724182129,0.7181258797645569,0.04298526048660278,0.0015209841076284647,0.004343219101428986,0.03404230624437332
z0y528x144,19,A,False,2400,0.10689122974872589,5.713402271270752,0.41302919387817383,11.144076347351074,0.685153067111969,0.07595807313919067,0.0014364431845024228,0.004099637269973755,0.016426853835582733
z0y528x144,19,A,False,2450,0.10624165832996368,5.721189022064209,0.4147532880306244,11.145302772521973,0.6997629404067993,0.06134819984436035,0.00182572181802243,0.000649571418762207,0.02585013024508953
z0y528x144,19,A,False,2500,0.10841159522533417,5.7328057289123535,0.4159383177757263,11.14670467376709,0.7040424942970276,0.05706864595413208,0.0015067131025716662,0.0021699368953704834,0.02375658042728901
z0y528x144,19,A,False,2550,0.10310956090688705,5.741837978363037,0.41801556944847107,11.150054931640625,0.6995505690574646,0.06156057119369507,0.0022913666907697916,0.005302034318447113,0.02895275503396988
z0y528x144,19,A,False,2600,0.10438816249370575,5.748978137969971,0.41820746660232544,11.149179458618164,0.7152072191238403,0.045903921127319336,0.0014471299946308136,0.001278601586818695,0.04864748939871788
z0y528x144,19,A,False,2650,0.09775664657354355,5.748913288116455,0.4183552861213684,11.15106201171875,0.6988176107406616,0.06229352951049805,0.0009170451085083187,0.006631515920162201,0.031139913946390152
z0y528x144,19,A,False,2700,0.10097932815551758,5.765390872955322,0.4193686544895172,11.1516752243042,0.7087105512619019,0.05240058898925781,0.001126599032431841,0.0032226815819740295,0.029662229120731354
z0y528x144,19,A,False,2750,0.10255201160907745,5.780065536499023,0.4215795397758484,11.154520988464355,0.7155044674873352,0.04560667276382446,0.0027510931249707937,0.0015726834535598755,0.025661304593086243
z0y528x144,19,A,False,2800,0.09819263219833374,5.789408206939697,0.4225517511367798,11.156140327453613,0.701734185218811,0.05937695503234863,0.0010722493752837181,0.004359379410743713,0.023620763793587685
z0y528x144,19,A,False,2850,0.0979706272482872,5.797753810882568,0.4239985942840576,11.158919334411621,0.7075326442718506,0.05357849597930908,0.0019869741518050432,0.0002220049500465393,0.043141648173332214
z0y528x144,19,A,False,2900,0.0899529978632927,5.804485321044922,0.4237738251686096,11.157365798950195,0.706705629825592,0.05440551042556763,0.0008047203300520778,0.008017629384994507,0.024303020909428596
z0y528x144,19,A,False,2950,0.08780509978532791,5.81562614440918,0.424425333738327,11.158087730407715,0.68523108959198,0.07588005065917969,0.0017437133938074112,0.0021478980779647827,0.033058423548936844
z0y528x144,19,A,False,2999,0.08333799242973328,5.823740482330322,0.42464500665664673,11.159838676452637,0.7019674777984619,0.059143662452697754,0.0013845327775925398,0.004467107355594635,0.020039159804582596
z0y528x144,20,B,False,0,0.7146291136741638,2.010024309158325,0.002771742409095168,6.518977642059326,0.7183945178985596,-0.03506118059158325,0.002771742409095168,0.02521592378616333,0.017362751066684723
z0y528x144,20,B,False,50,1.7716234922409058,2.469794273376465,0.0063300407491624355,6.549168109893799,1.8321433067321777,-1.1488099098205566,0.007594064809381962,1.0569944381713867,0.7975471615791321
z0y528x144,20,B,False,100,1.5322233438491821,2.940216302871704,0.07491014897823334,6.682313919067383,1.661359190940857,-0.9780258536338806,0.0686996802687645,0.23940014839172363,0.8327182531356812
z0y528x144,20,B,False,150,1.2959694862365723,3.7966091632843018,0.1766560822725296,6.874715805053711,1.5328947305679321,-0.8495613932609558,0.10207100957632065,0.23625385761260986,1.5418152809143066
z0y528x144,20,B,False,200,1.136305570602417,5.129678249359131,0.25616392493247986,7.027499198913574,1.4948396682739258,-0.8115063309669495,0.08092332631349564,0.15966391563415527,2.500919818878174
z0y528x144,20,B,False,250,0.6750731468200684,6.5576300621032715,0.31111931800842285,7.120338439941406,1.0203334093093872,-0.3370000720024109,0.06738552451133728,0.46123242378234863,2.8465583324432373
z0y528x144,20,B,False,300,0.5402827858924866,7.20236349105835,0.33480432629585266,7.144162654876709,0.8734917044639587,-0.19015836715698242,0.036201223731040955,0.1347903609275818,1.2366875410079956
z0y528x144,20,B,False,350,0.5021470189094543,7.565030574798584,0.34759989380836487,7.1578192710876465,0.8395368456840515,-0.1562035083770752,0.022137820720672607,0.03813576698303223,0.6722875237464905
z0y528x144,20,B,False,400,0.48344507813453674,7.826480865478516,0.35914406180381775,7.171176910400391,0.8298219442367554,-0.14648860692977905,0.017800401896238327,0.018701940774917603,0.4778565764427185
z0y528x144,20,B,False,450,0.4465389847755432,8.025031089782715,0.369092732667923,7.1843061447143555,0.7936986684799194,-0.11036533117294312,0.01371892262250185,0.03690609335899353,0.3564090132713318
z0y528x144,20,B,False,500,0.40020713210105896,8.194193840026855,0.3759835362434387,7.194765567779541,0.7572565674781799,-0.07392323017120361,0.010738405399024487,0.04633185267448425,0.2998136281967163
z0y528x144,20,B,False,550,0.4046379625797272,8.319634437561035,0.38111376762390137,7.202633380889893,0.7681702971458435,-0.08483695983886719,0.00818939320743084,0.004430830478668213,0.2488473653793335
z0y528x144,20,B,False,600,0.39714285731315613,8.47542667388916,0.3868449330329895,7.211576461791992,0.7715361714363098,-0.0882028341293335,0.0078080520033836365,0.007495105266571045,0.2974097728729248
z0y528x144,20,B,False,650,0.3680989444255829,8.586752891540527,0.3895759880542755,7.21807336807251,0.7502555251121521,-0.06692218780517578,0.004264995455741882,0.029043912887573242,0.20974522829055786
z0y528x144,20,B,False,700,0.35700446367263794,8.705763816833496,0.39110660552978516,7.223888874053955,0.7533047199249268,-0.06997138261795044,0.002256435342133045,0.011094480752944946,0.24813762307167053
z0y528x144,20,B,False,750,0.3352554738521576,8.782221794128418,0.3942202627658844,7.230037212371826,0.7322801351547241,-0.0489467978477478,0.0036868653260171413,0.021748989820480347,0.1704372614622116
z0y528x144,20,B,False,800,0.32821980118751526,8.911162376403809,0.39637649059295654,7.2365851402282715,0.7403967380523682,-0.057063400745391846,0.003838133765384555,0.007035672664642334,0.2525240182876587
z0y528x144,20,B,False,850,0.3259979486465454,8.99767017364502,0.39829501509666443,7.242655277252197,0.7441611886024475,-0.06082785129547119,0.0038426315877586603,0.0022218525409698486,0.20825286209583282
z0y528x144,20,B,False,900,0.32283785939216614,9.102043151855469,0.3983555734157562,7.246833801269531,0.7458849549293518,-0.06255161762237549,0.0023996022064238787,0.0031600892543792725,0.22995205223560333
z0y528x144,20,B,False,950,0.31334638595581055,9.18791389465332,0.4003596007823944,7.252895355224609,0.7344968914985657,-0.051163554191589355,0.003386180382221937,0.00949147343635559,0.21397118270397186
z0y528x144,20,B,False,1000,0.2949180603027344,9.304163932800293,0.40145906805992126,7.259019374847412,0.7339646816253662,-0.05063134431838989,0.003384232521057129,0.018428325653076172,0.23064158856868744
z0y528x144,20,B,False,1050,0.2822488248348236,9.388361930847168,0.39981332421302795,7.2612385749816895,0.7268666625022888,-0.0435333251953125,0.003273646580055356,0.012669235467910767,0.1992928832769394
z0y528x144,20,B,False,1100,0.267276406288147,9.49125862121582,0.3996807932853699,7.2658772468566895,0.7083046436309814,-0.024971306324005127,0.005225676111876965,0.014972418546676636,0.2543337643146515
z0y528x144,20,B,False,1150,0.26324400305747986,9.602097511291504,0.39758244156837463,7.268027305603027,0.7155154347419739,-0.03218209743499756,0.004282727837562561,0.004032403230667114,0.23618224263191223
z0y528x144,20,B,False,1200,0.2537548542022705,9.674589157104492,0.3981718122959137,7.272661209106445,0.7145804166793823,-0.031247079372406006,0.0034889369271695614,0.00948914885520935,0.1634778380393982
z0y528x144,20,B,False,1250,0.24730701744556427,9.75388240814209,0.39601975679397583,7.274272441864014,0.710925281047821,-0.027591943740844727,0.004138491116464138,0.006447836756706238,0.16067169606685638
z0y528x144,20,B,False,1300,0.24229148030281067,9.823468208312988,0.3944356441497803,7.2767558097839355,0.7146817445755005,-0.03134840726852417,0.004411745350807905,0.005015537142753601,0.13506826758384705
z0y528x144,20,B,False,1350,0.23753729462623596,9.914440155029297,0.39264214038848877,7.277896404266357,0.7244017720222473,-0.041068434715270996,0.0033798115327954292,0.004754185676574707,0.2089587152004242
z0y528x144,20,B,False,1400,0.21683329343795776,9.994427680969238,0.39222246408462524,7.280847549438477,0.7015286684036255,-0.01819533109664917,0.0038882438093423843,0.020704001188278198,0.18614037334918976
z0y528x144,20,B,False,1450,0.22250810265541077,10.052886962890625,0.3902651369571686,7.281451225280762,0.7113541960716248,-0.028020858764648438,0.003805359359830618,0.005674809217453003,0.12032763659954071
z0y528x144,20,B,False,1500,0.20352059602737427,10.14842700958252,0.38839223980903625,7.283261299133301,0.7019733786582947,-0.01864004135131836,0.0036829484160989523,0.0189875066280365,0.17867371439933777
z0y528x144,20,B,False,1550,0.20344491302967072,10.230497360229492,0.3869096636772156,7.284400939941406,0.7176256775856018,-0.03429234027862549,0.0034114918671548367,7.568299770355225e-05,0.18491363525390625
z0y528x144,20,B,False,1600,0.19939228892326355,10.275269508361816,0.3891783654689789,7.288824081420898,0.709893524646759,-0.026560187339782715,0.00266218651086092,0.0040526241064071655,0.14150597155094147
z0y528x144,20,B,False,1650,0.19423872232437134,10.37049388885498,0.38811394572257996,7.290565490722656,0.7026851773262024,-0.019351840019226074,0.00244150310754776,0.005153566598892212,0.22134722769260406
z0y528x144,20,B,False,1700,0.18673105537891388,10.447772026062012,0.38863757252693176,7.293578624725342,0.7010114192962646,-0.01767808198928833,0.0009245428373105824,0.0075076669454574585,0.18111486732959747
z0y528x144,20,B,False,1750,0.1824958324432373,10.510970115661621,0.38774392008781433,7.294649600982666,0.6961216330528259,-0.01278829574584961,0.0027171981055289507,0.004235222935676575,0.1547105759382248
z0y528x144,20,B,False,1800,0.18539291620254517,10.576536178588867,0.38815388083457947,7.296657562255859,0.7042168974876404,-0.020883560180664062,0.0014464922714978456,0.0028970837593078613,0.162318617105484
z0y528x144,20,B,False,1850,0.17867496609687805,10.654349327087402,0.3858049511909485,7.296858310699463,0.7055106163024902,-0.022177278995513916,0.0037984473165124655,0.006717950105667114,0.22934120893478394
z0y528x144,20,B,False,1900,0.16884228587150574,10.689910888671875,0.3853284418582916,7.2989325523376465,0.6974226832389832,-0.014089345932006836,0.0023242433089762926,0.009832680225372314,0.08631790429353714
z0y528x144,20,B,False,1950,0.17303599417209625,10.754563331604004,0.38347238302230835,7.298731803894043,0.7167155146598816,-0.03338217735290527,0.002315712859854102,0.004193708300590515,0.17339514195919037
z0y528x144,20,B,False,2000,0.16490386426448822,10.832633972167969,0.38474607467651367,7.3018083572387695,0.7051193118095398,-0.021785974502563477,0.002590243937447667,0.008132129907608032,0.17884889245033264
z0y528x144,20,B,False,2050,0.16208311915397644,10.88421630859375,0.38492313027381897,7.30348014831543,0.68927401304245,-0.005940675735473633,0.0015078095020726323,0.00282074511051178,0.1449447125196457
z0y528x144,20,B,False,2100,0.16353946924209595,10.963847160339355,0.38305047154426575,7.303413391113281,0.712018609046936,-0.028685271739959717,0.0027654245495796204,0.0014563500881195068,0.188817098736763
z0y528x144,20,B,False,2150,0.15305528044700623,10.997978210449219,0.3797789514064789,7.301474094390869,0.6990472674369812,-0.015713930130004883,0.003856751834973693,0.010484188795089722,0.06692706793546677
z0y528x144,20,B,False,2200,0.1474808007478714,11.037564277648926,0.379960834980011,7.303145885467529,0.6968311667442322,-0.01349782943725586,0.002042956417426467,0.005574479699134827,0.17422468960285187
z0y528x144,20,B,False,2250,0.14302203059196472,11.109618186950684,0.3793453872203827,7.3038811683654785,0.6867635250091553,-0.003430187702178955,0.002097959630191326,0.004458770155906677,0.16220475733280182
z0y528x144,20,B,False,2300,0.13550592958927155,11.148932456970215,0.37615883350372314,7.302811622619629,0.6876493096351624,-0.004315972328186035,0.003842010395601392,0.007516101002693176,0.08707039058208466
z0y528x144,20,B,False,2350,0.1350112110376358,11.194926261901855,0.3750716745853424,7.303011894226074,0.679936408996582,0.003396928310394287,0.0021752347238361835,0.0004947185516357422,0.12951458990573883
z0y528x144,20,B,False,2400,0.1261073797941208,11.263473510742188,0.3739250600337982,7.3041486740112305,0.6716638207435608,0.011669516563415527,0.002615089062601328,0.008903831243515015,0.155108243227005
z0y528x144,20,B,False,2450,0.13386929035186768,11.31392765045166,0.3728906810283661,7.3038811683654785,0.6988951563835144,-0.015561819076538086,0.0019009999232366681,0.007761910557746887,0.1334535777568817
z0y528x144,20,B,False,2500,0.13227438926696777,11.326531410217285,0.3741272985935211,7.306087017059326,0.6856878399848938,-0.0023545026779174805,0.002419424243271351,0.0015949010848999023,0.09853395819664001
z0y528x144,20,B,False,2550,0.12787847220897675,11.374709129333496,0.37324559688568115,7.3072896003723145,0.700507402420044,-0.017174065113067627,0.0028977040201425552,0.004395917057991028,0.08595582097768784
z0y528x144,20,B,False,2600,0.12941265106201172,11.432735443115234,0.37292173504829407,7.307690620422363,0.6984415650367737,-0.015108227729797363,0.0015103997429832816,0.0015341788530349731,0.19719010591506958
z0y528x144,20,B,False,2650,0.1252487450838089,11.450485229492188,0.3699215054512024,7.306020259857178,0.6963122487068176,-0.012978911399841309,0.003759782761335373,0.00416390597820282,0.10446033626794815
z0y528x144,20,B,False,2700,0.12153064459562302,11.544325828552246,0.37075096368789673,7.3084259033203125,0.6861625909805298,-0.002829253673553467,0.001650791266001761,0.0037181004881858826,0.20581118762493134
z0y528x144,20,B,False,2750,0.12384387850761414,11.598518371582031,0.36910346150398254,7.308358669281006,0.6943535804748535,-0.011020243167877197,0.003319525858387351,0.0023132339119911194,0.1670771688222885
z0y528x144,20,B,False,2800,0.12493896484375,11.640209197998047,0.3688153028488159,7.309227466583252,0.6863778233528137,-0.0030444860458374023,0.0019367019413039088,0.0010950863361358643,0.11483986675739288
z0y528x144,20,B,False,2850,0.1228584349155426,11.718281745910645,0.364701509475708,7.30668830871582,0.7060552835464478,-0.022721946239471436,0.00538410060107708,0.0020805299282073975,0.18438051640987396
z0y528x144,20,B,False,2900,0.11615408957004547,11.762454986572266,0.3615112602710724,7.305485248565674,0.6953598260879517,-0.012026488780975342,0.004079731181263924,0.006704345345497131,0.11066613346338272
z0y528x144,20,B,False,2950,0.1159650981426239,11.814234733581543,0.3617468774318695,7.307156085968018,0.6880509257316589,-0.004717588424682617,0.002700377255678177,0.00018899142742156982,0.1243550255894661
z0y528x144,20,B,False,2999,0.11595181375741959,11.874547004699707,0.36231932044029236,7.308492660522461,0.691912829875946,-0.008579492568969727,0.0012521754251793027,1.3284385204315186e-05,0.16471922397613525
z0y528x144,21,B,True,0,0.7133904099464417,2.009810447692871,0.002661346457898617,13.708602905273438,0.7133897542953491,0.07549911737442017,0.002661346457898617,0.025053083896636963,0.016997452825307846
z0y528x144,21,B,True,50,1.6552356481552124,2.4120733737945557,0.06547805666923523,13.709919929504395,1.6546239852905273,-0.8657351136207581,0.064084991812706,0.9418452382087708,0.6977311968803406
z0y528x144,21,B,True,100,1.538343906402588,2.9434025287628174,0.10130347311496735,13.689319610595703,1.5375949144363403,-0.748706042766571,0.04087602347135544,0.11689174175262451,0.920473039150238
z0y528x144,21,B,True,150,2.1083431243896484,3.8636550903320312,0.1586802899837494,13.70240306854248,2.1158885955810547,-1.3269996643066406,0.059776484966278076,0.5699992179870605,1.5956313610076904
z0y528x144,21,B,True,200,1.3142417669296265,4.769079685211182,0.17504777014255524,13.76983642578125,1.3545323610305786,-0.5656434893608093,0.043655358254909515,0.794101357460022,1.622421383857727
z0y528x144,21,B,True,250,1.0849781036376953,6.0210862159729,0.21916455030441284,13.83443546295166,1.1413110494613647,-0.35242217779159546,0.0635635256767273,0.22926366329193115,2.442811965942383
z0y528x144,21,B,True,300,1.0282821655273438,7.348414897918701,0.2568308711051941,13.901789665222168,1.0886632204055786,-0.2997743487358093,0.055246174335479736,0.05669593811035156,2.7651731967926025
z0y528x144,21,B,True,350,0.8321877121925354,8.323721885681152,0.27984359860420227,13.952381134033203,0.9007161855697632,-0.1118273138999939,0.034888509660959244,0.19609445333480835,2.0270228385925293
z0y528x144,21,B,True,400,0.773482084274292,9.153301239013672,0.293204128742218,13.984505653381348,0.8504394888877869,-0.06155061721801758,0.02063780464231968,0.05870562791824341,1.617774248123169
z0y528x144,21,B,True,450,0.7181476950645447,9.812142372131348,0.30129656195640564,14.00728702545166,0.7998584508895874,-0.010969579219818115,0.013651158660650253,0.055334389209747314,1.2622864246368408
z0y528x144,21,B,True,500,0.6863128542900085,10.292898178100586,0.3053402304649353,14.024357795715332,0.7715696692466736,0.017319202423095703,0.011277022771537304,0.03183484077453613,0.9478132724761963
z0y528x144,21,B,True,550,0.6681339144706726,10.730927467346191,0.3096623718738556,14.039981842041016,0.7571037411689758,0.03178513050079346,0.011242319829761982,0.018178939819335938,0.807875394821167
z0y528x144,21,B,True,600,0.6586365103721619,11.095208168029785,0.3151039779186249,14.058854103088379,0.7486483454704285,0.04024052619934082,0.01492183469235897,0.009497404098510742,0.7368471622467041
z0y528x144,21,B,True,650,0.6402870416641235,11.434128761291504,0.3183289170265198,14.071871757507324,0.7330283522605896,0.05586051940917969,0.01046590507030487,0.01834946870803833,0.7012452483177185
z0y528x144,21,B,True,700,0.6392431259155273,11.774405479431152,0.32325413823127747,14.082139015197754,0.737220048904419,0.05166882276535034,0.007977348752319813,0.0010439157485961914,0.6230966448783875
z0y528x144,21,B,True,750,0.6365759372711182,11.97211742401123,0.3265337646007538,14.09506607055664,0.7400524616241455,0.04883641004562378,0.012150675989687443,0.0026671886444091797,0.4077622890472412
z0y528x144,21,B,True,800,0.620008647441864,12.159117698669434,0.3311194181442261,14.107809066772461,0.7247547507286072,0.06413412094116211,0.011485864408314228,0.01656728982925415,0.3435834050178528
z0y528x144,21,B,True,850,0.5784421563148499,12.303324699401855,0.3326013386249542,14.11504077911377,0.6883589029312134,0.10052996873855591,0.007055319845676422,0.04156649112701416,0.29063859581947327
z0y528x144,21,B,True,900,0.5739321708679199,12.444607734680176,0.3332918882369995,14.122994422912598,0.6878491640090942,0.10103970766067505,0.009950612671673298,0.004509985446929932,0.3050098121166229
z0y528x144,21,B,True,950,0.5906770825386047,12.495240211486816,0.33188360929489136,14.125760078430176,0.7110294699668884,0.07785940170288086,0.005069819279015064,0.016744911670684814,0.2112252563238144
z0y528x144,21,B,True,1000,0.5833807587623596,12.602398872375488,0.3356826901435852,14.137957572937012,0.7081154584884644,0.08077341318130493,0.01309129036962986,0.007296323776245117,0.27503886818885803
z0y528x144,21,B,True,1050,0.5371471643447876,12.632858276367188,0.33461570739746094,14.145174026489258,0.6666325330734253,0.122256338596344,0.01143783237785101,0.04623359441757202,0.14204756915569305
z0y528x144,21,B,True,1100,0.5607565641403198,12.651869773864746,0.33476659655570984,14.15145492553711,0.6963062286376953,0.09258264303207397,0.009313308633863926,0.023609399795532227,0.06908698379993439
z0y528x144,21,B,True,1150,0.5547938346862793,12.785319328308105,0.3374690115451813,14.160078048706055,0.6974844932556152,0.09140437841415405,0.009912843815982342,0.005962729454040527,0.2568572461605072
z0y528x144,21,B,True,1200,0.5725454092025757,12.758831977844238,0.3398435711860657,14.168420791625977,0.7208201289176941,0.0680687427520752,0.011870265007019043,0.017751574516296387,0.10229398310184479
z0y528x144,21,B,True,1250,0.5313803553581238,12.820219993591309,0.3361338973045349,14.167455673217773,0.6842695474624634,0.10461932420730591,0.005408099852502346,0.041165053844451904,0.17413896322250366
z0y528x144,21,B,True,1300,0.5210760831832886,12.75701904296875,0.33631017804145813,14.172555923461914,0.676437497138977,0.11245137453079224,0.010782286524772644,0.010304272174835205,0.16272908449172974
z0y528x144,21,B,True,1350,0.5298176407814026,12.797298431396484,0.3368321657180786,14.17713737487793,0.6930515170097351,0.09583735466003418,0.00990124512463808,0.008741557598114014,0.12943212687969208
z0y528x144,21,B,True,1400,0.5066030025482178,12.787367820739746,0.33773595094680786,14.181441307067871,0.6744737029075623,0.11441516876220703,0.008605257607996464,0.023214638233184814,0.11780474334955215
z0y528x144,21,B,True,1450,0.5055267214775085,12.718300819396973,0.3367939293384552,14.184402465820312,0.6787614822387695,0.11012738943099976,0.009090016596019268,0.0010762810707092285,0.14505386352539062
z0y528x144,21,B,True,1500,0.48880329728126526,12.68430233001709,0.3360278308391571,14.187671661376953,0.6647356152534485,0.1241532564163208,0.009488693438470364,0.016723424196243286,0.06412897258996964
z0y528x144,21,B,True,1550,0.49737051129341125,12.685672760009766,0.33871883153915405,14.192523956298828,0.6805243492126465,0.1083645224571228,0.0074229431338608265,0.008567214012145996,0.12859080731868744
z0y528x144,21,B,True,1600,0.4791867434978485,12.631842613220215,0.33702459931373596,14.194037437438965,0.6665764451026917,0.12231242656707764,0.010728616267442703,0.018183767795562744,0.201745867729187
z0y528x144,21,B,True,1650,0.4903300106525421,12.563815116882324,0.33845189213752747,14.197717666625977,0.6850972175598145,0.10379165410995483,0.011806116439402103,0.011143267154693604,0.12773093581199646
z0y528x144,21,B,True,1700,0.46620842814445496,12.56240177154541,0.340722918510437,14.202876091003418,0.6688953042030334,0.11999356746673584,0.008748438209295273,0.024121582508087158,0.15152524411678314
z0y528x144,21,B,True,1750,0.4869873821735382,12.511645317077637,0.34296154975891113,14.204697608947754,0.6921984553337097,0.09669041633605957,0.005275217350572348,0.020778954029083252,0.17767134308815002
z0y528x144,21,B,True,1800,0.4781380295753479,12.519011497497559,0.340178906917572,14.20225715637207,0.6859006285667419,0.10298824310302734,0.004359437618404627,0.008849352598190308,0.10949760675430298
z0y528x144,21,B,True,1850,0.47108373045921326,12.474089622497559,0.3383067846298218,14.202876091003418,0.6805950999259949,0.10829377174377441,0.010537354275584221,0.0070542991161346436,0.18188144266605377
z0y528x144,21,B,True,1900,0.4547731876373291,12.457077980041504,0.3395196199417114,14.204800605773926,0.6678550243377686,0.12103384733200073,0.0068067642860114574,0.016310542821884155,0.18442265689373016
z0y528x144,21,B,True,1950,0.4575499892234802,12.409217834472656,0.34210190176963806,14.209131240844727,0.6778092384338379,0.1110796332359314,0.012072183191776276,0.002776801586151123,0.08495618402957916
z0y528x144,21,B,True,2000,0.46833619475364685,12.512162208557129,0.3455401659011841,14.213907241821289,0.689468264579773,0.09942060708999634,0.007262698840349913,0.010786205530166626,0.21160928905010223
z0y528x144,21,B,True,2050,0.4485350251197815,12.500414848327637,0.34379974007606506,14.21208667755127,0.6732553243637085,0.11563354730606079,0.006645384710282087,0.019801169633865356,0.0868590846657753
z0y528x144,21,B,True,2100,0.4430210590362549,12.403092384338379,0.3467499017715454,14.21521282196045,0.6708531379699707,0.11803573369979858,0.01004542876034975,0.005513966083526611,0.19480635225772858
z0y528x144,21,B,True,2150,0.4597752094268799,12.415000915527344,0.34548380970954895,14.214353561401367,0.6945942044258118,0.09429466724395752,0.007332912180572748,0.016754150390625,0.14721597731113434
z0y528x144,21,B,True,2200,0.47418761253356934,12.446717262268066,0.34801536798477173,14.218063354492188,0.7088177800178528,0.0800710916519165,0.00879328977316618,0.014412403106689453,0.10370940715074539
z0y528x144,21,B,True,2250,0.45814022421836853,12.441009521484375,0.3516608774662018,14.222938537597656,0.6919775009155273,0.09691137075424194,0.009818454273045063,0.016047388315200806,0.1764163374900818
z0y528x144,21,B,True,2300,0.44542956352233887,12.526963233947754,0.3512963354587555,14.223453521728516,0.6841574311256409,0.10473144054412842,0.004888653755187988,0.012710660696029663,0.21195922791957855
z0y528x144,21,B,True,2350,0.4423505961894989,12.474560737609863,0.3539963960647583,14.226062774658203,0.6814680099487305,0.10742086172103882,0.006803251802921295,0.003078967332839966,0.11364105343818665
z0y528x144,21,B,True,2400,0.43877822160720825,12.560665130615234,0.35519036650657654,14.228224754333496,0.6772103905677795,0.11167848110198975,0.005843145307153463,0.0035723745822906494,0.19866912066936493
z0y528x144,21,B,True,2450,0.4068278968334198,12.501387596130371,0.35732463002204895,14.231244087219238,0.6539455056190491,0.13494336605072021,0.00592001574113965,0.03195032477378845,0.2500210106372833
z0y528x144,21,B,True,2500,0.4352320730686188,12.47290325164795,0.3625061511993408,14.23690414428711,0.6823070049285889,0.10658186674118042,0.008323175832629204,0.028404176235198975,0.0745416134595871
z0y528x144,21,B,True,2550,0.4329127371311188,12.449202537536621,0.36165401339530945,14.236458778381348,0.6762598752975464,0.1126289963722229,0.008418108336627483,0.0023193359375,0.1945311576128006
z0y528x144,21,B,True,2600,0.44129008054733276,12.42658519744873,0.36478927731513977,14.239442825317383,0.6890836358070374,0.09980523586273193,0.005137756932526827,0.00837734341621399,0.22170379757881165
z0y528x144,21,B,True,2650,0.42245715856552124,12.525839805603027,0.36639243364334106,14.24019718170166,0.673823356628418,0.11506551504135132,0.007169548887759447,0.018832921981811523,0.3660716414451599
z0y528x144,21,B,True,2700,0.42815646529197693,12.591052055358887,0.36520227789878845,14.23786449432373,0.6832452416419983,0.105643630027771,0.006060392130166292,0.0056993067264556885,0.12184050679206848
z0y528x144,21,B,True,2750,0.43953070044517517,12.55746841430664,0.3635033667087555,14.235841751098633,0.6936254501342773,0.09526342153549194,0.006842208560556173,0.011374235153198242,0.1820288747549057
z0y528x144,21,B,True,2800,0.4141712188720703,12.48399829864502,0.36539116501808167,14.234160423278809,0.6734442710876465,0.1154446005821228,0.008866891264915466,0.02535948157310486,0.2092270851135254
z0y528x144,21,B,True,2850,0.4069606363773346,12.55793285369873,0.36491501331329346,14.233988761901855,0.6607235670089722,0.12816530466079712,0.004261497408151627,0.007210582494735718,0.15756279230117798
z0y528x144,21,B,True,2900,0.4093606173992157,12.620383262634277,0.36112117767333984,14.230146408081055,0.6686506271362305,0.12023824453353882,0.0044362302869558334,0.0023999810218811035,0.3273070752620697
z0y528x144,21,B,True,2950,0.4051451086997986,12.630967140197754,0.3657989501953125,14.232994079589844,0.6691163778305054,0.11977249383926392,0.010221395641565323,0.004215508699417114,0.13889041543006897
z0y528x144,21,B,True,2999,0.41077885031700134,12.589350700378418,0.36644288897514343,14.232033729553223,0.6758991479873657,0.11298972368240356,0.004883593413978815,0.005633741617202759,0.19482257962226868
z0y528x144,22,B,False,0,0.7128839492797852,2.0100090503692627,0.002750830492004752,7.998291015625,0.7131574749946594,0.047953665256500244,0.002750830492004752,0.025019824504852295,0.017336051911115646
z0y528x144,22,B,False,50,1.7626817226409912,2.495297431945801,0.029483653604984283,8.004332542419434,1.7701525688171387,-1.009041428565979,0.02703668549656868,1.049797773361206,0.8407257199287415
z0y528x144,22,B,False,100,1.7467464208602905,3.1934938430786133,0.06471118330955505,8.062257766723633,1.8306615352630615,-1.0695503950119019,0.03801826760172844,0.015935301780700684,1.2165300846099854
z0y528x144,22,B,False,150,1.3024741411209106,3.9453632831573486,0.1715077906847,8.194534301757812,1.4289876222610474,-0.6678764820098877,0.108348049223423,0.4442722797393799,1.3328030109405518
z0y528x144,22,B,False,200,1.2012546062469482,5.305665969848633,0.28265875577926636,8.284551620483398,1.360605001449585,-0.5994938611984253,0.11347899585962296,0.1012195348739624,2.477405309677124
z0y528x144,22,B,False,250,0.7720786929130554,6.698600769042969,0.37779679894447327,8.338540077209473,0.9977026581764221,-0.23659151792526245,0.10731089860200882,0.4291759133338928,2.7392449378967285
z0y528x144,22,B,False,300,0.5639247298240662,7.540469646453857,0.4078447222709656,8.330221176147461,0.8475548028945923,-0.08644366264343262,0.05147935822606087,0.20815396308898926,1.668269395828247
z0y528x144,22,B,False,350,0.4561503231525421,8.040363311767578,0.4245346486568451,8.327465057373047,0.7652785181999207,-0.004167377948760986,0.025195198133587837,0.10777440667152405,1.0106072425842285
z0y528x144,22,B,False,400,0.40957406163215637,8.347624778747559,0.4359979033470154,8.32840347290039,0.7420007586479187,0.019110381603240967,0.014485896565020084,0.04657626152038574,0.569881796836853
z0y528x144,22,B,False,450,0.3697401285171509,8.565171241760254,0.44301915168762207,8.326468467712402,0.7248665690422058,0.03624457120895386,0.011014548130333424,0.03983393311500549,0.43693485856056213
z0y528x144,22,B,False,500,0.3489701449871063,8.730902671813965,0.44922110438346863,8.325881958007812,0.7214464545249939,0.03966468572616577,0.008860462345182896,0.020769983530044556,0.34657755494117737
z0y528x144,22,B,False,550,0.3271495997905731,8.867337226867676,0.4527219235897064,8.32418155670166,0.7201941609382629,0.04091697931289673,0.006180022843182087,0.021820545196533203,0.299804151058197
z0y528x144,22,B,False,600,0.30595627427101135,8.98108959197998,0.4564935863018036,8.323476791381836,0.7038182616233826,0.0572928786277771,0.005794908385723829,0.021193325519561768,0.2747500538825989
z0y528x144,22,B,False,650,0.3041175603866577,9.0892972946167,0.4608249366283417,8.323770523071289,0.7218432426452637,0.039267897605895996,0.005519792903214693,0.0018387138843536377,0.2137720137834549
z0y528x144,22,B,False,700,0.269564151763916,9.16910457611084,0.46266433596611023,8.322890281677246,0.6882904767990112,0.07282066345214844,0.0035836254246532917,0.0345534086227417,0.15685059130191803
z0y528x144,22,B,False,750,0.2633812129497528,9.256858825683594,0.46524930000305176,8.323712348937988,0.6948763132095337,0.06623482704162598,0.00376455788500607,0.006182938814163208,0.1694677770137787
z0y528x144,22,B,False,800,0.26071783900260925,9.30965518951416,0.4671090841293335,8.323535919189453,0.7015935182571411,0.059517621994018555,0.003086637007072568,0.0026633739471435547,0.09290953725576401
z0y528x144,22,B,False,850,0.2438632696866989,9.356809616088867,0.4685441851615906,8.322538375854492,0.6864399909973145,0.07467114925384521,0.002927238354459405,0.01685456931591034,0.09983247518539429
z0y528x144,22,B,False,900,0.2387395203113556,9.423813819885254,0.4691942036151886,8.32206916809082,0.6860970854759216,0.07501405477523804,0.0028254142962396145,0.005123749375343323,0.12899580597877502
z0y528x144,22,B,False,950,0.22783803939819336,9.495091438293457,0.4701131284236908,8.32148265838623,0.688427209854126,0.07268393039703369,0.0016330658691003919,0.010901480913162231,0.1271122246980667
z0y528x144,22,B,False,1000,0.23319260776042938,9.556034088134766,0.4716460704803467,8.32206916809082,0.6944236159324646,0.06668752431869507,0.002890314906835556,0.005354568362236023,0.11320281028747559
z0y528x144,22,B,False,1050,0.21748796105384827,9.607403755187988,0.4733790457248688,8.32201099395752,0.6870260238647461,0.07408511638641357,0.002642927225679159,0.015704646706581116,0.08958567678928375
z0y528x144,22,B,False,1100,0.22146578133106232,9.679089546203613,0.4726327061653137,8.32107162475586,0.68907231092453,0.07203882932662964,0.0015817624516785145,0.00397782027721405,0.1327459216117859
z0y528x144,22,B,False,1150,0.21958914399147034,9.675361633300781,0.4721843898296356,8.319428443908691,0.7017566561698914,0.05935448408126831,0.0024712004233151674,0.00187663733959198,0.09028396010398865
z0y528x144,22,B,False,1200,0.19584618508815765,9.707913398742676,0.4723092317581177,8.318371772766113,0.6836938261985779,0.07741731405258179,0.002803363837301731,0.023742958903312683,0.081829734146595
z0y528x144,22,B,False,1250,0.19692377746105194,9.76921558380127,0.4723893105983734,8.318900108337402,0.6829956769943237,0.07811546325683594,0.001779506215825677,0.0010775923728942871,0.12602713704109192
z0y528x144,22,B,False,1300,0.1832127720117569,9.795069694519043,0.4720737636089325,8.318254470825195,0.6760085821151733,0.08510255813598633,0.0026457668282091618,0.013711005449295044,0.060999706387519836
z0y528x144,22,B,False,1350,0.18227902054786682,9.818392753601074,0.4720843732357025,8.317432403564453,0.6772879362106323,0.08382320404052734,0.0016106844414025545,0.0009337514638900757,0.043194837868213654
z0y528x144,22,B,False,1400,0.1857704371213913,9.858166694641113,0.47203972935676575,8.317432403564453,0.6890231370925903,0.07208800315856934,0.0015519267180934548,0.003491416573524475,0.06902925670146942
z0y528x144,22,B,False,1450,0.1772424429655075,9.868090629577637,0.4731779992580414,8.316786766052246,0.6831035017967224,0.07800763845443726,0.0023848272394388914,0.008527994155883789,0.06609361618757248
z0y528x144,22,B,False,1500,0.1771080642938614,9.901631355285645,0.4729902148246765,8.316493034362793,0.6866831183433533,0.0744280219078064,0.0012029851786792278,0.00013437867164611816,0.08710664510726929
z0y528x144,22,B,False,1550,0.17552250623703003,9.943049430847168,0.4726675748825073,8.314908027648926,0.6914694905281067,0.06964164972305298,0.00205792672932148,0.0015855580568313599,0.0834735557436943
z0y528x144,22,B,False,1600,0.16372480988502502,9.955391883850098,0.4714840054512024,8.313968658447266,0.6761029958724976,0.08500814437866211,0.0018215288873761892,0.011797696352005005,0.023245416581630707
z0y528x144,22,B,False,1650,0.1636049896478653,9.96408462524414,0.4718916714191437,8.312911033630371,0.6771408319473267,0.08397030830383301,0.0012136853765696287,0.000119820237159729,0.01913326419889927
z0y528x144,22,B,False,1700,0.1628376692533493,9.989399909973145,0.47167155146598816,8.311853408813477,0.6895243525505066,0.07158678770065308,0.001891966792754829,0.0007673203945159912,0.05730317533016205
z0y528x144,22,B,False,1750,0.15990771353244781,10.013225555419922,0.4707299470901489,8.310914039611816,0.6773847937583923,0.08372634649276733,0.0016694226069375873,0.0029299557209014893,0.047204479575157166
z0y528x144,22,B,False,1800,0.1479484736919403,10.024001121520996,0.4718235433101654,8.310091018676758,0.6647417545318604,0.09636938571929932,0.0016236859373748302,0.011959239840507507,0.07569117099046707
z0y528x144,22,B,False,1850,0.15221942961215973,10.025120735168457,0.47198647260665894,8.30909252166748,0.6880508661270142,0.07306027412414551,0.0016032079001888633,0.004270955920219421,0.02984674833714962
z0y528x144,22,B,False,1900,0.16024187207221985,10.025527000427246,0.4703464210033417,8.306035995483398,0.6880943179130554,0.07301682233810425,0.002700714161619544,0.00802244246006012,0.08231958746910095
z0y528x144,22,B,False,1950,0.15253877639770508,10.026911735534668,0.46990981698036194,8.30556583404541,0.6884676218032837,0.07264351844787598,0.0020104586146771908,0.0077030956745147705,0.03390843793749809
z0y528x144,22,B,False,2000,0.14536364376544952,10.054052352905273,0.4714263379573822,8.305683135986328,0.6830755472183228,0.07803559303283691,0.0017778330948203802,0.007175132632255554,0.08102355152368546
z0y528x144,22,B,False,2050,0.1440555304288864,10.067398071289062,0.47151264548301697,8.305272102355957,0.686041533946991,0.0750696063041687,0.0004511232255026698,0.0013081133365631104,0.042684074491262436
z0y528x144,22,B,False,2100,0.13782362639904022,10.07578182220459,0.4698035418987274,8.304213523864746,0.6711509227752686,0.08996021747589111,0.0025000618770718575,0.006231904029846191,0.06826478987932205
z0y528x144,22,B,False,2150,0.14387668669223785,10.10234546661377,0.4682199954986572,8.301390647888184,0.6958919763565063,0.06521916389465332,0.002337043173611164,0.006053060293197632,0.04629111662507057
z0y528x144,22,B,False,2200,0.1347534954547882,10.126830101013184,0.46780693531036377,8.298919677734375,0.6901233792304993,0.0709877610206604,0.0019067763350903988,0.009123191237449646,0.057060714811086655
z0y528x144,22,B,False,2250,0.12960757315158844,10.117487907409668,0.467267781496048,8.298507690429688,0.6836983561515808,0.07741278409957886,0.0007527843699790537,0.005145922303199768,0.0647735744714737
z0y528x144,22,B,False,2300,0.1370171457529068,10.119141578674316,0.4672386348247528,8.296271324157715,0.6852325797080994,0.0758785605430603,0.001992356963455677,0.007409572601318359,0.0869659036397934
z0y528x144,22,B,False,2350,0.14098763465881348,10.113349914550781,0.46817055344581604,8.2947416305542,0.686764121055603,0.07434701919555664,0.0015042016748338938,0.003970488905906677,0.03149907663464546
z0y528x144,22,B,False,2400,0.13306571543216705,10.132737159729004,0.4680517613887787,8.295330047607422,0.6786890625953674,0.08242207765579224,0.0009270126465708017,0.007921919226646423,0.0345122292637825
z0y528x144,22,B,False,2450,0.13077543675899506,10.122050285339355,0.4687264859676361,8.295035362243652,0.6888247728347778,0.07228636741638184,0.0008067791350185871,0.002290278673171997,0.03698963299393654
z0y528x144,22,B,False,2500,0.13040868937969208,10.10079288482666,0.46914950013160706,8.29379940032959,0.6903077960014343,0.07080334424972534,0.0013093930901959538,0.0003667473793029785,0.04780580848455429
z0y528x144,22,B,False,2550,0.12721796333789825,10.123597145080566,0.47007688879966736,8.29285717010498,0.6858842372894287,0.07522690296173096,0.001267141429707408,0.0031907260417938232,0.09352895617485046
z0y528x144,22,B,False,2600,0.12440039962530136,10.104360580444336,0.4687543511390686,8.28914737701416,0.6898900866508484,0.07122105360031128,0.002674110932275653,0.0028175637125968933,0.09367263317108154
z0y528x144,22,B,False,2650,0.1281822770833969,10.11669635772705,0.4690159559249878,8.288322448730469,0.6833624243736267,0.07774871587753296,0.0007927689584903419,0.0037818774580955505,0.05480916425585747
z0y528x144,22,B,False,2700,0.12541936337947845,10.131824493408203,0.46927952766418457,8.287556648254395,0.6802161335945129,0.08089500665664673,0.0012366401497274637,0.002762913703918457,0.03420833498239517
z0y528x144,22,B,False,2750,0.12198925763368607,10.158388137817383,0.4682205319404602,8.28431510925293,0.6958815455436707,0.06522959470748901,0.003127274801954627,0.003430105745792389,0.047268062829971313
z0y528x144,22,B,False,2800,0.12295801192522049,10.1779203414917,0.4682488739490509,8.285022735595703,0.686021625995636,0.07508951425552368,0.0006170530687086284,0.0009687542915344238,0.04253222420811653
z0y528x144,22,B,False,2850,0.12034531682729721,10.23607349395752,0.46979862451553345,8.285258293151855,0.6872808933258057,0.073830246925354,0.0028431916143745184,0.002612695097923279,0.12800444662570953
z0y528x144,22,B,False,2900,0.11725267767906189,10.23332691192627,0.46951404213905334,8.285140991210938,0.6919898986816406,0.06912124156951904,0.0004207465681247413,0.003092639148235321,0.030092285946011543
z0y528x144,22,B,False,2950,0.12053914368152618,10.284164428710938,0.4699341058731079,8.2846097946167,0.6965771913528442,0.06453394889831543,0.0017561792628839612,0.0032864660024642944,0.08927417546510696
z0y528x144,22,B,False,2999,0.11710933595895767,10.293856620788574,0.46990129351615906,8.282782554626465,0.6876806616783142,0.07343047857284546,0.0018933853134512901,0.003429807722568512,0.09510785341262817
z0y528x144,23,B,True,0,0.7127188444137573,2.0100176334381104,0.0027642943896353245,11.529386520385742,0.7127182483673096,-0.007162690162658691,0.0027642943896353245,0.025115787982940674,0.01735091395676136
z0y528x144,23,B,True,50,1.589053750038147,2.467700242996216,0.06842648237943649,11.475687980651855,1.5884859561920166,-0.8829303979873657,0.0663992166519165,0.8763349056243896,0.7958948016166687
z0y528x144,23,B,True,100,1.6784169673919678,3.1425158977508545,0.13537707924842834,11.448637008666992,1.6775236129760742,-0.9719680547714233,0.06846737861633301,0.0893632173538208,1.1745225191116333
z0y528x144,23,B,True,150,1.755384922027588,4.1160407066345215,0.20151354372501373,11.441427230834961,1.76194167137146,-1.056386113166809,0.07044845074415207,0.07696795463562012,1.6978204250335693
z0y528x144,23,B,True,200,1.0800062417984009,5.033504962921143,0.24046191573143005,11.460572242736816,1.123660922050476,-0.4181053638458252,0.052892833948135376,0.675378680229187,1.6292502880096436
z0y528x144,23,B,True,250,0.9058903455734253,5.509702205657959,0.24647437036037445,11.453370094299316,0.9928570985794067,-0.28730154037475586,0.006808387581259012,0.17411589622497559,0.9196544289588928
z0y528x144,23,B,True,300,0.7509049773216248,5.749908924102783,0.24243658781051636,11.450428009033203,0.8644826412200928,-0.1589270830154419,0.012438508681952953,0.15498536825180054,0.604455828666687
z0y528x144,23,B,True,350,0.6576932072639465,5.915521621704102,0.24145472049713135,11.44471263885498,0.7992135286331177,-0.0936579704284668,0.019680721685290337,0.09321177005767822,0.43824318051338196
z0y528x144,23,B,True,400,0.6243762373924255,6.0345635414123535,0.24015335738658905,11.438823699951172,0.7874141931533813,-0.08185863494873047,0.020802289247512817,0.033316969871520996,0.3773675858974457
z0y528x144,23,B,True,450,0.592559814453125,6.116122722625732,0.236005038022995,11.430068969726562,0.7751847505569458,-0.06962919235229492,0.013913069851696491,0.03181642293930054,0.2893178462982178
z0y528x144,23,B,True,500,0.546528697013855,6.177743434906006,0.23112069070339203,11.426864624023438,0.7485411167144775,-0.04298555850982666,0.010810590349137783,0.04603111743927002,0.25617069005966187
z0y528x144,23,B,True,550,0.5547724962234497,6.256144046783447,0.22705072164535522,11.42455768585205,0.7707779407501221,-0.06522238254547119,0.00972885824739933,0.008243799209594727,0.2929849922657013
z0y528x144,23,B,True,600,0.5316042900085449,6.283069610595703,0.22089587152004242,11.425326347351074,0.7546477317810059,-0.04909217357635498,0.00959304440766573,0.023168206214904785,0.19830290973186493
z0y528x144,23,B,True,650,0.49237263202667236,6.364542007446289,0.2157306671142578,11.421180725097656,0.7252905368804932,-0.019734978675842285,0.012474585324525833,0.03923165798187256,0.23255030810832977
z0y528x144,23,B,True,700,0.4996996819972992,6.421911716461182,0.2127625048160553,11.420282363891602,0.7401604056358337,-0.03460484743118286,0.006421161815524101,0.007327049970626831,0.2013920098543167
z0y528x144,23,B,True,750,0.4810810387134552,6.517114162445068,0.2078865021467209,11.419342041015625,0.7301802635192871,-0.02462470531463623,0.008962726220488548,0.018618643283843994,0.28022706508636475
z0y528x144,23,B,True,800,0.4780711233615875,6.586413860321045,0.20410552620887756,11.420111656188965,0.7350215911865234,-0.02946603298187256,0.0063642412424087524,0.0030099153518676758,0.1953975260257721
z0y528x144,23,B,True,850,0.4444698989391327,6.66526460647583,0.19921301305294037,11.423189163208008,0.7120238542556763,-0.006468296051025391,0.006324341055005789,0.033601224422454834,0.2200288474559784
z0y528x144,23,B,True,900,0.4497722387313843,6.754133701324463,0.19512099027633667,11.421821594238281,0.7174004316329956,-0.011844873428344727,0.00609735120087862,0.005302339792251587,0.22033701837062836
z0y528x144,23,B,True,950,0.4589865803718567,6.817843914031982,0.1909770369529724,11.422121047973633,0.7422560453414917,-0.03670048713684082,0.005777304992079735,0.009214341640472412,0.1572888046503067
z0y528x144,23,B,True,1000,0.42581701278686523,6.871279239654541,0.18766172230243683,11.421479225158691,0.7053576707839966,0.00019788742065429688,0.0051784818060696125,0.033169567584991455,0.12466665357351303
z0y528x144,23,B,True,1050,0.4254263639450073,6.969384670257568,0.18374879658222198,11.421394348144531,0.7121316194534302,-0.006576061248779297,0.004663549363613129,0.00039064884185791016,0.21192964911460876
z0y528x144,23,B,True,1100,0.4138015806674957,7.037797927856445,0.17825718224048615,11.419683456420898,0.7046409845352173,0.0009145736694335938,0.007286146283149719,0.011624783277511597,0.18499720096588135
z0y528x144,23,B,True,1150,0.41754770278930664,7.119070529937744,0.17272645235061646,11.420453071594238,0.7203579545021057,-0.014802396297454834,0.007217272184789181,0.003746122121810913,0.19692669808864594
z0y528x144,23,B,True,1200,0.4084767699241638,7.200541019439697,0.16793479025363922,11.421265602111816,0.7069600820541382,-0.0014045238494873047,0.006967419292777777,0.009070932865142822,0.21358753740787506
z0y528x144,23,B,True,1250,0.39510390162467957,7.297651767730713,0.16408422589302063,11.422847747802734,0.706591784954071,-0.001036226749420166,0.006004333030432463,0.013372868299484253,0.20288416743278503
z0y528x144,23,B,True,1300,0.38363832235336304,7.377725124359131,0.15914276242256165,11.424813270568848,0.6877868175506592,0.0177687406539917,0.006643680389970541,0.011465579271316528,0.19807109236717224
z0y528x144,23,B,True,1350,0.4056696891784668,7.473533630371094,0.1563979983329773,11.426095962524414,0.7272876501083374,-0.021732091903686523,0.003993760794401169,0.02203136682510376,0.20996001362800598
z0y528x144,23,B,True,1400,0.39258846640586853,7.5485382080078125,0.15251195430755615,11.425369262695312,0.7062469720840454,-0.0006914138793945312,0.007374190725386143,0.013081222772598267,0.17099665105342865
z0y528x144,23,B,True,1450,0.36255374550819397,7.632232666015625,0.14845338463783264,11.431905746459961,0.6847829818725586,0.020772576332092285,0.005577245727181435,0.03003472089767456,0.20346345007419586
z0y528x144,23,B,True,1500,0.37994229793548584,7.694950580596924,0.1469065248966217,11.43416976928711,0.7081155776977539,-0.0025600194931030273,0.005354459397494793,0.01738855242729187,0.1475479006767273
z0y528x144,23,B,True,1550,0.3805396556854248,7.793023586273193,0.14412130415439606,11.439292907714844,0.7091654539108276,-0.003609895706176758,0.002806385513395071,0.0005973577499389648,0.24272434413433075
z0y528x144,23,B,True,1600,0.35654422640800476,7.884877681732178,0.14217041432857513,11.44257926940918,0.6907840371131897,0.014771521091461182,0.005152780096977949,0.023995429277420044,0.19912347197532654
z0y528x144,23,B,True,1650,0.3312518894672394,7.9513936042785645,0.13844797015190125,11.44309139251709,0.6687260866165161,0.036829471588134766,0.008840967901051044,0.02529233694076538,0.2283916026353836
z0y528x144,23,B,True,1700,0.3598150908946991,8.049736976623535,0.13476848602294922,11.445138931274414,0.7097175717353821,-0.004162013530731201,0.006339749787002802,0.028563201427459717,0.24134638905525208
z0y528x144,23,B,True,1750,0.35048818588256836,8.095446586608887,0.13128413259983063,11.4458646774292,0.7015911340713501,0.003964424133300781,0.006416290532797575,0.009326905012130737,0.10395652800798416
z0y528x144,23,B,True,1800,0.3481958210468292,8.142992973327637,0.12948448956012726,11.447954177856445,0.693018913269043,0.01253664493560791,0.00376167893409729,0.0022923648357391357,0.12641820311546326
z0y528x144,23,B,True,1850,0.3252582252025604,8.214974403381348,0.12769460678100586,11.45000171661377,0.673452615737915,0.03210294246673584,0.007087273057550192,0.0229375958442688,0.16431596875190735
z0y528x144,23,B,True,1900,0.33684489130973816,8.27042007446289,0.12592275440692902,11.451025009155273,0.698894739151001,0.006660819053649902,0.004689527675509453,0.011586666107177734,0.13276894390583038
z0y528x144,23,B,True,1950,0.32959312200546265,8.325346946716309,0.12642869353294373,11.450769424438477,0.6936085224151611,0.011947035789489746,0.008217867463827133,0.007251769304275513,0.22285975515842438
z0y528x144,23,B,True,2000,0.3182201087474823,8.396367073059082,0.12472755461931229,11.452688217163086,0.6830906867980957,0.022464871406555176,0.0042382413521409035,0.011373013257980347,0.1812390685081482
z0y528x144,23,B,True,2050,0.3288496136665344,8.484477996826172,0.12494853883981705,11.451920509338379,0.6897248029708862,0.01583075523376465,0.00433498015627265,0.010629504919052124,0.20341676473617554
z0y528x144,23,B,True,2100,0.3264031708240509,8.566158294677734,0.12572498619556427,11.452219009399414,0.6900641918182373,0.015491366386413574,0.007139568217098713,0.0024464428424835205,0.18919609487056732
z0y528x144,23,B,True,2150,0.3002077341079712,8.679149627685547,0.1257236897945404,11.453071594238281,0.6736698150634766,0.031885743141174316,0.003490649862214923,0.026195436716079712,0.21913151443004608
z0y528x144,23,B,True,2200,0.2782859802246094,8.718231201171875,0.12548747658729553,11.452986717224121,0.6568219065666199,0.048733651638031006,0.005201754160225391,0.021921753883361816,0.08105766028165817
z0y528x144,23,B,True,2250,0.31094393134117126,8.796046257019043,0.12670868635177612,11.45179271697998,0.6980162262916565,0.007539331912994385,0.007133302744477987,0.03265795111656189,0.16308273375034332
z0y528x144,23,B,True,2300,0.2961920499801636,8.843199729919434,0.12605880200862885,11.450726509094238,0.6792762279510498,0.026279330253601074,0.006626646500080824,0.01475188136100769,0.1353604793548584
z0y528x144,23,B,True,2350,0.2993210554122925,8.883167266845703,0.12781745195388794,11.449149131774902,0.684685468673706,0.020870089530944824,0.00750378193333745,0.0031290054321289062,0.11223123967647552
z0y528x144,23,B,True,2400,0.30782103538513184,8.90286922454834,0.12961336970329285,11.447101593017578,0.6928181648254395,0.012737393379211426,0.0046410816721618176,0.008499979972839355,0.055781662464141846
z0y528x144,23,B,True,2450,0.2913275361061096,8.922735214233398,0.1316501647233963,11.444926261901855,0.6724379062652588,0.03311765193939209,0.0060564568266272545,0.016493499279022217,0.056716907769441605
z0y528x144,23,B,True,2500,0.28055548667907715,9.010746955871582,0.13282054662704468,11.44705867767334,0.6736522912979126,0.03190326690673828,0.003678029403090477,0.01077204942703247,0.17432737350463867
z0y528x144,23,B,True,2550,0.28995367884635925,9.113973617553711,0.1333858221769333,11.447869300842285,0.6849275231361389,0.020628035068511963,0.006511663552373648,0.009398192167282104,0.235476553440094
z0y528x144,23,B,True,2600,0.2896476984024048,9.229125022888184,0.13648873567581177,11.446887969970703,0.7017175555229187,0.0038380026817321777,0.004830154124647379,0.0003059804439544678,0.2101048231124878
z0y528x144,23,B,True,2650,0.29362624883651733,9.278677940368652,0.13844700157642365,11.450044631958008,0.6960349082946777,0.009520649909973145,0.0074181086383759975,0.003978550434112549,0.16835319995880127
z0y528x144,23,B,True,2700,0.29654234647750854,9.376618385314941,0.14091967046260834,11.448040008544922,0.6994650959968567,0.0060904622077941895,0.005523055326193571,0.002916097640991211,0.1962035596370697
z0y528x144,23,B,True,2750,0.271119624376297,9.500240325927734,0.14407142996788025,11.447613716125488,0.6719180345535278,0.03363752365112305,0.0067159985192120075,0.025422722101211548,0.2856495976448059
z0y528x144,23,B,True,2800,0.2622230648994446,9.556472778320312,0.14821113646030426,11.44420051574707,0.656928539276123,0.04862701892852783,0.007960435003042221,0.008896559476852417,0.12139607965946198
z0y528x144,23,B,True,2850,0.26185357570648193,9.577346801757812,0.15271711349487305,11.441384315490723,0.6638830900192261,0.041672468185424805,0.0068110087886452675,0.0003694891929626465,0.049316100776195526
z0y528x144,23,B,True,2900,0.2735811769962311,9.627547264099121,0.15311822295188904,11.438225746154785,0.6777021288871765,0.027853429317474365,0.0015717128990218043,0.011727601289749146,0.16018250584602356
z0y528x144,23,B,True,2950,0.2682003974914551,9.675945281982422,0.1581173539161682,11.436688423156738,0.6786020994186401,0.026953458786010742,0.007936190813779831,0.005380779504776001,0.13905417919158936
z0y528x144,23,B,True,2999,0.2751491069793701,9.745978355407715,0.162827268242836,11.433870315551758,0.681365966796875,0.02418959140777588,0.007670524530112743,0.006948709487915039,0.2106766700744629
z0y528x144,24,B,False,0,0.712397575378418,2.0100245475769043,0.0027711919974535704,11.711372375488281,0.7123969197273254,-0.034619152545928955,0.0027711919974535704,0.025162339210510254,0.01736302487552166
z0y528x144,24,B,False,50,1.8492703437805176,2.4935996532440186,0.018318934366106987,11.711748123168945,1.8492469787597656,-1.1714692115783691,0.018526751548051834,1.1368727684020996,0.837652325630188
z0y528x144,24,B,False,100,2.19327712059021,3.2755024433135986,0.04833311587572098,11.766361236572266,2.1944212913513184,-1.5166435241699219,0.05038507282733917,0.3440067768096924,1.354361891746521
z0y528x144,24,B,False,150,1.8766822814941406,4.571163177490234,0.07911587506532669,11.8099365234375,1.8879785537719727,-1.2102007865905762,0.04645272716879845,0.31659483909606934,2.26226544380188
z0y528x144,24,B,False,200,1.4966624975204468,6.734653472900391,0.18869243562221527,11.92186450958252,1.5107765197753906,-0.8329987525939941,0.10976706445217133,0.38001978397369385,3.8119382858276367
z0y528x144,24,B,False,250,0.9285349249839783,8.801142692565918,0.3066968619823456,12.026216506958008,0.9842948913574219,-0.3065171241760254,0.11865038424730301,0.5681275725364685,3.6586687564849854
z0y528x144,24,B,False,300,0.7370228171348572,9.802242279052734,0.3660743832588196,12.076700210571289,0.8382992744445801,-0.1605215072631836,0.06259533762931824,0.1915121078491211,1.7660454511642456
z0y528x144,24,B,False,350,0.6247102618217468,10.26107120513916,0.3918043375015259,12.099602699279785,0.778188943862915,-0.10041117668151855,0.027422668412327766,0.11231255531311035,0.8018851280212402
z0y528x144,24,B,False,400,0.5668816566467285,10.55600357055664,0.4041465222835541,12.110574722290039,0.758891224861145,-0.08111345767974854,0.014552591368556023,0.05782860517501831,0.5122570991516113
z0y528x144,24,B,False,450,0.528976321220398,10.727734565734863,0.4104093909263611,12.116983413696289,0.7442078590393066,-0.06643009185791016,0.009024498052895069,0.037905335426330566,0.29763686656951904
z0y528x144,24,B,False,500,0.49735984206199646,10.897010803222656,0.41428226232528687,12.120811462402344,0.7286880016326904,-0.050910234451293945,0.005786142777651548,0.03161647915840149,0.3051583468914032
z0y528x144,24,B,False,550,0.4701266586780548,10.999122619628906,0.41718775033950806,12.122543334960938,0.7146688103675842,-0.036891043186187744,0.005079299211502075,0.02723318338394165,0.18491293489933014
z0y528x144,24,B,False,600,0.4650181233882904,11.0824613571167,0.41787222027778625,12.123429298400879,0.7234734296798706,-0.04569566249847412,0.003295185277238488,0.005108535289764404,0.17107126116752625
z0y528x144,24,B,False,650,0.45664817094802856,11.154852867126465,0.4175618290901184,12.123711585998535,0.7161890268325806,-0.03841125965118408,0.0035737932194024324,0.00836995244026184,0.13440130650997162
z0y528x144,24,B,False,700,0.44505202770233154,11.23388385772705,0.41747209429740906,12.12270450592041,0.7231245040893555,-0.045346736907958984,0.0022147069685161114,0.011596143245697021,0.14877672493457794
z0y528x144,24,B,False,750,0.4277964234352112,11.268982887268066,0.4178449809551239,12.122462272644043,0.7133290767669678,-0.03555130958557129,0.002212818944826722,0.01725560426712036,0.06211530417203903
z0y528x144,24,B,False,800,0.4335048496723175,11.316803932189941,0.41773536801338196,12.123188018798828,0.734586775302887,-0.05680900812149048,0.0042545851320028305,0.005708426237106323,0.12690384685993195
z0y528x144,24,B,False,850,0.40628236532211304,11.378262519836426,0.41530027985572815,12.122382164001465,0.7064180970191956,-0.028640329837799072,0.004909365903586149,0.027222484350204468,0.12644062936306
z0y528x144,24,B,False,900,0.40134721994400024,11.401885986328125,0.41342031955718994,12.120931625366211,0.7079451084136963,-0.030167341232299805,0.005419733934104443,0.004935145378112793,0.06698490679264069
z0y528x144,24,B,False,950,0.4002690017223358,11.445673942565918,0.41127145290374756,12.11867618560791,0.7159916162490845,-0.03821384906768799,0.004102664068341255,0.0010782182216644287,0.08234836161136627
z0y528x144,24,B,False,1000,0.37766286730766296,11.463626861572266,0.40939828753471375,12.116096496582031,0.7002770900726318,-0.02249932289123535,0.0024779101368039846,0.02260613441467285,0.08569591492414474
z0y528x144,24,B,False,1050,0.3770560622215271,11.478588104248047,0.4074081480503082,12.113880157470703,0.7063062191009521,-0.028528451919555664,0.0034867669455707073,0.0006068050861358643,0.06274246424436569
z0y528x144,24,B,False,1100,0.3593883216381073,11.507681846618652,0.4029596745967865,12.108880996704102,0.6869188547134399,-0.009141087532043457,0.006122318562120199,0.0176677405834198,0.08149796724319458
z0y528x144,24,B,False,1150,0.3740282356739044,11.535942077636719,0.4006742238998413,12.105493545532227,0.720111072063446,-0.04233330488204956,0.0035139243118464947,0.01463991403579712,0.07584801316261292
z0y528x144,24,B,False,1200,0.3584171533584595,11.548426628112793,0.39815184473991394,12.101821899414062,0.7044824361801147,-0.02670466899871826,0.004548968747258186,0.015611082315444946,0.04565969854593277
z0y528x144,24,B,False,1250,0.34517747163772583,11.561762809753418,0.3953641653060913,12.099763870239258,0.7024158835411072,-0.024638116359710693,0.004055537283420563,0.013239681720733643,0.0745345950126648
z0y528x144,24,B,False,1300,0.3391704857349396,11.571187019348145,0.39259639382362366,12.097060203552246,0.7028601169586182,-0.02508234977722168,0.004087768029421568,0.006006985902786255,0.045865483582019806
z0y528x144,24,B,False,1350,0.3315877914428711,11.553980827331543,0.3903346657752991,12.094557762145996,0.6988202333450317,-0.021042466163635254,0.004524044692516327,0.0075826942920684814,0.03146897628903389
z0y528x144,24,B,False,1400,0.329251229763031,11.575234413146973,0.38824954628944397,12.092538833618164,0.7051247954368591,-0.027347028255462646,0.003211058210581541,0.002336561679840088,0.09280680865049362
z0y528x144,24,B,False,1450,0.31030774116516113,11.593350410461426,0.3851172626018524,12.08930778503418,0.6956504583358765,-0.01787269115447998,0.0037613732274621725,0.018943488597869873,0.03197453171014786
z0y528x144,24,B,False,1500,0.30062219500541687,11.579132080078125,0.3825686275959015,12.08656120300293,0.6807647347450256,-0.0029869675636291504,0.004742791876196861,0.009685546159744263,0.045293450355529785
z0y528x144,24,B,False,1550,0.3005591034889221,11.597320556640625,0.3798554837703705,12.083732604980469,0.6963301301002502,-0.01855236291885376,0.0036558187566697598,6.309151649475098e-05,0.0534331388771534
z0y528x144,24,B,False,1600,0.30208536982536316,11.607684135437012,0.3768911063671112,12.079893112182617,0.7032521367073059,-0.025474369525909424,0.0034450276289135218,0.00152626633644104,0.03447115048766136
z0y528x144,24,B,False,1650,0.29754048585891724,11.645210266113281,0.3738972544670105,12.077670097351074,0.7045363187789917,-0.026758551597595215,0.004687686450779438,0.004544883966445923,0.07862189412117004
z0y528x144,24,B,False,1700,0.2795667052268982,11.636970520019531,0.3719552159309387,12.076498031616211,0.6785659193992615,-0.0007881522178649902,0.0037224977277219296,0.017973780632019043,0.03516105189919472
z0y528x144,24,B,False,1750,0.2725033164024353,11.630874633789062,0.3697177469730377,12.073182106018066,0.6864357590675354,-0.008657991886138916,0.00338135682977736,0.007063388824462891,0.08939097076654434
z0y528x144,24,B,False,1800,0.2648167014122009,11.65688419342041,0.3666366934776306,12.070269584655762,0.6793202757835388,-0.001542508602142334,0.003583433572202921,0.007686614990234375,0.06368407607078552
z0y528x144,24,B,False,1850,0.2590084373950958,11.673632621765137,0.3631432354450226,12.066911697387695,0.6875812411308289,-0.009803473949432373,0.004736639093607664,0.0058082640171051025,0.0587301030755043
z0y528x144,24,B,False,1900,0.25868576765060425,11.68694019317627,0.36209824681282043,12.065616607666016,0.6880979537963867,-0.010320186614990234,0.0027621653862297535,0.00032266974449157715,0.05107463523745537
z0y528x144,24,B,False,1950,0.2509656250476837,11.704752922058105,0.35897406935691833,12.063066482543945,0.6924233436584473,-0.014645576477050781,0.004626007284969091,0.007720142602920532,0.11718685925006866
z0y528x144,24,B,False,2000,0.25312772393226624,11.746466636657715,0.3571781516075134,12.062581062316895,0.6988176703453064,-0.021039903163909912,0.002652655588462949,0.0021620988845825195,0.08819501847028732
z0y528x144,24,B,False,2050,0.24126708507537842,11.750977516174316,0.35525020956993103,12.060395240783691,0.6804559826850891,-0.002678215503692627,0.0022545766551047564,0.011860638856887817,0.01797768846154213
z0y528x144,24,B,False,2100,0.2455715388059616,11.745880126953125,0.35345757007598877,12.05841064453125,0.6992130279541016,-0.021435260772705078,0.00248472997918725,0.004304453730583191,0.023879332467913628
z0y528x144,24,B,False,2150,0.23699812591075897,11.752217292785645,0.35310593247413635,12.057965278625488,0.6938208937644958,-0.016043126583099365,0.0015035037649795413,0.008573412895202637,0.051903534680604935
z0y528x144,24,B,False,2200,0.23215647041797638,11.73437786102295,0.3499957025051117,12.053833961486816,0.6908503770828247,-0.013072609901428223,0.00442493287846446,0.004841655492782593,0.11828214675188065
z0y528x144,24,B,False,2250,0.22367694973945618,11.714783668518066,0.34791043400764465,12.05099868774414,0.6803810596466064,-0.002603292465209961,0.003706802846863866,0.008479520678520203,0.05768163874745369
z0y528x144,24,B,False,2300,0.22988997399806976,11.74487590789795,0.34606483578681946,12.049337387084961,0.6958454847335815,-0.01806771755218506,0.002029513008892536,0.006213024258613586,0.07434503734111786
z0y528x144,24,B,False,2350,0.21795709431171417,11.729122161865234,0.3429476022720337,12.047188758850098,0.6817673444747925,-0.003989577293395996,0.005255457479506731,0.01193287968635559,0.0462028905749321
z0y528x144,24,B,False,2400,0.21979199349880219,11.749320030212402,0.3403937518596649,12.045365333557129,0.6811565160751343,-0.003378748893737793,0.0034563506487756968,0.0018348991870880127,0.07709499448537827
z0y528x144,24,B,False,2450,0.21548980474472046,11.794868469238281,0.3383396863937378,12.042486190795898,0.6905807256698608,-0.012802958488464355,0.0035678886342793703,0.004302188754081726,0.08238743990659714
z0y528x144,24,B,False,2500,0.21531745791435242,11.7819185256958,0.3358389139175415,12.041189193725586,0.691443920135498,-0.013666152954101562,0.005014208611100912,0.000172346830368042,0.061731722205877304
z0y528x144,24,B,False,2550,0.20429754257202148,11.831092834472656,0.33202147483825684,12.038187980651855,0.6909297108650208,-0.013151943683624268,0.006898677442222834,0.011019915342330933,0.08995543420314789
z0y528x144,24,B,False,2600,0.21004199981689453,11.849250793457031,0.33134639263153076,12.038065910339355,0.7027633786201477,-0.02498561143875122,0.0035414777230471373,0.005744457244873047,0.09136904031038284
z0y528x144,24,B,False,2650,0.20101766288280487,11.846519470214844,0.3299781084060669,12.036402702331543,0.6932581663131714,-0.015480399131774902,0.0026357488241046667,0.00902433693408966,0.07397066056728363
z0y528x144,24,B,False,2700,0.1982463002204895,11.856072425842285,0.3273785710334778,12.033076286315918,0.6945809125900269,-0.01680314540863037,0.002960779005661607,0.0027713626623153687,0.09676067531108856
z0y528x144,24,B,False,2750,0.18867887556552887,11.88320255279541,0.32507750391960144,12.031615257263184,0.6882506608963013,-0.010472893714904785,0.005558550823479891,0.009567424654960632,0.05225733667612076
z0y528x144,24,B,False,2800,0.18617525696754456,11.871432304382324,0.32326996326446533,12.029098510742188,0.6792691349983215,-0.0014913678169250488,0.0032758356537669897,0.002503618597984314,0.03818552568554878
z0y528x144,24,B,False,2850,0.1877554953098297,11.872283935546875,0.32042035460472107,12.024795532226562,0.6980562806129456,-0.020278513431549072,0.00332637713290751,0.0015802383422851562,0.017493590712547302
z0y528x144,24,B,False,2900,0.19084054231643677,11.857516288757324,0.31954923272132874,12.023658752441406,0.7026071548461914,-0.024829387664794922,0.0021633910946547985,0.0030850470066070557,0.028983701020479202
z0y528x144,24,B,False,2950,0.1822628676891327,11.896370887756348,0.3182627260684967,12.021100044250488,0.6912520527839661,-0.01347428560256958,0.0019806839991360903,0.008577674627304077,0.1018110066652298
z0y528x144,24,B,False,2999,0.18281933665275574,11.87558650970459,0.3152469992637634,12.017483711242676,0.6866844892501831,-0.008906722068786621,0.0044870153069496155,0.0005564689636230469,0.10997873544692993
z0y528x144,25,A,False,0,0.7120159268379211,2.0100221633911133,0.002771899104118347,16.41377067565918,0.7120152711868286,0.03798472881317139,0.002771899104118347,0.025152921676635742,0.017358897253870964
z0y528x144,25,A,False,50,1.5036686658859253,2.3720099925994873,0.061081256717443466,16.36997413635254,1.503169059753418,-0.753169059753418,0.059515099972486496,0.7916527390480042,0.6336442828178406
z0y528x144,25,A,False,100,1.6321730613708496,2.9903881549835205,0.1296914666891098,16.297115325927734,1.6307051181793213,-0.8807051181793213,0.06946464627981186,0.12850439548492432,1.0758112668991089
z0y528x144,25,A,False,150,2.0132977962493896,4.291388988494873,0.2070491462945938,16.256345748901367,2.0116894245147705,-1.2616894245147705,0.08171544969081879,0.38112473487854004,2.2542169094085693
z0y528x144,25,A,False,200,1.4180469512939453,5.828277111053467,0.2409481257200241,16.236652374267578,1.4400335550308228,-0.6900335550308228,0.05114485323429108,0.5952508449554443,2.690328359603882
z0y528x144,25,A,False,250,0.8824995756149292,6.709463119506836,0.25162962079048157,16.176380157470703,0.9690210819244385,-0.21902108192443848,0.04822639748454094,0.5355473756790161,1.6215397119522095
z0y528x144,25,A,False,300,0.7207162976264954,7.186949253082275,0.2567751705646515,16.15055274963379,0.8536164164543152,-0.10361641645431519,0.03174499794840813,0.16178327798843384,1.0661066770553589
z0y528x144,25,A,False,350,0.5944395065307617,7.423871994018555,0.26197296380996704,16.134157180786133,0.7673638463020325,-0.01736384630203247,0.018374327570199966,0.12627679109573364,0.4684540927410126
z0y528x144,25,A,False,400,0.5315947532653809,7.540063381195068,0.2650339901447296,16.12669563293457,0.7468992471694946,0.003100752830505371,0.010725615546107292,0.06284475326538086,0.23447608947753906
z0y528x144,25,A,False,450,0.46448567509651184,7.613091945648193,0.26704803109169006,16.12010955810547,0.718563973903656,0.031436026096343994,0.01095234602689743,0.06710907816886902,0.20394515991210938
z0y528x144,25,A,False,500,0.44330036640167236,7.675497055053711,0.268822580575943,16.11312484741211,0.733810305595398,0.01618969440460205,0.007806984707713127,0.021185308694839478,0.17536410689353943
z0y528x144,25,A,False,550,0.3966229259967804,7.699741363525391,0.2679887115955353,16.112125396728516,0.7227463126182556,0.027253687381744385,0.007660020608454943,0.04667744040489197,0.17372557520866394
z0y528x144,25,A,False,600,0.3694739043712616,7.723711013793945,0.26768815517425537,16.108427047729492,0.7199990153312683,0.03000098466873169,0.006825223099440336,0.0271490216255188,0.15675614774227142
z0y528x144,25,A,False,650,0.348513662815094,7.730821132659912,0.26673662662506104,16.106094360351562,0.7220574021339417,0.02794259786605835,0.004754194524139166,0.020960241556167603,0.10845070332288742
z0y528x144,25,A,False,700,0.3098009526729584,7.757260799407959,0.2658422887325287,16.10472869873047,0.6958474516868591,0.05415254831314087,0.006432696711272001,0.03871271014213562,0.16082103550434113
z0y528x144,25,A,False,750,0.29647335410118103,7.768911838531494,0.2647972106933594,16.10268211364746,0.7051246762275696,0.04487532377243042,0.004636639263480902,0.013327598571777344,0.08266192674636841
z0y528x144,25,A,False,800,0.28363871574401855,7.800390243530273,0.26431185007095337,16.099740982055664,0.7157081961631775,0.03429180383682251,0.005447801668196917,0.012834638357162476,0.14537771046161652
z0y528x144,25,A,False,850,0.2678320109844208,7.810292720794678,0.26342156529426575,16.098087310791016,0.7140249609947205,0.03597503900527954,0.0031793757807463408,0.01580670475959778,0.09383008629083633
z0y528x144,25,A,False,900,0.25928187370300293,7.822772979736328,0.263252317905426,16.0963134765625,0.7113539576530457,0.038646042346954346,0.0038230062928050756,0.008550137281417847,0.07149336487054825
z0y528x144,25,A,False,950,0.24084977805614471,7.835849285125732,0.2623215615749359,16.096420288085938,0.7200776934623718,0.029922306537628174,0.004142288584262133,0.018432095646858215,0.05352264642715454
z0y528x144,25,A,False,1000,0.2295394241809845,7.851219177246094,0.26267701387405396,16.09337043762207,0.7069593667984009,0.04304063320159912,0.0023879867512732744,0.011310353875160217,0.05321121960878372
z0y528x144,25,A,False,1050,0.2219051718711853,7.858322620391846,0.2613491714000702,16.091838836669922,0.7069706320762634,0.04302936792373657,0.0031872347462922335,0.007634252309799194,0.05849744752049446
z0y528x144,25,A,False,1100,0.21754387021064758,7.886170864105225,0.2614816427230835,16.089759826660156,0.721825122833252,0.028174877166748047,0.0036444084253162146,0.00436130166053772,0.08791697025299072
z0y528x144,25,A,False,1150,0.19848676025867462,7.895866394042969,0.2607727348804474,16.08939552307129,0.7168394923210144,0.033160507678985596,0.0019379303557798266,0.01905710995197296,0.04107053205370903
z0y528x144,25,A,False,1200,0.20188653469085693,7.922494888305664,0.2613801956176758,16.08660316467285,0.7210051417350769,0.028994858264923096,0.0018412385834380984,0.003399774432182312,0.0736713632941246
z0y528x144,25,A,False,1250,0.185207799077034,7.9310126304626465,0.2610989511013031,16.084508895874023,0.7200497388839722,0.029950261116027832,0.0025441348552703857,0.016678735613822937,0.05353393405675888
z0y528x144,25,A,False,1300,0.17419767379760742,7.945308208465576,0.2609471380710602,16.082883834838867,0.6942791938781738,0.05572080612182617,0.0014730528928339481,0.011010125279426575,0.06201837584376335
z0y528x144,25,A,False,1350,0.16343681514263153,7.963287830352783,0.2606668174266815,16.081396102905273,0.711855947971344,0.038144052028656006,0.0021401599515229464,0.010760858654975891,0.04981435835361481
z0y528x144,25,A,False,1400,0.15383705496788025,7.968444347381592,0.2602491080760956,16.081260681152344,0.6779781579971313,0.07202184200286865,0.0021691820584237576,0.009599760174751282,0.019172117114067078
z0y528x144,25,A,False,1450,0.15110190212726593,7.991589069366455,0.2607782185077667,16.079877853393555,0.6943137049674988,0.05568629503250122,0.0026803251821547747,0.002735152840614319,0.05221715569496155
z0y528x144,25,A,False,1500,0.14229446649551392,8.005804061889648,0.26063981652259827,16.07811737060547,0.6814278364181519,0.06857216358184814,0.002181658986955881,0.008807435631752014,0.04472178593277931
z0y528x144,25,A,False,1550,0.14502348005771637,8.0242338180542,0.2607346177101135,16.075960159301758,0.709263026714325,0.04073697328567505,0.0013515109894797206,0.0027290135622024536,0.04848197102546692
z0y528x144,25,A,False,1600,0.1312272548675537,8.017237663269043,0.2587698996067047,16.076887130737305,0.6868661046028137,0.06313389539718628,0.0034045132342725992,0.013796225190162659,0.04266153648495674
z0y528x144,25,A,False,1650,0.1302587240934372,8.030308723449707,0.258958101272583,16.076204299926758,0.6914812922477722,0.05851870775222778,0.0017497281078249216,0.0009685307741165161,0.04166261851787567
z0y528x144,25,A,False,1700,0.12717993557453156,8.039896965026855,0.25833335518836975,16.074974060058594,0.7064327001571655,0.04356729984283447,0.0018270565196871758,0.0030787885189056396,0.038722362369298935
z0y528x144,25,A,False,1750,0.1288265436887741,8.057451248168945,0.25893399119377136,16.073394775390625,0.7108360528945923,0.039163947105407715,0.00209686323069036,0.0016466081142425537,0.04215247184038162
z0y528x144,25,A,False,1800,0.12622304260730743,8.070869445800781,0.25902873277664185,16.072650909423828,0.7000591158866882,0.04994088411331177,0.0014539166586473584,0.002603501081466675,0.038667671382427216
z0y528x144,25,A,False,1850,0.12025023251771927,8.088091850280762,0.2593076825141907,16.070552825927734,0.6853922605514526,0.06460773944854736,0.0006731689791195095,0.005972810089588165,0.04097931832075119
z0y528x144,25,A,False,1900,0.11157958209514618,8.101325988769531,0.25861790776252747,16.070537567138672,0.6933816075325012,0.05661839246749878,0.0017702651675790548,0.00867065042257309,0.0384691059589386
z0y528x144,25,A,False,1950,0.10955308377742767,8.124049186706543,0.2593381404876709,16.068077087402344,0.6983759999275208,0.05162400007247925,0.0007671350613236427,0.002026498317718506,0.04560193046927452
z0y528x144,25,A,False,2000,0.10801208764314651,8.132018089294434,0.25966089963912964,16.066452026367188,0.700181782245636,0.049818217754364014,0.0014476452488452196,0.0015409961342811584,0.024360695853829384
z0y528x144,25,A,False,2050,0.10334721207618713,8.145527839660645,0.25993087887763977,16.06488609313965,0.6732141971588135,0.07678580284118652,0.0015708750579506159,0.004664875566959381,0.03162258490920067
z0y528x144,25,A,False,2100,0.09738942235708237,8.148816108703613,0.25946831703186035,16.063396453857422,0.6670746207237244,0.08292537927627563,0.0012781454715877771,0.005957789719104767,0.025704355910420418
z0y528x144,25,A,False,2150,0.097911037504673,8.164763450622559,0.259379506111145,16.062606811523438,0.6871471405029297,0.06285285949707031,0.0018582852790132165,0.0005216151475906372,0.03454484045505524
z0y528x144,25,A,False,2200,0.09682037681341171,8.164429664611816,0.2590161859989166,16.063411712646484,0.6864562034606934,0.06354379653930664,0.0024405959993600845,0.0010906606912612915,0.04151703417301178
z0y528x144,25,A,False,2250,0.10051007568836212,8.172333717346191,0.25907376408576965,16.062530517578125,0.6928233504295349,0.05717664957046509,0.001146149355918169,0.003689698874950409,0.01945057138800621
z0y528x144,25,A,False,2300,0.09824755042791367,8.178689002990723,0.25876113772392273,16.06193733215332,0.6979821920394897,0.052017807960510254,0.0017034047050401568,0.002262525260448456,0.014899598434567451
z0y528x144,25,A,False,2350,0.0929155945777893,8.172024726867676,0.25731760263442993,16.06306266784668,0.6870978474617004,0.06290215253829956,0.0035477911587804556,0.005331955850124359,0.0560588501393795
z0y528x144,25,A,False,2400,0.08904791623353958,8.18252182006836,0.2573961913585663,16.06312370300293,0.6838377714157104,0.06616222858428955,0.001963043585419655,0.0038676783442497253,0.048568468540906906
z0y528x144,25,A,False,2450,0.08653733879327774,8.193560600280762,0.2572299838066101,16.063108444213867,0.6719670295715332,0.0780329704284668,0.0019114261958748102,0.002510577440261841,0.019793756306171417
z0y528x144,25,A,False,2500,0.08754202723503113,8.20215129852295,0.2574301064014435,16.062744140625,0.6880133152008057,0.061986684799194336,0.001194833661429584,0.0010046884417533875,0.02885107882320881
z0y528x144,25,A,False,2550,0.08535259962081909,8.22065258026123,0.2577129006385803,16.06306266784668,0.7048535346984863,0.04514646530151367,0.0022004705388098955,0.002189427614212036,0.050719004124403
z0y528x144,25,A,False,2600,0.08328825235366821,8.229872703552246,0.25695207715034485,16.063215255737305,0.7067203521728516,0.04327964782714844,0.002543787471950054,0.002064347267150879,0.05074556916952133
z0y528x144,25,A,False,2650,0.08037379384040833,8.242610931396484,0.25657445192337036,16.062713623046875,0.6933149099349976,0.05668509006500244,0.0014112055068835616,0.0029144585132598877,0.028013475239276886
z0y528x144,25,A,False,2700,0.08203735947608948,8.248844146728516,0.2565906047821045,16.06281852722168,0.7012341618537903,0.04876583814620972,0.0005508235190063715,0.0016635656356811523,0.012211640365421772
z0y528x144,25,A,False,2750,0.07858340442180634,8.255853652954102,0.25722742080688477,16.06193733215332,0.6854156851768494,0.06458431482315063,0.0019987402483820915,0.003453955054283142,0.0374627523124218
z0y528x144,25,A,False,2800,0.07700899988412857,8.249381065368652,0.2574527859687805,16.061405181884766,0.6788040399551392,0.07119596004486084,0.0010578747605904937,0.001574404537677765,0.051692795008420944
z0y528x144,25,A,False,2850,0.07668832689523697,8.251523971557617,0.25737759470939636,16.06155776977539,0.6764445900917053,0.07355540990829468,0.001390919554978609,0.00032067298889160156,0.0318712554872036
z0y528x144,25,A,False,2900,0.07519541680812836,8.264472007751465,0.25795814394950867,16.06110191345215,0.6811999082565308,0.06880009174346924,0.000933817878831178,0.001492910087108612,0.02362864650785923
z0y528x144,25,A,False,2950,0.07404511421918869,8.269365310668945,0.2578165531158447,16.062013626098633,0.693549394607544,0.056450605392456055,0.002972617279738188,0.0011503025889396667,0.04926979914307594
z0y528x144,25,A,False,2999,0.07416322082281113,8.269023895263672,0.2578783929347992,16.062135696411133,0.6838639974594116,0.06613600254058838,0.002048908732831478,0.00011810660362243652,0.014481100253760815
z0y528x144,26,B,False,0,0.7100789546966553,2.009796619415283,0.0023464427795261145,11.961012840270996,0.7100784778594971,-0.054522931575775146,0.0023464427795261145,0.02326202392578125,0.01697220839560032
z0y528x144,26,B,False,50,1.238276720046997,2.287344455718994,0.04959128797054291,11.936206817626953,1.2380008697509766,-0.5824453234672546,0.04749477654695511,0.5281977653503418,0.4975994825363159
z0y528x144,26,B,False,100,1.255192756652832,2.674128770828247,0.10708155483007431,11.880522727966309,1.2544338703155518,-0.5988783240318298,0.05826645344495773,0.01691603660583496,0.6877402663230896
z0y528x144,26,B,False,150,1.5179338455200195,3.334742307662964,0.1780051440000534,11.787071228027344,1.5184681415557861,-0.8629125952720642,0.07298405468463898,0.2627410888671875,1.1539306640625
z0y528x144,26,B,False,200,1.4113540649414062,4.124307632446289,0.22994881868362427,11.723838806152344,1.4301941394805908,-0.7746385931968689,0.054305557161569595,0.10657978057861328,1.4017069339752197
z0y528x144,26,B,False,250,0.9281381368637085,4.6549859046936035,0.24978196620941162,11.703152656555176,0.9860861301422119,-0.33053058385849,0.021305430680513382,0.48321592807769775,0.9838195443153381
z0y528x144,26,B,False,300,0.8252159357070923,4.965481281280518,0.25531741976737976,11.69554615020752,0.9254335165023804,-0.26987797021865845,0.005850679706782103,0.10292220115661621,0.6234475374221802
z0y528x144,26,B,False,350,0.7479991316795349,5.180866241455078,0.2529763877391815,11.701360702514648,0.867263913154602,-0.21170836687088013,0.011020359583199024,0.07721680402755737,0.545927882194519
z0y528x144,26,B,False,400,0.669414222240448,5.3443827629089355,0.24875622987747192,11.70344352722168,0.8003212809562683,-0.1447657346725464,0.00740495091304183,0.07858490943908691,0.4555882215499878
z0y528x144,26,B,False,450,0.6508859992027283,5.574483394622803,0.24752435088157654,11.701498031616211,0.7901571989059448,-0.1346016526222229,0.0052415416575968266,0.018528223037719727,0.5142911672592163
z0y528x144,26,B,False,500,0.5660741329193115,5.727040767669678,0.24193011224269867,11.705385208129883,0.7194574475288391,-0.06390190124511719,0.006170270964503288,0.08481186628341675,0.4572329819202423
z0y528x144,26,B,False,550,0.5826148986816406,5.929771423339844,0.24132321774959564,11.706777572631836,0.7522041201591492,-0.09664857387542725,0.003327055601403117,0.0165407657623291,0.4835328459739685
z0y528x144,26,B,False,600,0.5795247554779053,6.096264362335205,0.24130123853683472,11.705282211303711,0.7571093440055847,-0.10155379772186279,0.0025469502434134483,0.0030901432037353516,0.3853622376918793
z0y528x144,26,B,False,650,0.535772442817688,6.254913330078125,0.23741455376148224,11.709198951721191,0.699271023273468,-0.043715476989746094,0.008304850198328495,0.043752312660217285,0.39283448457717896
z0y528x144,26,B,False,700,0.5045487284660339,6.380748748779297,0.23398028314113617,11.71048641204834,0.6823822259902954,-0.026826679706573486,0.004107306245714426,0.031223714351654053,0.28688937425613403
z0y528x144,26,B,False,750,0.5254856944084167,6.482797145843506,0.23164896667003632,11.714700698852539,0.7021640539169312,-0.04660850763320923,0.0031513182912021875,0.020936965942382812,0.2601151168346405
z0y528x144,26,B,False,800,0.47191321849823,6.542862415313721,0.22533422708511353,11.718243598937988,0.6568695306777954,-0.0013139843940734863,0.006690014619380236,0.05357247591018677,0.21829508244991302
z0y528x144,26,B,False,850,0.4976647198200226,6.668820858001709,0.225978821516037,11.720246315002441,0.6798363924026489,-0.024280846118927002,0.0031427163630723953,0.025751501321792603,0.23171068727970123
z0y528x144,26,B,False,900,0.4739355742931366,6.755795001983643,0.222343310713768,11.724498748779297,0.662767767906189,-0.007212221622467041,0.00387553870677948,0.023729145526885986,0.21294005215168
z0y528x144,26,B,False,950,0.5074495673179626,6.8972296714782715,0.22288310527801514,11.726405143737793,0.694192111492157,-0.03863656520843506,0.0028652530163526535,0.03351399302482605,0.31338056921958923
z0y528x144,26,B,False,1000,0.4757406413555145,6.950681209564209,0.21929039061069489,11.730989456176758,0.6650260090827942,-0.009470462799072266,0.005216117948293686,0.03170892596244812,0.09431666135787964
z0y528x144,26,B,False,1050,0.46810755133628845,7.076929569244385,0.21678473055362701,11.73249626159668,0.6642275452613831,-0.008671998977661133,0.002930103102698922,0.007633090019226074,0.2450779229402542
z0y528x144,26,B,False,1100,0.4718950390815735,7.172746181488037,0.21479842066764832,11.73364543914795,0.665968120098114,-0.01041257381439209,0.0038765252102166414,0.003787487745285034,0.2267257422208786
z0y528x144,26,B,False,1150,0.4346177279949188,7.28944730758667,0.2108037769794464,11.734185218811035,0.6378065943717957,0.01774895191192627,0.004933259449899197,0.03727731108665466,0.2722414433956146
z0y528x144,26,B,False,1200,0.4414597451686859,7.346261501312256,0.2049465775489807,11.738749504089355,0.646077573299408,0.009477972984313965,0.005962628871202469,0.00684201717376709,0.18103455007076263
z0y528x144,26,B,False,1250,0.4316219985485077,7.4150238037109375,0.1992509812116623,11.743439674377441,0.641547441482544,0.014008104801177979,0.007998299784958363,0.009837746620178223,0.19794823229312897
z0y528x144,26,B,False,1300,0.44784605503082275,7.445919036865234,0.19588467478752136,11.745898246765137,0.6591317653656006,-0.003576219081878662,0.007803611923009157,0.016224056482315063,0.05390549451112747
z0y528x144,26,B,False,1350,0.42145878076553345,7.5067291259765625,0.19258622825145721,11.751440048217773,0.6336499452590942,0.021905601024627686,0.008294346742331982,0.026387274265289307,0.14519234001636505
z0y528x144,26,B,False,1400,0.4243796765804291,7.569650173187256,0.18958543241024017,11.751766204833984,0.6478429436683655,0.007712602615356445,0.004654270131140947,0.00292089581489563,0.13043349981307983
z0y528x144,26,B,False,1450,0.4505768120288849,7.605175018310547,0.18659555912017822,11.757506370544434,0.6803751587867737,-0.024819612503051758,0.007815888151526451,0.02619713544845581,0.1308211088180542
z0y528x144,26,B,False,1500,0.4128989279270172,7.664318084716797,0.18156903982162476,11.762411117553711,0.6401926279067993,0.015362918376922607,0.008439651690423489,0.037677884101867676,0.17744815349578857
z0y528x144,26,B,False,1550,0.4205709993839264,7.676278591156006,0.17719678580760956,11.763755798339844,0.6519414782524109,0.003614068031311035,0.005545749794691801,0.00767207145690918,0.05192747339606285
z0y528x144,26,B,False,1600,0.4285063147544861,7.7098388671875,0.1733647584915161,11.768011093139648,0.6584164500236511,-0.0028609037399291992,0.008915440179407597,0.007935315370559692,0.06367137283086777
z0y528x144,26,B,False,1650,0.41992321610450745,7.773909091949463,0.16947074234485626,11.770059585571289,0.6553044319152832,0.0002511143684387207,0.005433541256934404,0.008583098649978638,0.15491795539855957
z0y528x144,26,B,False,1700,0.43563178181648254,7.843906402587891,0.16773156821727753,11.775160789489746,0.671810507774353,-0.016254961490631104,0.00896241795271635,0.015708565711975098,0.17540064454078674
z0y528x144,26,B,False,1750,0.4031921327114105,7.871753692626953,0.1651225984096527,11.784727096557617,0.6499648094177246,0.0055907368659973145,0.010569671168923378,0.03243964910507202,0.12411494553089142
z0y528x144,26,B,False,1800,0.419926255941391,7.945559978485107,0.16203176975250244,11.792027473449707,0.6638902425765991,-0.008334696292877197,0.009002682752907276,0.01673412322998047,0.1836492419242859
z0y528x144,26,B,False,1850,0.3869486153125763,7.989022731781006,0.16262264549732208,11.796817779541016,0.6335873603820801,0.021968185901641846,0.0070659383200109005,0.0329776406288147,0.138606458902359
z0y528x144,26,B,False,1900,0.42362919449806213,8.086169242858887,0.16414229571819305,11.800413131713867,0.675700843334198,-0.020145297050476074,0.007651668973267078,0.03668057918548584,0.27275350689888
z0y528x144,26,B,False,1950,0.39273715019226074,8.04281997680664,0.16243819892406464,11.807997703552246,0.6401665210723877,0.015389025211334229,0.010072707198560238,0.03089204430580139,0.08105193823575974
z0y528x144,26,B,False,2000,0.4036279320716858,8.099457740783691,0.16293929517269135,11.812287330627441,0.6587924957275391,-0.0032369494438171387,0.007552647031843662,0.010890781879425049,0.1329011619091034
z0y528x144,26,B,False,2050,0.4091488718986511,8.14373779296875,0.1644618958234787,11.814326286315918,0.6686722040176392,-0.013116657733917236,0.003991261124610901,0.005520939826965332,0.09872054308652878
z0y528x144,26,B,False,2100,0.38566309213638306,8.234646797180176,0.16541099548339844,11.814069747924805,0.646941602230072,0.008613944053649902,0.0015885464381426573,0.023485779762268066,0.17360419034957886
z0y528x144,26,B,False,2150,0.381169855594635,8.172249794006348,0.1663178950548172,11.821162223815918,0.6405269503593445,0.015028595924377441,0.009913105517625809,0.004493236541748047,0.17953437566757202
z0y528x144,26,B,False,2200,0.4209953844547272,8.261618614196777,0.16548316180706024,11.820357322692871,0.6885514855384827,-0.03299593925476074,0.0012313408078625798,0.03982552886009216,0.18280968070030212
z0y528x144,26,B,False,2250,0.3790038228034973,8.328652381896973,0.1667909473180771,11.82831859588623,0.6474212408065796,0.008134305477142334,0.00865949597209692,0.04199156165122986,0.15647974610328674
z0y528x144,26,B,False,2300,0.364411324262619,8.385702133178711,0.16562668979167938,11.829497337341309,0.6364449858665466,0.019110560417175293,0.007747200783342123,0.014592498540878296,0.17202670872211456
z0y528x144,26,B,False,2350,0.3684515357017517,8.477179527282715,0.16760651767253876,11.833019256591797,0.6415735483169556,0.013981997966766357,0.007465866394340992,0.00404021143913269,0.2515876889228821
z0y528x144,26,B,False,2400,0.3722778856754303,8.49205207824707,0.1719232052564621,11.836703300476074,0.6448732018470764,0.010682344436645508,0.0055322605185210705,0.003826349973678589,0.12709762156009674
z0y528x144,26,B,False,2450,0.36494484543800354,8.589948654174805,0.1731082946062088,11.838069915771484,0.6477682590484619,0.00778728723526001,0.003775479970499873,0.007333040237426758,0.19261424243450165
z0y528x144,26,B,False,2500,0.36045047640800476,8.551065444946289,0.1766921579837799,11.847024917602539,0.6404837965965271,0.015071749687194824,0.00955901388078928,0.004494369029998779,0.16538776457309723
z0y528x144,26,B,False,2550,0.3510407507419586,8.620413780212402,0.17453400790691376,11.851736068725586,0.6456732153892517,0.009882330894470215,0.005182463210076094,0.009409725666046143,0.16437047719955444
z0y528x144,26,B,False,2600,0.3572513461112976,8.706103324890137,0.18028686940670013,11.85273265838623,0.6463553309440613,0.009200215339660645,0.005844942294061184,0.006210595369338989,0.16521677374839783
z0y528x144,26,B,False,2650,0.403821736574173,8.75788402557373,0.18240465223789215,11.853255271911621,0.6922547221183777,-0.03669917583465576,0.005771460942924023,0.046570390462875366,0.09224118292331696
z0y528x144,26,B,False,2700,0.355048269033432,8.768850326538086,0.18597064912319183,11.857270240783691,0.6439338326454163,0.011621713638305664,0.008006229996681213,0.04877346754074097,0.029377616941928864
z0y528x144,26,B,False,2750,0.35402435064315796,8.758877754211426,0.18598522245883942,11.864331245422363,0.6473203301429749,0.00823521614074707,0.006595071405172348,0.0010239183902740479,0.057597965002059937
z0y528x144,26,B,False,2800,0.3483841121196747,8.813313484191895,0.1863877922296524,11.868377685546875,0.6417068243026733,0.013848721981048584,0.005134523380547762,0.005640238523483276,0.12433326989412308
z0y528x144,26,B,False,2850,0.35481399297714233,8.845585823059082,0.19041353464126587,11.871501922607422,0.6531662344932556,0.0023893117904663086,0.004157429561018944,0.006429880857467651,0.10789631307125092
z0y528x144,26,B,False,2900,0.38012832403182983,8.925188064575195,0.19441083073616028,11.872696876525879,0.6772804856300354,-0.021724939346313477,0.005782763939350843,0.0253143310546875,0.21470129489898682
z0y528x144,26,B,False,2950,0.3746505677700043,9.00561809539795,0.19544413685798645,11.8757905960083,0.6773069500923157,-0.02175140380859375,0.0018152579432353377,0.0054777562618255615,0.1850602775812149
z0y528x144,26,B,False,2999,0.3337501585483551,8.989174842834473,0.19718721508979797,11.884269714355469,0.6321713924407959,0.023384153842926025,0.00718662329018116,0.04090040922164917,0.1043049767613411
z0y528x144,27,B,False,0,0.7115910649299622,2.010021924972534,0.002757210982963443,15.59791374206543,0.7115904092788696,0.01618736982345581,0.002757210982963443,0.025129199028015137,0.017358483746647835
z0y528x144,27,B,False,50,1.4733498096466064,2.4148356914520264,0.06257489323616028,15.524520874023438,1.4728485345840454,-0.74507075548172,0.06004239246249199,0.7617587447166443,0.7039181590080261
z0y528x144,27,B,False,100,1.8943358659744263,3.094776153564453,0.12284456938505173,15.504504203796387,1.892876386642456,-1.1650986671447754,0.06580251455307007,0.4209860563278198,1.1857854127883911
z0y528x144,27,B,False,150,1.5779356956481934,4.209064960479736,0.17884789407253265,15.500031471252441,1.579428791999817,-0.8516510128974915,0.06298667937517166,0.3164001703262329,1.9319652318954468
z0y528x144,27,B,False,200,1.342079997062683,6.117201328277588,0.2563900351524353,15.599510192871094,1.372910976409912,-0.6451331973075867,0.11634990572929382,0.23585569858551025,3.334728479385376
z0y528x144,27,B,False,250,1.0549684762954712,8.641107559204102,0.3643783628940582,15.813549995422363,1.1248412132263184,-0.3970634341239929,0.16209359467029572,0.2871115207672119,4.670684337615967
z0y528x144,27,B,False,300,0.7706834673881531,10.085774421691895,0.4064928889274597,15.932137489318848,0.8850155472755432,-0.15723776817321777,0.07338414341211319,0.2842850089073181,2.8562870025634766
z0y528x144,27,B,False,350,0.6466021537780762,10.675698280334473,0.415210485458374,15.97480297088623,0.7873008251190186,-0.059523046016693115,0.028158728033304214,0.1240813136100769,1.0794674158096313
z0y528x144,27,B,False,400,0.6002328991889954,11.009448051452637,0.4170320928096771,15.988948822021484,0.7524279356002808,-0.024650156497955322,0.012808923609554768,0.04636925458908081,0.6369436979293823
z0y528x144,27,B,False,450,0.5622625946998596,11.20068645477295,0.41665586829185486,16.001922607421875,0.7301649451255798,-0.0023871660232543945,0.016311662271618843,0.03797030448913574,0.4331137239933014
z0y528x144,27,B,False,500,0.5328810214996338,11.334724426269531,0.4146510660648346,16.007871627807617,0.7132247090339661,0.014553070068359375,0.014291544444859028,0.02938157320022583,0.3311067521572113
z0y528x144,27,B,False,550,0.4992818832397461,11.388012886047363,0.4140992760658264,16.013452529907227,0.6919243931770325,0.03585338592529297,0.010981125757098198,0.033599138259887695,0.19642746448516846
z0y528x144,27,B,False,600,0.5076656341552734,11.480384826660156,0.41413938999176025,16.017080307006836,0.721014678478241,0.006763100624084473,0.008146136999130249,0.008383750915527344,0.27140429615974426
z0y528x144,27,B,False,650,0.45613402128219604,11.52996826171875,0.4123860001564026,16.021652221679688,0.6782868504524231,0.049490928649902344,0.006741729099303484,0.05153161287307739,0.2096809595823288
z0y528x144,27,B,False,700,0.46955403685569763,11.592700004577637,0.41032636165618896,16.02302360534668,0.7147015333175659,0.013076245784759521,0.005955069791525602,0.013420015573501587,0.1317579448223114
z0y528x144,27,B,False,750,0.4424324035644531,11.628294944763184,0.40836548805236816,16.027015686035156,0.6996667385101318,0.028111040592193604,0.0050018480978906155,0.027121633291244507,0.11620385944843292
z0y528x144,27,B,False,800,0.4395267367362976,11.675641059875488,0.40730607509613037,16.030244827270508,0.710438072681427,0.017339706420898438,0.0049109808169305325,0.0029056668281555176,0.14606544375419617
z0y528x144,27,B,False,850,0.4236248731613159,11.681736946105957,0.4055343568325043,16.0342960357666,0.706072986125946,0.021704792976379395,0.0032277763821184635,0.01590186357498169,0.05690864101052284
z0y528x144,27,B,False,900,0.40426620841026306,11.661262512207031,0.40360260009765625,16.036609649658203,0.6933292150497437,0.03444856405258179,0.0047720507718622684,0.019358664751052856,0.08522988110780716
z0y528x144,27,B,False,950,0.3771038055419922,11.676827430725098,0.4014357328414917,16.038284301757812,0.6653475761413574,0.06243020296096802,0.003364392789080739,0.027162402868270874,0.04705619439482689
z0y528x144,27,B,False,1000,0.39832285046577454,11.71261978149414,0.4002263844013214,16.040019989013672,0.7143516540527344,0.013426125049591064,0.0025991061702370644,0.02121904492378235,0.13862065970897675
z0y528x144,27,B,False,1050,0.3699795603752136,11.70562744140625,0.3972221314907074,16.04263687133789,0.6886754631996155,0.03910231590270996,0.0031242184340953827,0.028343290090560913,0.0661444291472435
z0y528x144,27,B,False,1100,0.361147940158844,11.696951866149902,0.3948754370212555,16.04449462890625,0.6827526092529297,0.04502516984939575,0.00334124150685966,0.008831620216369629,0.10008760541677475
z0y528x144,27,B,False,1150,0.36720332503318787,11.706454277038574,0.39406606554985046,16.048540115356445,0.7064806818962097,0.021297097206115723,0.003079488407820463,0.006055384874343872,0.03293531388044357
z0y528x144,27,B,False,1200,0.3382166922092438,11.679001808166504,0.3906894624233246,16.04875373840332,0.6782448291778564,0.049532949924468994,0.0037453414406627417,0.028986632823944092,0.05049528554081917
z0y528x144,27,B,False,1250,0.32174229621887207,11.680054664611816,0.38900312781333923,16.05124855041504,0.6712861061096191,0.0564916729927063,0.003049106104299426,0.016474395990371704,0.0801004096865654
z0y528x144,27,B,False,1300,0.3256024420261383,11.672799110412598,0.38743868470191956,16.05389404296875,0.6874557733535767,0.04032200574874878,0.002802522387355566,0.0038601458072662354,0.0687015950679779
z0y528x144,27,B,False,1350,0.3155544400215149,11.652633666992188,0.3854312002658844,16.056997299194336,0.6950380802154541,0.03273969888687134,0.0025514208246022463,0.010048002004623413,0.0836549773812294
z0y528x144,27,B,False,1400,0.31432604789733887,11.636225700378418,0.382585346698761,16.05921745300293,0.6988711357116699,0.028906643390655518,0.003459684317931533,0.0012283921241760254,0.06902679800987244
z0y528x144,27,B,False,1450,0.29663148522377014,11.641510009765625,0.38115814328193665,16.061952590942383,0.6806159615516663,0.04716181755065918,0.002915384480729699,0.017694562673568726,0.02707868441939354
z0y528x144,27,B,False,1500,0.28628456592559814,11.6565523147583,0.3798043429851532,16.064476013183594,0.6798058152198792,0.04797196388244629,0.0014698250452056527,0.010346919298171997,0.06641966849565506
z0y528x144,27,B,False,1550,0.2899487316608429,11.65737247467041,0.3781871199607849,16.06368637084961,0.6956396102905273,0.032138168811798096,0.0019513423321768641,0.003664165735244751,0.06443534791469574
z0y528x144,27,B,False,1600,0.27442994713783264,11.630703926086426,0.3752818703651428,16.062227249145508,0.679501473903656,0.048276305198669434,0.0030365614220499992,0.015518784523010254,0.07280959188938141
z0y528x144,27,B,False,1650,0.27816978096961975,11.603976249694824,0.3742965757846832,16.062894821166992,0.6741954684257507,0.05358231067657471,0.0009957158472388983,0.0037398338317871094,0.0704265758395195
z0y528x144,27,B,False,1700,0.2766488492488861,11.59583568572998,0.37274837493896484,16.06338119506836,0.6879659295082092,0.03981184959411621,0.00249918969348073,0.0015209317207336426,0.08363552391529083
z0y528x144,27,B,False,1750,0.26295050978660583,11.59654712677002,0.37144017219543457,16.0626220703125,0.6742768883705139,0.05350089073181152,0.0013963922392576933,0.013698339462280273,0.03907205909490585
z0y528x144,27,B,False,1800,0.2612520158290863,11.610356330871582,0.36923691630363464,16.06402015686035,0.6851018071174622,0.04267597198486328,0.002453305758535862,0.0016984939575195312,0.029064778238534927
z0y528x144,27,B,False,1850,0.26277396082878113,11.623013496398926,0.36790958046913147,16.0638370513916,0.6887604594230652,0.039017319679260254,0.0015525995986536145,0.0015219449996948242,0.022380998358130455
z0y528x144,27,B,False,1900,0.25599753856658936,11.606742858886719,0.3664318919181824,16.065418243408203,0.6866846680641174,0.04109311103820801,0.002237431239336729,0.0067764222621917725,0.06668136268854141
z0y528x144,27,B,False,1950,0.2508520483970642,11.611648559570312,0.3649917542934418,16.067119598388672,0.6958664655685425,0.03191131353378296,0.0017320975894108415,0.0051454901695251465,0.023729145526885986
z0y528x144,27,B,False,2000,0.2460392266511917,11.632826805114746,0.3646896183490753,16.069732666015625,0.6948590278625488,0.03291875123977661,0.0014399581123143435,0.0048128217458724976,0.04106646776199341
z0y528x144,27,B,False,2050,0.24143777787685394,11.623771667480469,0.3637215495109558,16.070735931396484,0.6784241199493408,0.04935365915298462,0.001050631981343031,0.0046014487743377686,0.05925585702061653
z0y528x144,27,B,False,2100,0.22678013145923615,11.620140075683594,0.3652671277523041,16.075748443603516,0.6843239665031433,0.04345381259918213,0.0028984935488551855,0.014657646417617798,0.06125986948609352
z0y528x144,27,B,False,2150,0.23542998731136322,11.633801460266113,0.3638744056224823,16.075565338134766,0.6912784576416016,0.03649932146072388,0.0014498005621135235,0.008649855852127075,0.044353317469358444
z0y528x144,27,B,False,2200,0.219103142619133,11.65778636932373,0.36329567432403564,16.07748031616211,0.6798914074897766,0.04788637161254883,0.002422801684588194,0.016326844692230225,0.047568026930093765
z0y528x144,27,B,False,2250,0.23417340219020844,11.669621467590332,0.36256977915763855,16.07456398010254,0.698570966720581,0.029206812381744385,0.0008431250462308526,0.01507025957107544,0.03757702559232712
z0y528x144,27,B,False,2300,0.2225508838891983,11.665919303894043,0.3608330190181732,16.076810836791992,0.6843234300613403,0.04345434904098511,0.0023327500093728304,0.011622518301010132,0.04977016896009445
z0y528x144,27,B,False,2350,0.2119397073984146,11.666671752929688,0.36075258255004883,16.077266693115234,0.6625614166259766,0.06521636247634888,0.0013224277645349503,0.010611176490783691,0.06637906283140182
z0y528x144,27,B,False,2400,0.22820360958576202,11.663093566894531,0.36008164286613464,16.079696655273438,0.6829556226730347,0.04482215642929077,0.001915552536956966,0.016263902187347412,0.04575067386031151
z0y528x144,27,B,False,2450,0.20651370286941528,11.654129981994629,0.35786283016204834,16.07869529724121,0.6695080995559692,0.0582696795463562,0.002357785589993,0.02168990671634674,0.15369558334350586
z0y528x144,27,B,False,2500,0.2075788676738739,11.661277770996094,0.3572549819946289,16.07921028137207,0.6629011631011963,0.06487661600112915,0.0013857267331331968,0.0010651648044586182,0.09587641060352325
z0y528x144,27,B,False,2550,0.20631611347198486,11.636305809020996,0.35733747482299805,16.086254119873047,0.6824797987937927,0.045297980308532715,0.003230413654819131,0.001262754201889038,0.09860650449991226
z0y528x144,27,B,False,2600,0.21869821846485138,11.629180908203125,0.3564912974834442,16.08607292175293,0.6926157474517822,0.03516203165054321,0.001399078406393528,0.012382104992866516,0.0394182950258255
z0y528x144,27,B,False,2650,0.22101090848445892,11.666365623474121,0.3543289601802826,16.081912994384766,0.6962573528289795,0.03152042627334595,0.0025365676265209913,0.002312690019607544,0.08189935982227325
z0y528x144,27,B,False,2700,0.20843276381492615,11.639925956726074,0.3526628315448761,16.08173179626465,0.6753104329109192,0.05246734619140625,0.001898336224257946,0.012578144669532776,0.05432889983057976
z0y528x144,27,B,False,2750,0.20784497261047363,11.630995750427246,0.35314881801605225,16.081396102905273,0.6840617656707764,0.04371601343154907,0.002756849629804492,0.0005877912044525146,0.09334935247898102
z0y528x144,27,B,False,2800,0.19907419383525848,11.631028175354004,0.35314446687698364,16.08124542236328,0.6668975949287415,0.060880184173583984,0.000698395015206188,0.008770778775215149,0.05210452154278755
z0y528x144,27,B,False,2850,0.20300962030887604,11.650859832763672,0.3538596034049988,16.08136749267578,0.6814881563186646,0.04628962278366089,0.0015927933854982257,0.003935426473617554,0.04759835824370384
z0y528x144,27,B,False,2900,0.20071080327033997,11.612645149230957,0.3515300452709198,16.084524154663086,0.6769533157348633,0.05082446336746216,0.0026872167363762856,0.0022988170385360718,0.1266680806875229
z0y528x144,27,B,False,2950,0.1991044133901596,11.592293739318848,0.35001128911972046,16.085556030273438,0.6657768487930298,0.062000930309295654,0.0020379223860800266,0.0016063898801803589,0.08128596842288971
z0y528x144,27,B,False,2999,0.19749760627746582,11.613577842712402,0.3489835262298584,16.083127975463867,0.6857156157493591,0.04206216335296631,0.0019035963341593742,0.0016068071126937866,0.04263077676296234
z0y528x144,28,B,False,0,0.7111925482749939,2.0100231170654297,0.0027706415858119726,8.921478271484375,0.7112306356430054,-0.011230647563934326,0.0027706415858119726,0.02512747049331665,0.01736082322895527
z0y528x144,28,B,False,50,1.7712979316711426,2.5013206005096436,0.022909516468644142,8.923502922058105,1.7749756574630737,-1.0749757289886475,0.021868595853447914,1.060105323791504,0.8521135449409485
z0y528x144,28,B,False,100,1.7604044675827026,3.2302606105804443,0.05229530110955238,8.960525512695312,1.778962254524231,-1.0789623260498047,0.040057070553302765,0.010893464088439941,1.2644037008285522
z0y528x144,28,B,False,150,1.3480640649795532,4.1702399253845215,0.12629511952400208,9.058242797851562,1.4433434009552002,-0.7433434128761292,0.07986234873533249,0.4123404026031494,1.6842957735061646
z0y528x144,28,B,False,200,1.091732382774353,5.438938140869141,0.22745348513126373,9.160035133361816,1.3149628639221191,-0.6149628758430481,0.11316301673650742,0.2563316822052002,2.4195311069488525
z0y528x144,28,B,False,250,0.7648608088493347,7.0921478271484375,0.30791911482810974,9.205286979675293,1.0087671279907227,-0.3087671399116516,0.09802766889333725,0.3268715739250183,3.1433422565460205
z0y528x144,28,B,False,300,0.5968309640884399,8.31947135925293,0.35921740531921387,9.244508743286133,0.8438724279403687,-0.1438724398612976,0.05594778433442116,0.16802984476089478,2.2691524028778076
z0y528x144,28,B,False,350,0.5367964506149292,8.96262264251709,0.3859139680862427,9.280250549316406,0.7949873208999634,-0.09498733282089233,0.031105132773518562,0.06003451347351074,1.1760762929916382
z0y528x144,28,B,False,400,0.49469441175460815,9.389792442321777,0.4026795029640198,9.30347728729248,0.7659097909927368,-0.06590980291366577,0.021157363429665565,0.042102038860321045,0.8140529990196228
z0y528x144,28,B,False,450,0.4579433500766754,9.669650077819824,0.4167090654373169,9.325860977172852,0.7279564738273621,-0.027956485748291016,0.0188276469707489,0.03675106167793274,0.5799168348312378
z0y528x144,28,B,False,500,0.45863452553749084,9.919321060180664,0.4269358813762665,9.342391014099121,0.7398983240127563,-0.0398983359336853,0.013994215987622738,0.0006911754608154297,0.5755466222763062
z0y528x144,28,B,False,550,0.4310130774974823,10.090954780578613,0.4362587630748749,9.355605125427246,0.7256927490234375,-0.025692760944366455,0.013468128629028797,0.027621448040008545,0.41163745522499084
z0y528x144,28,B,False,600,0.4270905554294586,10.286667823791504,0.4475725293159485,9.369112968444824,0.726830005645752,-0.026830017566680908,0.013584423810243607,0.003922522068023682,0.5365821719169617
z0y528x144,28,B,False,650,0.41128009557724,10.436635971069336,0.4568661153316498,9.381560325622559,0.7253067493438721,-0.025306761264801025,0.012044018134474754,0.015810459852218628,0.38715898990631104
z0y528x144,28,B,False,700,0.39666908979415894,10.556490898132324,0.4669700860977173,9.394927024841309,0.7170745134353638,-0.017074525356292725,0.012725794687867165,0.014611005783081055,0.36466699838638306
z0y528x144,28,B,False,750,0.3894522190093994,10.678001403808594,0.475336492061615,9.406301498413086,0.7243152856826782,-0.024315297603607178,0.01067415252327919,0.0072168707847595215,0.3116386830806732
z0y528x144,28,B,False,800,0.35405582189559937,10.790705680847168,0.4830896854400635,9.414189338684082,0.6964247822761536,0.0035752058029174805,0.00952873658388853,0.03539639711380005,0.28047844767570496
z0y528x144,28,B,False,850,0.35235467553138733,10.891186714172363,0.492122083902359,9.425540924072266,0.7012087106704712,-0.0012087225914001465,0.01137520745396614,0.0017011463642120361,0.238295778632164
z0y528x144,28,B,False,900,0.3598591089248657,10.994725227355957,0.49892711639404297,9.43408489227295,0.7170823812484741,-0.017082393169403076,0.008261901326477528,0.0075044333934783936,0.2778888940811157
z0y528x144,28,B,False,950,0.33547577261924744,11.096115112304688,0.5076913833618164,9.445154190063477,0.6960759162902832,0.003924071788787842,0.010580486617982388,0.024383336305618286,0.2971736490726471
z0y528x144,28,B,False,1000,0.3240186870098114,11.168694496154785,0.5128848552703857,9.451717376708984,0.6898709535598755,0.010129034519195557,0.006189105100929737,0.011457085609436035,0.21105478703975677
z0y528x144,28,B,False,1050,0.313690721988678,11.26201343536377,0.5191794037818909,9.458688735961914,0.6926015615463257,0.007398426532745361,0.007605585269629955,0.010327965021133423,0.17671144008636475
z0y528x144,28,B,False,1100,0.3175835609436035,11.318604469299316,0.5238050222396851,9.464314460754395,0.7014142274856567,-0.0014142394065856934,0.005529484711587429,0.003892838954925537,0.10241809487342834
z0y528x144,28,B,False,1150,0.3122739791870117,11.406781196594238,0.5278103947639465,9.468698501586914,0.7045512795448303,-0.004551291465759277,0.004521419294178486,0.005309581756591797,0.18833833932876587
z0y528x144,28,B,False,1200,0.2974754571914673,11.471596717834473,0.5343202352523804,9.474884986877441,0.6953727006912231,0.0046272873878479,0.0072904485277831554,0.014798521995544434,0.157338947057724
z0y528x144,28,B,False,1250,0.2903415560722351,11.541271209716797,0.5384553074836731,9.479058265686035,0.692392885684967,0.007607102394104004,0.0043089077807962894,0.007133901119232178,0.1824573278427124
z0y528x144,28,B,False,1300,0.2912815809249878,11.597468376159668,0.5417929887771606,9.483075141906738,0.7070199251174927,-0.007019937038421631,0.004460064694285393,0.0009400248527526855,0.17438814043998718
z0y528x144,28,B,False,1350,0.284059077501297,11.660686492919922,0.5472865104675293,9.489046096801758,0.7026667594909668,-0.002666771411895752,0.006204528734087944,0.007222503423690796,0.17018330097198486
z0y528x144,28,B,False,1400,0.2626854479312897,11.724930763244629,0.5502023696899414,9.492853164672852,0.6858329772949219,0.01416701078414917,0.003080717520788312,0.021373629570007324,0.1394599974155426
z0y528x144,28,B,False,1450,0.27045121788978577,11.787301063537598,0.5547930002212524,9.496967315673828,0.6977565288543701,0.0022434592247009277,0.005425327457487583,0.007765769958496094,0.17486457526683807
z0y528x144,28,B,False,1500,0.2639118731021881,11.809868812561035,0.5565160512924194,9.498971939086914,0.6922220587730408,0.0077779293060302734,0.001947981072589755,0.006539344787597656,0.14611011743545532
z0y528x144,28,B,False,1550,0.2591029703617096,11.847929954528809,0.5597661733627319,9.501953125,0.6919100880622864,0.008089900016784668,0.003350959625095129,0.004808902740478516,0.09806142002344131
z0y528x144,28,B,False,1600,0.2551593780517578,11.939990043640137,0.5643779039382935,9.50667953491211,0.6872867345809937,0.012713253498077393,0.0049454933032393456,0.003943592309951782,0.16525845229625702
z0y528x144,28,B,False,1650,0.25031957030296326,11.960335731506348,0.5655759572982788,9.507295608520508,0.6967740654945374,0.0032259225845336914,0.002048506634309888,0.004839807748794556,0.0769498199224472
z0y528x144,28,B,False,1700,0.2507750988006592,11.973742485046387,0.5661822557449341,9.507450103759766,0.709043025970459,-0.00904303789138794,0.0031690727919340134,0.00045552849769592285,0.024744104593992233
z0y528x144,28,B,False,1750,0.23826013505458832,12.051129341125488,0.571091890335083,9.51289176940918,0.6843303442001343,0.015669643878936768,0.005792257376015186,0.012514963746070862,0.14372996985912323
z0y528x144,28,B,False,1800,0.22963638603687286,12.049714088439941,0.5723503232002258,9.513815879821777,0.6806555986404419,0.01934438943862915,0.0019204500131309032,0.008623749017715454,0.08511940389871597
z0y528x144,28,B,False,1850,0.21599659323692322,12.104781150817871,0.5724804401397705,9.514585494995117,0.6732000112533569,0.02679997682571411,0.003918231464922428,0.013639792799949646,0.11268313229084015
z0y528x144,28,B,False,1900,0.22086462378501892,12.144658088684082,0.5736197233200073,9.51484203338623,0.6876963376998901,0.012303650379180908,0.0021142372861504555,0.004868030548095703,0.10191566497087479
z0y528x144,28,B,False,1950,0.22161218523979187,12.207831382751465,0.5734313726425171,9.515098571777344,0.6915423274040222,0.008457660675048828,0.0005383455427363515,0.0007475614547729492,0.1255308985710144
z0y528x144,28,B,False,2000,0.22049696743488312,12.241989135742188,0.5758298635482788,9.51863956451416,0.6907280683517456,0.00927191972732544,0.0025347622577100992,0.0011152178049087524,0.17974300682544708
z0y528x144,28,B,False,2050,0.2152218371629715,12.253738403320312,0.5783489942550659,9.520075798034668,0.6942827701568604,0.005717217922210693,0.004405347630381584,0.005275130271911621,0.0935676097869873
z0y528x144,28,B,False,2100,0.20588934421539307,12.27453327178955,0.5785019993782043,9.519869804382324,0.6808452606201172,0.019154727458953857,0.002205716446042061,0.00933249294757843,0.061721786856651306
z0y528x144,28,B,False,2150,0.20356956124305725,12.307060241699219,0.5803599953651428,9.521357536315918,0.6781992316246033,0.021800756454467773,0.004475243389606476,0.0023197829723358154,0.14398318529129028
z0y528x144,28,B,False,2200,0.20115865767002106,12.399723052978516,0.5833333730697632,9.524382591247559,0.6874583959579468,0.012541592121124268,0.003445792943239212,0.002410903573036194,0.1617322713136673
z0y528x144,28,B,False,2250,0.19918762147426605,12.42877197265625,0.5840937495231628,9.524280548095703,0.6865668296813965,0.01343315839767456,0.0019468797836452723,0.001971036195755005,0.06143496185541153
z0y528x144,28,B,False,2300,0.19897927343845367,12.394706726074219,0.5844197273254395,9.52402400970459,0.6890357732772827,0.01096421480178833,0.004205745179206133,0.00020834803581237793,0.10249440371990204
z0y528x144,28,B,False,2350,0.20184819400310516,12.431999206542969,0.5843618512153625,9.524229049682617,0.6939728260040283,0.006027162075042725,0.0005674834828823805,0.0028689205646514893,0.12281147390604019
z0y528x144,28,B,False,2400,0.18494713306427002,12.496467590332031,0.5852252244949341,9.52499771118164,0.6742576360702515,0.02574235200881958,0.0014351388672366738,0.016901060938835144,0.15886233747005463
z0y528x144,28,B,False,2450,0.1968129277229309,12.562420845031738,0.5867490172386169,9.52756118774414,0.6956475377082825,0.004352450370788574,0.0017963225254788995,0.011865794658660889,0.15360267460346222
z0y528x144,28,B,False,2500,0.18667997419834137,12.571171760559082,0.5876449942588806,9.527766227722168,0.6893320083618164,0.010667979717254639,0.001139132771641016,0.010132953524589539,0.06032247096300125
z0y528x144,28,B,False,2550,0.19029957056045532,12.582786560058594,0.5871859788894653,9.527253150939941,0.6900860071182251,0.009913980960845947,0.00219465559348464,0.0036195963621139526,0.06475559622049332
z0y528x144,28,B,False,2600,0.1699153184890747,12.600268363952637,0.5849425792694092,9.524741172790527,0.6730738878250122,0.026926100254058838,0.00439999345690012,0.020384252071380615,0.12710708379745483
z0y528x144,28,B,False,2650,0.1786801517009735,12.632569313049316,0.5832719802856445,9.521870613098145,0.6822251677513123,0.01777482032775879,0.004917481914162636,0.008764833211898804,0.09513066709041595
z0y528x144,28,B,False,2700,0.1781856268644333,12.65758228302002,0.5855048894882202,9.52448558807373,0.6841139793395996,0.015886008739471436,0.0025899014435708523,0.0004945248365402222,0.10734500735998154
z0y528x144,28,B,False,2750,0.1716877967119217,12.718911170959473,0.5864484310150146,9.525202751159668,0.6855179071426392,0.014482080936431885,0.0025306865572929382,0.006497830152511597,0.14788632094860077
z0y528x144,28,B,False,2800,0.1719244122505188,12.720988273620605,0.585827648639679,9.525407791137695,0.6841784715652466,0.015821516513824463,0.0025916965678334236,0.00023661553859710693,0.12230689823627472
z0y528x144,28,B,False,2850,0.17584745585918427,12.729434967041016,0.5871983170509338,9.527151107788086,0.6898446083068848,0.01015537977218628,0.002441933611407876,0.003923043608665466,0.06044476479291916
z0y528x144,28,B,False,2900,0.17761865258216858,12.749154090881348,0.5865437984466553,9.524434089660645,0.6957706212997437,0.004229366779327393,0.006948748603463173,0.001771196722984314,0.09084971994161606
z0y528x144,28,B,False,2950,0.16764478385448456,12.790392875671387,0.5860611796379089,9.525202751159668,0.685899555683136,0.014100432395935059,0.0016514775343239307,0.009973868727684021,0.10354579985141754
z0y528x144,28,B,False,2999,0.16772031784057617,12.828560829162598,0.5850682258605957,9.523460388183594,0.68436598777771,0.015634000301361084,0.0038366131484508514,7.553398609161377e-05,0.13587380945682526
z0y528x144,29,B,False,0,0.7081425189971924,2.0099363327026367,0.0026663586031645536,11.283889770507812,0.7081419825553894,0.008524656295776367,0.0026663586031645536,0.024663150310516357,0.01721053570508957
z0y528x144,29,B,False,50,1.3666496276855469,2.318120002746582,0.06736074388027191,11.261799812316895,1.3660951852798462,-0.6494285464286804,0.06474202871322632,0.6585071086883545,0.534931480884552
z0y528x144,29,B,False,100,1.5678393840789795,2.7799007892608643,0.12499015778303146,11.269600868225098,1.5668693780899048,-0.850202739238739,0.0646614283323288,0.20118975639343262,0.816495954990387
z0y528x144,29,B,False,150,1.7309173345565796,3.4978647232055664,0.18947775661945343,11.272546768188477,1.7328972816467285,-1.016230583190918,0.0704650729894638,0.1630779504776001,1.2543715238571167
z0y528x144,29,B,False,200,1.4155454635620117,4.363214015960693,0.2563326060771942,11.327338218688965,1.440608024597168,-0.7239413857460022,0.07580940425395966,0.31537187099456787,1.5859986543655396
z0y528x144,29,B,False,250,1.1026496887207031,4.988478183746338,0.27921760082244873,11.431265830993652,1.1702572107315063,-0.4535905718803406,0.060567110776901245,0.3128957748413086,1.2919001579284668
z0y528x144,29,B,False,300,0.7877593636512756,5.408376216888428,0.28532886505126953,11.513409614562988,0.8759444355964661,-0.1592777967453003,0.045300036668777466,0.3148903250694275,0.9699002504348755
z0y528x144,29,B,False,350,0.7594248652458191,5.715181827545166,0.2887750566005707,11.567861557006836,0.8536336421966553,-0.1369670033454895,0.029729239642620087,0.028334498405456543,0.716175377368927
z0y528x144,29,B,False,400,0.6498727202415466,5.9606194496154785,0.2883748710155487,11.60040283203125,0.7588576078414917,-0.04219096899032593,0.020894834771752357,0.10955214500427246,0.5424192547798157
z0y528x144,29,B,False,450,0.6336151957511902,6.11731481552124,0.28741899132728577,11.619916915893555,0.7583669424057007,-0.04170030355453491,0.010809789411723614,0.016257524490356445,0.3425285518169403
z0y528x144,29,B,False,500,0.5869507789611816,6.30293083190918,0.28758352994918823,11.632893562316895,0.7174466848373413,-0.0007800459861755371,0.0089986901730299,0.046664416790008545,0.39174291491508484
z0y528x144,29,B,False,550,0.5816537737846375,6.428770065307617,0.28610992431640625,11.64086627960205,0.7243674397468567,-0.007700800895690918,0.007338160648941994,0.0052970051765441895,0.32349565625190735
z0y528x144,29,B,False,600,0.5798935294151306,6.526826858520508,0.284179151058197,11.653610229492188,0.7345755100250244,-0.017908871173858643,0.010420199483633041,0.001760244369506836,0.26006054878234863
z0y528x144,29,B,False,650,0.5280982851982117,6.627107620239258,0.282577782869339,11.662029266357422,0.6937100887298584,0.022956550121307373,0.007176456041634083,0.051795244216918945,0.2633683681488037
z0y528x144,29,B,False,700,0.554719865322113,6.767907619476318,0.2825390696525574,11.669939994812012,0.737221896648407,-0.02055525779724121,0.00525320740416646,0.026621580123901367,0.31200525164604187
z0y528x144,29,B,False,750,0.4926661550998688,6.822851657867432,0.27815186977386475,11.679224967956543,0.6811693906784058,0.03549724817276001,0.011229153722524643,0.06205371022224426,0.2482379972934723
z0y528x144,29,B,False,800,0.5056262612342834,6.91069221496582,0.2764687240123749,11.683613777160645,0.6977461576461792,0.018920481204986572,0.0060372911393642426,0.012960106134414673,0.23682968318462372
z0y528x144,29,B,False,850,0.48414817452430725,6.985605716705322,0.27514275908470154,11.691217422485352,0.6822824478149414,0.034384191036224365,0.005164085887372494,0.021478086709976196,0.18395018577575684
z0y528x144,29,B,False,900,0.48557791113853455,7.0565338134765625,0.2740628719329834,11.69714641571045,0.6888821125030518,0.027784526348114014,0.004304893780499697,0.001429736614227295,0.18515102565288544
z0y528x144,29,B,False,950,0.4487760663032532,7.164622783660889,0.2726632058620453,11.702363967895508,0.6538532376289368,0.062813401222229,0.00441602012142539,0.03680184483528137,0.26255494356155396
z0y528x144,29,B,False,1000,0.45837098360061646,7.252201080322266,0.2709795832633972,11.702613830566406,0.6717997789382935,0.044866859912872314,0.003271621884778142,0.009594917297363281,0.2264396846294403
z0y528x144,29,B,False,1050,0.43625694513320923,7.308037281036377,0.269407719373703,11.702363967895508,0.6456335186958313,0.07103312015533447,0.002824340248480439,0.022114038467407227,0.1390170305967331
z0y528x144,29,B,False,1100,0.4437800645828247,7.401766300201416,0.2689290940761566,11.704365730285645,0.663601815700531,0.053064823150634766,0.0027757633943110704,0.0075231194496154785,0.21532559394836426
z0y528x144,29,B,False,1150,0.44137680530548096,7.480340480804443,0.26846346259117126,11.710038185119629,0.6693724989891052,0.04729413986206055,0.004285288508981466,0.00240325927734375,0.17208746075630188
z0y528x144,29,B,False,1200,0.4161043167114258,7.53358793258667,0.266924113035202,11.716833114624023,0.6501481533050537,0.06651848554611206,0.007033434696495533,0.025272488594055176,0.13889724016189575
z0y528x144,29,B,False,1250,0.43535029888153076,7.61714506149292,0.26694586873054504,11.717874526977539,0.6611052751541138,0.055561363697052,0.002162773860618472,0.01924598217010498,0.19204992055892944
z0y528x144,29,B,False,1300,0.4436259865760803,7.6515021324157715,0.26450812816619873,11.725706100463867,0.6678193807601929,0.0488472580909729,0.007700263522565365,0.00827568769454956,0.1473902016878128
z0y528x144,29,B,False,1350,0.41625577211380005,7.729401111602783,0.263449490070343,11.737194061279297,0.6504168510437012,0.0662497878074646,0.011604152619838715,0.027370214462280273,0.20258547365665436
z0y528x144,29,B,False,1400,0.4079676866531372,7.859277725219727,0.26405858993530273,11.73810863494873,0.6374247074127197,0.07924193143844604,0.0006396495155058801,0.008288085460662842,0.260528564453125
z0y528x144,29,B,False,1450,0.4366215169429779,7.9721221923828125,0.2641465365886688,11.738192558288574,0.6704211831092834,0.046245455741882324,0.0032534769270569086,0.028653830289840698,0.24561011791229248
z0y528x144,29,B,False,1500,0.4321289658546448,8.059100151062012,0.2631322145462036,11.742475509643555,0.6625640988349915,0.054102540016174316,0.005218783859163523,0.00449255108833313,0.21864406764507294
z0y528x144,29,B,False,1550,0.36986812949180603,8.093659400939941,0.2625836431980133,11.750415802001953,0.6071612238883972,0.10950541496276855,0.004951514303684235,0.062260836362838745,0.08845807611942291
z0y528x144,29,B,False,1600,0.40409642457962036,8.167305946350098,0.2627113163471222,11.752575874328613,0.6398215889930725,0.07684504985809326,0.0021596078295260668,0.03422829508781433,0.16127300262451172
z0y528x144,29,B,False,1650,0.42774155735969543,8.328852653503418,0.2628466486930847,11.759180068969727,0.6617329716682434,0.05493366718292236,0.007762643042951822,0.023645132780075073,0.36892709136009216
z0y528x144,29,B,False,1700,0.4160023033618927,8.433677673339844,0.2629217803478241,11.75710391998291,0.6553829312324524,0.06128370761871338,0.00228418898768723,0.011739253997802734,0.2183467149734497
z0y528x144,29,B,False,1750,0.40395045280456543,8.475861549377441,0.2617572844028473,11.764410972595215,0.6607010364532471,0.0559656023979187,0.007580552250146866,0.01205185055732727,0.1392209678888321
z0y528x144,29,B,False,1800,0.41795507073402405,8.52138614654541,0.26080960035324097,11.764286994934082,0.6672203540802002,0.049446284770965576,0.0038702385500073433,0.014004617929458618,0.12323353439569473
z0y528x144,29,B,False,1850,0.41473695635795593,8.623074531555176,0.2609000504016876,11.765074729919434,0.6619682908058167,0.05469834804534912,0.0004314665566198528,0.0032181143760681152,0.19206631183624268
z0y528x144,29,B,False,1900,0.42596644163131714,8.69163703918457,0.26077669858932495,11.767440795898438,0.6693828701972961,0.04728376865386963,0.005971038714051247,0.011229485273361206,0.16367989778518677
z0y528x144,29,B,False,1950,0.41434767842292786,8.838211059570312,0.2611382007598877,11.773455619812012,0.6541346311569214,0.06253200769424438,0.006699497811496258,0.011618763208389282,0.33165234327316284
z0y528x144,29,B,False,2000,0.4044228196144104,8.909331321716309,0.2614552080631256,11.777063369750977,0.6555670499801636,0.0610995888710022,0.005880032666027546,0.009924858808517456,0.16648666560649872
z0y528x144,29,B,False,2050,0.38233572244644165,9.00145149230957,0.2618981897830963,11.776233673095703,0.6337826251983643,0.08288401365280151,0.0012026780750602484,0.02208709716796875,0.18931980431079865
z0y528x144,29,B,False,2100,0.400247722864151,9.038132667541504,0.2619478702545166,11.782617568969727,0.6497353911399841,0.06693124771118164,0.01043594442307949,0.01791200041770935,0.1373974233865738
z0y528x144,29,B,False,2150,0.4074821472167969,9.11130142211914,0.26268741488456726,11.789619445800781,0.6653461456298828,0.05132049322128296,0.007239934988319874,0.007234424352645874,0.1740073412656784
z0y528x144,29,B,False,2200,0.4202343225479126,9.15749740600586,0.26333433389663696,11.793097496032715,0.6908713579177856,0.025795280933380127,0.002660206751897931,0.012752175331115723,0.09571447968482971
z0y528x144,29,B,False,2250,0.41399630904197693,9.26396656036377,0.2658630311489105,11.802865028381348,0.6768597364425659,0.039806902408599854,0.014586437493562698,0.006238013505935669,0.2642122507095337
z0y528x144,29,B,False,2300,0.40701231360435486,9.349939346313477,0.26808372139930725,11.805760383605957,0.6642703413963318,0.052396297454833984,0.0059870039112865925,0.00698399543762207,0.20700795948505402
z0y528x144,29,B,False,2350,0.3576461672782898,9.43862247467041,0.2679324448108673,11.808820724487305,0.6185807585716248,0.09808588027954102,0.0017710942775011063,0.049366146326065063,0.18874166905879974
z0y528x144,29,B,False,2400,0.40109115839004517,9.49056625366211,0.2668125331401825,11.803236961364746,0.6619011759757996,0.05476546287536621,0.0040266006253659725,0.04344499111175537,0.101664237678051
z0y528x144,29,B,False,2450,0.4015008509159088,9.555645942687988,0.26855695247650146,11.814194679260254,0.6696128845214844,0.047053754329681396,0.011525114998221397,0.00040969252586364746,0.18535038828849792
z0y528x144,29,B,False,2500,0.40193507075309753,9.606953620910645,0.2683779001235962,11.813119888305664,0.6694088578224182,0.04725778102874756,0.0006922571337781847,0.0004342198371887207,0.1102040633559227
z0y528x144,29,B,False,2550,0.3725932538509369,9.690677642822266,0.2682628631591797,11.810391426086426,0.6231449246406555,0.09352171421051025,0.0015977653674781322,0.029341816902160645,0.16216790676116943
z0y528x144,29,B,False,2600,0.38591036200523376,9.74466609954834,0.26772525906562805,11.80927562713623,0.6530669927597046,0.06359964609146118,0.0027200323529541492,0.013317108154296875,0.11161921173334122
z0y528x144,29,B,False,2650,0.37793466448783875,9.774161338806152,0.26955491304397583,11.816095352172852,0.64737868309021,0.06928795576095581,0.008072007447481155,0.00797569751739502,0.07203260809183121
z0y528x144,29,B,False,2700,0.3731159269809723,9.810147285461426,0.2701391577720642,11.816550254821777,0.6493639349937439,0.06730270385742188,0.0011540194973349571,0.004818737506866455,0.07402019947767258
z0y528x144,29,B,False,2750,0.358033686876297,9.862804412841797,0.27176910638809204,11.821797370910645,0.633076012134552,0.08359062671661377,0.00605856953188777,0.015082240104675293,0.1321537345647812
z0y528x144,29,B,False,2800,0.36183086037635803,9.925301551818848,0.2715108096599579,11.820805549621582,0.6394627094268799,0.07720392942428589,0.0019137616036459804,0.003797173500061035,0.11279353499412537
z0y528x144,29,B,False,2850,0.3648500442504883,9.960110664367676,0.2730177640914917,11.825554847717285,0.647774338722229,0.06889230012893677,0.00837098527699709,0.003019183874130249,0.12478981912136078
z0y528x144,29,B,False,2900,0.37656334042549133,10.032088279724121,0.27318039536476135,11.821342468261719,0.6566131114959717,0.06005352735519409,0.0014381823129951954,0.011713296175003052,0.1477704793214798
z0y528x144,29,B,False,2950,0.36272934079170227,10.101273536682129,0.2744012773036957,11.824316024780273,0.6503687500953674,0.06629788875579834,0.003982755355536938,0.013833999633789062,0.159820556640625
z0y528x144,29,B,False,2999,0.34942278265953064,10.125689506530762,0.27434590458869934,11.823944091796875,0.631826639175415,0.08483999967575073,0.0020710588432848454,0.01330655813217163,0.068023182451725
z0y624x144,0,A,True,0,0.82865309715271,2.010019063949585,0.002770591527223587,11.05777645111084,0.8286523818969727,-0.006430149078369141,0.002770591527223587,0.02785313129425049,0.017353668808937073
z0y624x144,0,A,True,50,2.0332741737365723,2.429814100265503,0.06553629785776138,11.03288745880127,2.032550811767578,-1.2103285789489746,0.06391365826129913,1.2046210765838623,0.7272112965583801
z0y624x144,0,A,True,100,1.740173101425171,2.8948280811309814,0.09317266196012497,11.025494575500488,1.7394641637802124,-0.9172419309616089,0.034132204949855804,0.29310107231140137,0.8140575289726257
z0y624x144,0,A,True,150,1.8901124000549316,3.7835140228271484,0.15729866921901703,11.047571182250977,1.8937265872955322,-1.0715043544769287,0.06617972254753113,0.14993929862976074,1.5566356182098389
z0y624x144,0,A,True,200,1.4224214553833008,4.858778953552246,0.21029001474380493,11.084195137023926,1.4481019973754883,-0.6258797645568848,0.0603925958275795,0.46769094467163086,1.9484530687332153
z0y624x144,0,A,True,250,1.2464221715927124,5.680816650390625,0.24457387626171112,11.109496116638184,1.288767695426941,-0.4665454626083374,0.06034478545188904,0.17599928379058838,1.5926120281219482
z0y624x144,0,A,True,300,1.1029033660888672,6.359568119049072,0.2669740617275238,11.117140769958496,1.1660696268081665,-0.343847393989563,0.04933970421552658,0.14351880550384521,1.397599458694458
z0y624x144,0,A,True,350,0.955213189125061,6.798678874969482,0.28382056951522827,11.152704238891602,1.0261516571044922,-0.20392942428588867,0.03151341900229454,0.14769017696380615,0.996863603591919
z0y624x144,0,A,True,400,0.8940740823745728,7.154355525970459,0.29622671008110046,11.191776275634766,0.9767824411392212,-0.15456020832061768,0.021034790202975273,0.06113910675048828,0.702206552028656
z0y624x144,0,A,True,450,0.8399907946586609,7.400843143463135,0.3056636452674866,11.231669425964355,0.931223452091217,-0.10900121927261353,0.017224078997969627,0.054083287715911865,0.4721711575984955
z0y624x144,0,A,True,500,0.7927667498588562,7.59333610534668,0.314437597990036,11.2754487991333,0.8952351212501526,-0.07301288843154907,0.016961604356765747,0.04722404479980469,0.38315215706825256
z0y624x144,0,A,True,550,0.7774096131324768,7.706331729888916,0.3234444558620453,11.314140319824219,0.8937965035438538,-0.07157427072525024,0.01580357365310192,0.015357136726379395,0.2664574086666107
z0y624x144,0,A,True,600,0.7433937191963196,7.811882019042969,0.3317568004131317,11.353903770446777,0.8712770938873291,-0.049054861068725586,0.014714449644088745,0.03401589393615723,0.21743449568748474
z0y624x144,0,A,True,650,0.7097700238227844,7.892110824584961,0.34028032422065735,11.387227058410645,0.847371518611908,-0.025149285793304443,0.0160969365388155,0.033623695373535156,0.17133228480815887
z0y624x144,0,A,True,700,0.690523087978363,7.897177219390869,0.34183189272880554,11.412883758544922,0.8373321294784546,-0.015109896659851074,0.0076179541647434235,0.019246935844421387,0.11923454701900482
z0y624x144,0,A,True,750,0.7038225531578064,7.944108486175537,0.34666189551353455,11.44215202331543,0.8640221953392029,-0.041799962520599365,0.01003038790076971,0.01329946517944336,0.08793843537569046
z0y624x144,0,A,True,800,0.6336681246757507,8.006946563720703,0.3536592125892639,11.479133605957031,0.8037891387939453,0.018433094024658203,0.012439895421266556,0.07015442848205566,0.12976916134357452
z0y624x144,0,A,True,850,0.6802394390106201,8.062882423400879,0.3574959337711334,11.50033950805664,0.8573524951934814,-0.03513026237487793,0.007189820054918528,0.046571314334869385,0.15976640582084656
z0y624x144,0,A,True,900,0.6484565138816833,8.089158058166504,0.3612348139286041,11.523921966552734,0.8326249122619629,-0.010402679443359375,0.009201915934681892,0.03178292512893677,0.10946153849363327
z0y624x144,0,A,True,950,0.6223275661468506,8.146697998046875,0.3662756681442261,11.542211532592773,0.8171485662460327,0.005073666572570801,0.008001161739230156,0.026128947734832764,0.12192036211490631
z0y624x144,0,A,True,1000,0.6118019819259644,8.19570255279541,0.37464961409568787,11.563470840454102,0.8214364051818848,0.00078582763671875,0.012042677029967308,0.01052558422088623,0.1598976105451584
z0y624x144,0,A,True,1050,0.6067759990692139,8.209158897399902,0.3772548735141754,11.585155487060547,0.8235365152359009,-0.0013142824172973633,0.004771584179252386,0.005025982856750488,0.035443224012851715
z0y624x144,0,A,True,1100,0.642894983291626,8.258224487304688,0.38056787848472595,11.622101783752441,0.8712668418884277,-0.04904460906982422,0.007414106745272875,0.03611898422241211,0.15978863835334778
z0y624x144,0,A,True,1150,0.6153923273086548,8.30443286895752,0.3839969336986542,11.64677906036377,0.848142147064209,-0.02591991424560547,0.007185559254139662,0.02750265598297119,0.16414441168308258
z0y624x144,0,A,True,1200,0.588365375995636,8.332720756530762,0.3846952021121979,11.67261791229248,0.8339309692382812,-0.011708736419677734,0.004351400770246983,0.0270269513130188,0.049457572400569916
z0y624x144,0,A,True,1250,0.5670441389083862,8.444513320922852,0.3890872299671173,11.713082313537598,0.823685348033905,-0.0014631152153015137,0.00653421925380826,0.021321237087249756,0.19439275562763214
z0y624x144,0,A,True,1300,0.5688650012016296,8.488655090332031,0.3904460370540619,11.744263648986816,0.8275172710418701,-0.0052950382232666016,0.00663550291210413,0.0018208622932434082,0.08747291564941406
z0y624x144,0,A,True,1350,0.5634965300559998,8.534974098205566,0.39212802052497864,11.791234016418457,0.8407514691352844,-0.018529236316680908,0.005863330326974392,0.005368471145629883,0.1447233408689499
z0y624x144,0,A,True,1400,0.5582375526428223,8.60142993927002,0.39135709404945374,11.832324981689453,0.8459852337837219,-0.023763000965118408,0.005049394443631172,0.00525897741317749,0.18331590294837952
z0y624x144,0,A,True,1450,0.5139943957328796,8.66568374633789,0.3855556845664978,11.86989974975586,0.8114263415336609,0.010795891284942627,0.010461016558110714,0.04424315690994263,0.12543246150016785
z0y624x144,0,A,True,1500,0.5086869597434998,8.736088752746582,0.3822385370731354,11.900712013244629,0.8198855519294739,0.0023366808891296387,0.01015691738575697,0.005307435989379883,0.15404482185840607
z0y624x144,0,A,True,1550,0.4850452244281769,8.822017669677734,0.37607479095458984,11.943388938903809,0.7991588711738586,0.023063361644744873,0.011784068308770657,0.023641735315322876,0.2370024174451828
z0y624x144,0,A,True,1600,0.5229035019874573,8.964503288269043,0.37244123220443726,11.994750022888184,0.8569071292877197,-0.03468489646911621,0.0070588053204119205,0.037858277559280396,0.28704404830932617
z0y624x144,0,A,True,1650,0.495453804731369,9.055122375488281,0.37036389112472534,12.053631782531738,0.8410829305648804,-0.018860697746276855,0.006985818967223167,0.027449697256088257,0.18771323561668396
z0y624x144,0,A,True,1700,0.4646989107131958,9.150065422058105,0.3661760687828064,12.102992057800293,0.8133025765419006,0.00891965627670288,0.009774880483746529,0.030754894018173218,0.1758902221918106
z0y624x144,0,A,True,1750,0.4714241027832031,9.20130729675293,0.36165374517440796,12.153678894042969,0.8229736089706421,-0.0007513761520385742,0.006822593510150909,0.006725192070007324,0.13329917192459106
z0y624x144,0,A,True,1800,0.4738462269306183,9.273978233337402,0.3599158525466919,12.193187713623047,0.8426346778869629,-0.020412445068359375,0.003981854300945997,0.002422124147415161,0.1421048790216446
z0y624x144,0,A,True,1850,0.4577806890010834,9.338038444519043,0.3579878807067871,12.22622013092041,0.82928466796875,-0.007062435150146484,0.001940001966431737,0.016065537929534912,0.15024353563785553
z0y624x144,0,A,True,1900,0.45653191208839417,9.436495780944824,0.35539066791534424,12.244418144226074,0.8379066586494446,-0.015684425830841064,0.0029330351389944553,0.001248776912689209,0.19031353294849396
z0y624x144,0,A,True,1950,0.46109235286712646,9.482247352600098,0.3512831926345825,12.260598182678223,0.8545809388160706,-0.03235870599746704,0.006979330442845821,0.0045604407787323,0.13044853508472443
z0y624x144,0,A,True,2000,0.4508422911167145,9.509627342224121,0.3479127585887909,12.269197463989258,0.8443303108215332,-0.022108078002929688,0.004269185476005077,0.010250061750411987,0.08541455864906311
z0y624x144,0,A,True,2050,0.4620296061038971,9.590888977050781,0.34750106930732727,12.286457061767578,0.8572383522987366,-0.03501611948013306,0.006820418871939182,0.011187314987182617,0.1676492691040039
z0y624x144,0,A,True,2100,0.44828668236732483,9.633993148803711,0.34638512134552,12.296785354614258,0.838334321975708,-0.016112089157104492,0.0043030790984630585,0.013742923736572266,0.14847582578659058
z0y624x144,0,A,True,2150,0.43986859917640686,9.680108070373535,0.343781441450119,12.303176879882812,0.8251937627792358,-0.0029715299606323242,0.004729961510747671,0.008418083190917969,0.14833703637123108
z0y624x144,0,A,True,2200,0.43539878726005554,9.747361183166504,0.3431982398033142,12.309128761291504,0.8361849188804626,-0.01396268606185913,0.002536606043577194,0.004469811916351318,0.16134217381477356
z0y624x144,0,A,True,2250,0.417845219373703,9.773513793945312,0.3437270522117615,12.316187858581543,0.8113429546356201,0.010879278182983398,0.0020937826484441757,0.01755356788635254,0.06870846450328827
z0y624x144,0,A,True,2300,0.4264540374279022,9.85301685333252,0.3442554473876953,12.3256196975708,0.8349518179893494,-0.01272958517074585,0.0031878924928605556,0.008608818054199219,0.2563265264034271
z0y624x144,0,A,True,2350,0.44439658522605896,9.86478328704834,0.34371405839920044,12.334925651550293,0.8525639772415161,-0.030341744422912598,0.002651253016665578,0.01794254779815674,0.06805943697690964
z0y624x144,0,A,True,2400,0.4395817518234253,9.923835754394531,0.34177008271217346,12.341337203979492,0.8594427108764648,-0.03722047805786133,0.002941285027191043,0.004814833402633667,0.13258269429206848
z0y624x144,0,A,True,2450,0.42475610971450806,9.9381685256958,0.3357565104961395,12.338052749633789,0.835983395576477,-0.013761162757873535,0.00914098136126995,0.014825642108917236,0.08859818428754807
z0y624x144,0,A,True,2500,0.4236449599266052,9.963875770568848,0.3366422653198242,12.347310066223145,0.8204900026321411,0.0017322301864624023,0.0028239935636520386,0.001111149787902832,0.13318078219890594
z0y624x144,0,A,True,2550,0.403313547372818,10.059651374816895,0.33429375290870667,12.348614692687988,0.8083236217498779,0.013898611068725586,0.003981322981417179,0.02033141255378723,0.19983570277690887
z0y624x144,0,A,True,2600,0.4433964192867279,10.131508827209473,0.3317527174949646,12.349088668823242,0.859046220779419,-0.03682398796081543,0.003813790390267968,0.04008287191390991,0.1487027108669281
z0y624x144,0,A,True,2650,0.4138428866863251,10.180082321166992,0.3286226689815521,12.362841606140137,0.8433578610420227,-0.02113562822341919,0.004505576565861702,0.029553532600402832,0.28634586930274963
z0y624x144,0,A,True,2700,0.42826589941978455,10.178645133972168,0.32898980379104614,12.365921974182129,0.8475297689437866,-0.025307536125183105,0.0035800745245069265,0.014423012733459473,0.21897806227207184
z0y624x144,0,A,True,2750,0.4004004895687103,10.249122619628906,0.32512152194976807,12.366987228393555,0.815255880355835,0.006966352462768555,0.006655305624008179,0.02786540985107422,0.1282115876674652
z0y624x144,0,A,True,2800,0.42876824736595154,10.282434463500977,0.32103124260902405,12.365763664245605,0.856536328792572,-0.034314095973968506,0.010494155809283257,0.02836775779724121,0.07992980629205704
z0y624x144,0,A,True,2850,0.4128831923007965,10.314282417297363,0.31878167390823364,12.363789558410645,0.8304449319839478,-0.008222699165344238,0.007303619757294655,0.01588505506515503,0.10084143280982971
z0y624x144,0,A,True,2900,0.411256343126297,10.335951805114746,0.31450361013412476,12.368685722351074,0.8362290859222412,-0.014006853103637695,0.008077467791736126,0.0016268491744995117,0.18161262571811676
z0y624x144,0,A,True,2950,0.4202638864517212,10.30510425567627,0.3153603971004486,12.376775741577148,0.8547237515449524,-0.03250151872634888,0.0034302042331546545,0.009007543325424194,0.11883116513490677
z0y624x144,0,A,True,2999,0.41959908604621887,10.344168663024902,0.3153131604194641,12.375394821166992,0.8588932752609253,-0.03667104244232178,0.0008608344360254705,0.0006648004055023193,0.22751522064208984
z0y624x144,1,A,False,0,0.8210394382476807,2.0099165439605713,0.0026707137003540993,7.06913423538208,0.8228576183319092,0.09380906820297241,0.0026707137003540993,0.026827692985534668,0.017176203429698944
z0y624x144,1,A,False,50,1.6973018646240234,2.4422876834869385,0.023973612114787102,7.100010871887207,1.7197288274765015,-0.8030621409416199,0.02488771080970764,0.8762624263763428,0.7495064735412598
z0y624x144,1,A,False,100,1.8985192775726318,3.1196985244750977,0.09198077768087387,7.208190441131592,1.9349241256713867,-1.0182573795318604,0.06824643164873123,0.2012174129486084,1.195449948310852
z0y624x144,1,A,False,150,1.4259672164916992,3.943269729614258,0.15656931698322296,7.323909282684326,1.514830231666565,-0.5981635451316833,0.06684193015098572,0.4725520610809326,1.4890044927597046
z0y624x144,1,A,False,200,1.099586844444275,4.688405990600586,0.2376948595046997,7.434216499328613,1.233762264251709,-0.3170955777168274,0.08532854914665222,0.3263803720474243,1.32111656665802
z0y624x144,1,A,False,250,0.794177770614624,5.0266032218933105,0.2935330271720886,7.491922855377197,0.9972209334373474,-0.08055424690246582,0.059270162135362625,0.3054090738296509,0.5909273624420166
z0y624x144,1,A,False,300,0.6695624589920044,5.1132121086120605,0.3219672739505768,7.525088310241699,0.9212663173675537,-0.004599630832672119,0.029127372428774834,0.12461531162261963,0.24982908368110657
z0y624x144,1,A,False,350,0.6686071753501892,5.21476936340332,0.3362652361392975,7.542393207550049,0.9450425505638123,-0.028375864028930664,0.015058254823088646,0.0009552836418151855,0.2848895788192749
z0y624x144,1,A,False,400,0.6196094751358032,5.297980785369873,0.3480418920516968,7.556686878204346,0.9240240454673767,-0.007357358932495117,0.011887243948876858,0.048997700214385986,0.30389928817749023
z0y624x144,1,A,False,450,0.5913587212562561,5.359071254730225,0.3589828908443451,7.569985866546631,0.9144366979598999,0.0022299885749816895,0.011055623181164265,0.02825075387954712,0.2457544058561325
z0y624x144,1,A,False,500,0.5620356202125549,5.426279544830322,0.3675897419452667,7.582038402557373,0.9053974151611328,0.01126927137374878,0.009549406357109547,0.029323101043701172,0.2807782292366028
z0y624x144,1,A,False,550,0.5172607898712158,5.490015506744385,0.3711570203304291,7.591113090515137,0.8779070973396301,0.038759589195251465,0.005917284172028303,0.04477483034133911,0.2366495579481125
z0y624x144,1,A,False,600,0.507820725440979,5.547451496124268,0.3721906244754791,7.5983781814575195,0.8828050494194031,0.033861637115478516,0.005802504252642393,0.009440064430236816,0.16644063591957092
z0y624x144,1,A,False,650,0.4714040458202362,5.601596832275391,0.3721690773963928,7.608139514923096,0.8531360030174255,0.06353068351745605,0.009602637030184269,0.0364166796207428,0.1957051008939743
z0y624x144,1,A,False,700,0.49621444940567017,5.662269115447998,0.3713456094264984,7.6153883934021,0.9008685350418091,0.01579815149307251,0.009564363397657871,0.02481040358543396,0.21713320910930634
z0y624x144,1,A,False,750,0.4524134397506714,5.69702672958374,0.3693278729915619,7.6232709884643555,0.8592308759689331,0.057435810565948486,0.010672940872609615,0.04380100965499878,0.14124977588653564
z0y624x144,1,A,False,800,0.4357188045978546,5.750120162963867,0.36230984330177307,7.626600742340088,0.8461405634880066,0.070526123046875,0.014187186025083065,0.016694635152816772,0.19584982097148895
z0y624x144,1,A,False,850,0.447910338640213,5.804332256317139,0.36045584082603455,7.633768081665039,0.8647754788398743,0.051891207695007324,0.013100051321089268,0.012191534042358398,0.21701577305793762
z0y624x144,1,A,False,900,0.41565948724746704,5.861654281616211,0.3554020822048187,7.637029647827148,0.848547101020813,0.0681195855140686,0.012605581432580948,0.03225085139274597,0.17142784595489502
z0y624x144,1,A,False,950,0.4218352735042572,5.8962554931640625,0.34850552678108215,7.6406731605529785,0.8586151599884033,0.05805152654647827,0.01998465694487095,0.006175786256790161,0.14032864570617676
z0y624x144,1,A,False,1000,0.41092708706855774,5.958235263824463,0.3445287048816681,7.645975112915039,0.8528834581375122,0.06378322839736938,0.017386455088853836,0.010908186435699463,0.22570689022541046
z0y624x144,1,A,False,1050,0.4254034459590912,6.003128528594971,0.3409319818019867,7.649295330047607,0.8821892738342285,0.034477412700653076,0.017454909160733223,0.014476358890533447,0.1989581137895584
z0y624x144,1,A,False,1100,0.4295617341995239,6.050877094268799,0.3383108079433441,7.65299654006958,0.8796112537384033,0.03705543279647827,0.016481205821037292,0.004158288240432739,0.2264954149723053
z0y624x144,1,A,False,1150,0.3996714651584625,6.149682998657227,0.3368968963623047,7.6580352783203125,0.8502699136734009,0.06639677286148071,0.021684439852833748,0.0298902690410614,0.30469855666160583
z0y624x144,1,A,False,1200,0.3931237757205963,6.22434663772583,0.33458733558654785,7.659502029418945,0.8563407063484192,0.0603259801864624,0.023724248632788658,0.006547689437866211,0.21581068634986877
z0y624x144,1,A,False,1250,0.38627830147743225,6.297664642333984,0.33164694905281067,7.659246921539307,0.8541667461395264,0.062499940395355225,0.02768746018409729,0.0068454742431640625,0.2849854528903961
z0y624x144,1,A,False,1300,0.38024893403053284,6.419577121734619,0.33398526906967163,7.662370204925537,0.8409227132797241,0.07574397325515747,0.030039355158805847,0.006029367446899414,0.35005903244018555
z0y624x144,1,A,False,1350,0.4016702175140381,6.509086608886719,0.3389434516429901,7.663708209991455,0.8700466752052307,0.04662001132965088,0.03610670566558838,0.02142128348350525,0.288639098405838
z0y624x144,1,A,False,1400,0.3905471861362457,6.653369426727295,0.3468377888202667,7.6653642654418945,0.8563977479934692,0.060268938541412354,0.03247419372200966,0.011123031377792358,0.3780815303325653
z0y624x144,1,A,False,1450,0.41299352049827576,6.807261943817139,0.3618391454219818,7.666447162628174,0.8829379081726074,0.03372877836227417,0.0440857969224453,0.02244633436203003,0.41137203574180603
z0y624x144,1,A,False,1500,0.38467827439308167,6.971386432647705,0.3861759603023529,7.667275428771973,0.8589989542961121,0.05766773223876953,0.054306671023368835,0.028315246105194092,0.42259299755096436
z0y624x144,1,A,False,1550,0.4265950918197632,7.170050144195557,0.41087982058525085,7.668485164642334,0.9057595133781433,0.010907173156738281,0.04474784433841705,0.04191681742668152,0.481564462184906
z0y624x144,1,A,False,1600,0.383401483297348,7.364063262939453,0.4439944326877594,7.671477317810059,0.862369179725647,0.05429750680923462,0.05005853995680809,0.04319360852241516,0.4775441884994507
z0y624x144,1,A,False,1650,0.38204440474510193,7.587749004364014,0.47171059250831604,7.6726226806640625,0.8717494010925293,0.044917285442352295,0.03977902978658676,0.0013570785522460938,0.4825998842716217
z0y624x144,1,A,False,1700,0.3697057068347931,7.710469722747803,0.5118424892425537,7.674086570739746,0.8521295189857483,0.0645371675491333,0.05430915206670761,0.012338697910308838,0.31702446937561035
z0y624x144,1,A,False,1750,0.35636547207832336,7.929794788360596,0.5517370104789734,7.677330493927002,0.8446370363235474,0.07202965021133423,0.05037080496549606,0.013340234756469727,0.4874882996082306
z0y624x144,1,A,False,1800,0.3584615886211395,8.164859771728516,0.5832707285881042,7.679556369781494,0.8477064967155457,0.06896018981933594,0.0389271154999733,0.002096116542816162,0.5424222946166992
z0y624x144,1,A,False,1850,0.3526456356048584,8.327392578125,0.6146036386489868,7.682798385620117,0.8473487496376038,0.06931793689727783,0.036982715129852295,0.005815953016281128,0.41261929273605347
z0y624x144,1,A,False,1900,0.35734695196151733,8.511078834533691,0.6481945514678955,7.685912132263184,0.8556684255599976,0.06099826097488403,0.03910484164953232,0.0047013163566589355,0.45068299770355225
z0y624x144,1,A,False,1950,0.3387796878814697,8.678945541381836,0.6717731952667236,7.688389301300049,0.8493261933326721,0.06734049320220947,0.026641612872481346,0.018567264080047607,0.3959549069404602
z0y624x144,1,A,False,2000,0.32185545563697815,8.803621292114258,0.6918972730636597,7.6919450759887695,0.8392605185508728,0.07740616798400879,0.022090913727879524,0.016924232244491577,0.34302374720573425
z0y624x144,1,A,False,2050,0.34015119075775146,8.997735023498535,0.7208698987960815,7.696260452270508,0.8548926711082458,0.06177401542663574,0.03199568763375282,0.018295735120773315,0.44053858518600464
z0y624x144,1,A,False,2100,0.3361090421676636,9.027193069458008,0.7397804856300354,7.698607444763184,0.8471997976303101,0.06946688890457153,0.020522931590676308,0.004042148590087891,0.1401418298482895
z0y624x144,1,A,False,2150,0.3304397761821747,9.203805923461914,0.7566960453987122,7.701524257659912,0.8598818182945251,0.056784868240356445,0.018008999526500702,0.005669265985488892,0.40927809476852417
z0y624x144,1,A,False,2200,0.2796728312969208,9.316166877746582,0.7608278393745422,7.703489303588867,0.8191307783126831,0.09753590822219849,0.004210266750305891,0.050766944885253906,0.2585005760192871
z0y624x144,1,A,False,2250,0.31027716398239136,9.541640281677246,0.7712895274162292,7.708431720733643,0.83501136302948,0.08165532350540161,0.010461733676493168,0.03060433268547058,0.5526444911956787
z0y624x144,1,A,False,2300,0.3082726001739502,9.643254280090332,0.7737699747085571,7.710838794708252,0.8455480337142944,0.07111865282058716,0.003466359805315733,0.002004563808441162,0.2172820270061493
z0y624x144,1,A,False,2350,0.29684415459632874,9.704047203063965,0.7839113473892212,7.713687419891357,0.8375463485717773,0.07912033796310425,0.010392515920102596,0.01142844557762146,0.15099139511585236
z0y624x144,1,A,False,2400,0.2874988317489624,9.843537330627441,0.7943173050880432,7.716156005859375,0.8348556756973267,0.08181101083755493,0.010663782246410847,0.009345322847366333,0.36765536665916443
z0y624x144,1,A,False,2450,0.2924148738384247,9.942184448242188,0.8020883202552795,7.7181172370910645,0.8412105441093445,0.07545614242553711,0.008179198950529099,0.00491604208946228,0.2388228327035904
z0y624x144,1,A,False,2500,0.2867506742477417,10.009535789489746,0.803534746170044,7.722102165222168,0.835849940776825,0.08081674575805664,0.005828673020005226,0.005664199590682983,0.2155732661485672
z0y624x144,1,A,False,2550,0.27281251549720764,10.196501731872559,0.8096998929977417,7.727221965789795,0.8149714469909668,0.1016952395439148,0.007869388908147812,0.013938158750534058,0.44295719265937805
z0y624x144,1,A,False,2600,0.27396857738494873,10.193497657775879,0.8223165273666382,7.73158073425293,0.8269089460372925,0.08975774049758911,0.012816378846764565,0.0011560618877410889,0.14214184880256653
z0y624x144,1,A,False,2650,0.27643299102783203,10.380193710327148,0.8268826603889465,7.735053539276123,0.830755352973938,0.0859113335609436,0.006982470862567425,0.0024644136428833008,0.4063209593296051
z0y624x144,1,A,False,2700,0.27698078751564026,10.412827491760254,0.8274173736572266,7.739660263061523,0.8449870944023132,0.07167959213256836,0.0073182848282158375,0.0005477964878082275,0.10921084135770798
z0y624x144,1,A,False,2750,0.2705238163471222,10.534008026123047,0.8308312296867371,7.743255615234375,0.8458427786827087,0.07082390785217285,0.005433399695903063,0.006456971168518066,0.291179895401001
z0y624x144,1,A,False,2800,0.2653350234031677,10.568305969238281,0.8371113538742065,7.747983455657959,0.8359931111335754,0.08067357540130615,0.007218987215310335,0.005188792943954468,0.10352484881877899
z0y624x144,1,A,False,2850,0.26276594400405884,10.606905937194824,0.8461440801620483,7.7524566650390625,0.8289271593093872,0.08773952722549438,0.009399625472724438,0.0025690793991088867,0.13093414902687073
z0y624x144,1,A,False,2900,0.2728683650493622,10.737353324890137,0.8507478833198547,7.757871627807617,0.8278752565383911,0.08879142999649048,0.006464370526373386,0.010102421045303345,0.2925451099872589
z0y624x144,1,A,False,2950,0.26297199726104736,10.730594635009766,0.855060875415802,7.762024402618408,0.8244113922119141,0.09225529432296753,0.00580600555986166,0.00989636778831482,0.09674115478992462
z0y624x144,1,A,False,2999,0.25069373846054077,10.884864807128906,0.8571279644966125,7.766238212585449,0.8333040475845337,0.0833626389503479,0.0059052156284451485,0.012278258800506592,0.3542942404747009
z0y624x144,2,A,True,0,0.8192076683044434,2.0100224018096924,0.002744980389252305,13.959623336791992,0.8192068934440613,0.09745979309082031,0.002744980389252305,0.027645587921142578,0.017359722405672073
z0y624x144,2,A,True,50,2.1296286582946777,2.4750425815582275,0.018157031387090683,13.951873779296875,2.129570484161377,-1.2129037380218506,0.016470909118652344,1.3104209899902344,0.807685911655426
z0y624x144,2,A,True,100,1.9400672912597656,3.155355215072632,0.028607213869690895,13.91102409362793,1.940026879310608,-1.023360252380371,0.01573437638580799,0.1895613670349121,1.1863434314727783
z0y624x144,2,A,True,150,1.9802565574645996,4.324838638305664,0.04767252877354622,13.904081344604492,1.9858053922653198,-1.069138765335083,0.023969607427716255,0.040189266204833984,2.0371508598327637
z0y624x144,2,A,True,200,1.2977166175842285,5.459247589111328,0.12763814628124237,14.003679275512695,1.3778021335601807,-0.4611354470252991,0.08016681671142578,0.6825399398803711,1.9837349653244019
z0y624x144,2,A,True,250,0.7706161737442017,5.994645595550537,0.15888506174087524,14.077231407165527,0.9950212836265564,-0.0783545970916748,0.03548996150493622,0.5271004438400269,0.9444694519042969
z0y624x144,2,A,True,300,0.5950846672058105,6.159027099609375,0.16482648253440857,14.10483169555664,0.913893461227417,0.0027732253074645996,0.01215104479342699,0.1755315065383911,0.34444668889045715
z0y624x144,2,A,True,350,0.5320717096328735,6.228810787200928,0.16894809901714325,14.117825508117676,0.9078211784362793,0.008845508098602295,0.008951795287430286,0.06301295757293701,0.2931937873363495
z0y624x144,2,A,True,400,0.4979018270969391,6.2860798835754395,0.17143572866916656,14.12227725982666,0.9049018621444702,0.011764824390411377,0.006708658766001463,0.03416988253593445,0.27387672662734985
z0y624x144,2,A,True,450,0.44540008902549744,6.314500331878662,0.1737927794456482,14.123712539672852,0.8626365661621094,0.05403012037277222,0.0065456232987344265,0.05250173807144165,0.2642821967601776
z0y624x144,2,A,True,500,0.4563067853450775,6.346312999725342,0.1756868064403534,14.126745223999023,0.8899695873260498,0.026697099208831787,0.005837731529027224,0.010906696319580078,0.2786201238632202
z0y624x144,2,A,True,550,0.42196890711784363,6.379289150238037,0.1789136826992035,14.130270957946777,0.8691917657852173,0.04747492074966431,0.005766252055764198,0.03433787822723389,0.28704339265823364
z0y624x144,2,A,True,600,0.42974764108657837,6.41145133972168,0.18164967000484467,14.133993148803711,0.8887006640434265,0.027966022491455078,0.0035916303750127554,0.007778733968734741,0.26170241832733154
z0y624x144,2,A,True,650,0.4435879588127136,6.44976806640625,0.1805185079574585,14.134313583374023,0.8977582454681396,0.018908441066741943,0.0021237675100564957,0.013840317726135254,0.30491289496421814
z0y624x144,2,A,True,700,0.43223682045936584,6.483116626739502,0.18164630234241486,14.134797096252441,0.8884196877479553,0.02824699878692627,0.0020711629185825586,0.011351138353347778,0.3236399292945862
z0y624x144,2,A,True,750,0.42044538259506226,6.5490899085998535,0.18081068992614746,14.137171745300293,0.8902715444564819,0.026395142078399658,0.006855309475213289,0.011791437864303589,0.3230697214603424
z0y624x144,2,A,True,800,0.4033726453781128,6.626594543457031,0.17926909029483795,14.139062881469727,0.8772932887077332,0.03937339782714844,0.006719059310853481,0.017072737216949463,0.3011367917060852
z0y624x144,2,A,True,850,0.4202267527580261,6.719987869262695,0.17310430109500885,14.135712623596191,0.8973081111907959,0.019358575344085693,0.009646514430642128,0.01685410737991333,0.33942297101020813
z0y624x144,2,A,True,900,0.39361393451690674,6.795983791351318,0.1653825342655182,14.128767013549805,0.8825589418411255,0.034107744693756104,0.010498395189642906,0.026612818241119385,0.26681381464004517
z0y624x144,2,A,True,950,0.4087736904621124,6.883134841918945,0.15743176639080048,14.124074935913086,0.9110395908355713,0.005627095699310303,0.011803883127868176,0.015159755945205688,0.30557873845100403
z0y624x144,2,A,True,1000,0.4299282729625702,6.973032474517822,0.14848272502422333,14.115508079528809,0.9177598357200623,-0.001093149185180664,0.013099029660224915,0.021154582500457764,0.2849888801574707
z0y624x144,2,A,True,1050,0.4046480357646942,7.030733585357666,0.14026010036468506,14.109789848327637,0.9158649444580078,0.0008017420768737793,0.012103088200092316,0.025280237197875977,0.24806587398052216
z0y624x144,2,A,True,1100,0.38386544585227966,7.112384796142578,0.13015925884246826,14.102235794067383,0.8930301666259766,0.02363651990890503,0.014290870167315006,0.02078258991241455,0.2563004791736603
z0y624x144,2,A,True,1150,0.3823055028915405,7.220636367797852,0.12187513709068298,14.09726619720459,0.8935514688491821,0.023115217685699463,0.015683798119425774,0.0015599429607391357,0.31760039925575256
z0y624x144,2,A,True,1200,0.3777667284011841,7.318458557128906,0.11515141278505325,14.08939266204834,0.8917348980903625,0.024931788444519043,0.017050208523869514,0.004538774490356445,0.25598084926605225
z0y624x144,2,A,True,1250,0.3958498239517212,7.392398357391357,0.1090765967965126,14.079676628112793,0.9220343232154846,-0.005367636680603027,0.018834659829735756,0.01808309555053711,0.2241775244474411
z0y624x144,2,A,True,1300,0.39544543623924255,7.4933953285217285,0.10422540456056595,14.070067405700684,0.9210381507873535,-0.004371464252471924,0.019953832030296326,0.0004043877124786377,0.29445815086364746
z0y624x144,2,A,True,1350,0.3662257790565491,7.584024906158447,0.10679996758699417,14.05795955657959,0.8897584080696106,0.026908278465270996,0.026613105088472366,0.02921965718269348,0.2684273421764374
z0y624x144,2,A,True,1400,0.36220815777778625,7.70648717880249,0.11311086267232895,14.047231674194336,0.8968725204467773,0.019794166088104248,0.023868907243013382,0.004017621278762817,0.3006788194179535
z0y624x144,2,A,True,1450,0.3583838939666748,7.806978225708008,0.12207992374897003,14.036520957946777,0.9080610275268555,0.008605659008026123,0.022710643708705902,0.00382426381111145,0.26259711384773254
z0y624x144,2,A,True,1500,0.36931127309799194,7.912696838378906,0.13250677287578583,14.02703857421875,0.9169933199882507,-0.0003266334533691406,0.019117962568998337,0.010927379131317139,0.24840831756591797
z0y624x144,2,A,True,1550,0.36185044050216675,8.023967742919922,0.14795604348182678,14.016417503356934,0.9121754765510559,0.004491209983825684,0.023598385974764824,0.007460832595825195,0.27289095520973206
z0y624x144,2,A,True,1600,0.33220475912094116,8.123284339904785,0.1640012562274933,14.00761890411377,0.8999104499816895,0.01675623655319214,0.022295115515589714,0.029645681381225586,0.2595030665397644
z0y624x144,2,A,True,1650,0.31653210520744324,8.213543891906738,0.18123748898506165,13.997026443481445,0.879993200302124,0.03667348623275757,0.022180387750267982,0.015672653913497925,0.23230090737342834
z0y624x144,2,A,True,1700,0.32011672854423523,8.29553508758545,0.2027004510164261,13.985876083374023,0.9032305479049683,0.01343613862991333,0.025622088462114334,0.003584623336791992,0.19819875061511993
z0y624x144,2,A,True,1750,0.30095428228378296,8.359620094299316,0.22106961905956268,13.975529670715332,0.895094633102417,0.0215720534324646,0.02123923972249031,0.01916244626045227,0.164995938539505
z0y624x144,2,A,True,1800,0.29993465542793274,8.426012992858887,0.22964437305927277,13.967561721801758,0.8906221389770508,0.02604454755783081,0.011298748664557934,0.0010196268558502197,0.16823364794254303
z0y624x144,2,A,True,1850,0.30119410157203674,8.478547096252441,0.24239055812358856,13.958985328674316,0.8931393623352051,0.023527324199676514,0.015138588845729828,0.001259446144104004,0.16658076643943787
z0y624x144,2,A,True,1900,0.286922425031662,8.55846118927002,0.25479045510292053,13.95006275177002,0.9007497429847717,0.015916943550109863,0.014837237074971199,0.014271676540374756,0.2056855857372284
z0y624x144,2,A,True,1950,0.2640247046947479,8.652901649475098,0.2568415105342865,13.945608139038086,0.8793377876281738,0.037328898906707764,0.005856100935488939,0.022897720336914062,0.2020992785692215
z0y624x144,2,A,True,2000,0.26750990748405457,8.758460998535156,0.25858697295188904,13.94079303741455,0.8841196894645691,0.0325469970703125,0.005255835130810738,0.0034852027893066406,0.22203831374645233
z0y624x144,2,A,True,2050,0.25432902574539185,8.813756942749023,0.254973828792572,13.935432434082031,0.881316602230072,0.03535008430480957,0.006260149646550417,0.01318088173866272,0.12579235434532166
z0y624x144,2,A,True,2100,0.25950583815574646,8.898852348327637,0.25182148814201355,13.932506561279297,0.9028938412666321,0.013772845268249512,0.005452808458358049,0.005176812410354614,0.1866120994091034
z0y624x144,2,A,True,2150,0.24556291103363037,8.971467018127441,0.25014597177505493,13.92849349975586,0.8925016522407532,0.024165034294128418,0.004756359849125147,0.013942927122116089,0.15602384507656097
z0y624x144,2,A,True,2200,0.2297075092792511,9.017289161682129,0.24230673909187317,13.926197052001953,0.8894049525260925,0.027261734008789062,0.00899123027920723,0.015855401754379272,0.10357845574617386
z0y624x144,2,A,True,2250,0.2276962399482727,9.08260440826416,0.23715682327747345,13.922935485839844,0.8522975444793701,0.06436914205551147,0.006609671283513308,0.0020112693309783936,0.13964059948921204
z0y624x144,2,A,True,2300,0.21861785650253296,9.155138969421387,0.2289353758096695,13.921120643615723,0.8588918447494507,0.05777484178543091,0.008926061913371086,0.009078383445739746,0.13410836458206177
z0y624x144,2,A,True,2350,0.21808651089668274,9.199610710144043,0.2241867184638977,13.919218063354492,0.889985203742981,0.026681482791900635,0.00577955599874258,0.0005313456058502197,0.08693119883537292
z0y624x144,2,A,True,2400,0.22298769652843475,9.26806926727295,0.2133585810661316,13.919305801391602,0.8753067851066589,0.041359901428222656,0.011447050608694553,0.004901185631752014,0.13145919144153595
z0y624x144,2,A,True,2450,0.23019573092460632,9.317061424255371,0.21232351660728455,13.917218208312988,0.871077299118042,0.0455893874168396,0.002333679934963584,0.00720803439617157,0.1391277015209198
z0y624x144,2,A,True,2500,0.21959851682186127,9.354301452636719,0.20492540299892426,13.916438102722168,0.8728169202804565,0.04384976625442505,0.007949748076498508,0.010597214102745056,0.06817212700843811
z0y624x144,2,A,True,2550,0.20778991281986237,9.421866416931152,0.19433973729610443,13.915095329284668,0.8587968349456787,0.05786985158920288,0.011570850387215614,0.011808604001998901,0.19664306938648224
z0y624x144,2,A,True,2600,0.21419163048267365,9.484503746032715,0.18475309014320374,13.914894104003906,0.8839263916015625,0.03274029493331909,0.010045100003480911,0.006401717662811279,0.12615323066711426
z0y624x144,2,A,True,2650,0.2206687033176422,9.563410758972168,0.17520961165428162,13.914902687072754,0.8754516839981079,0.04121500253677368,0.010108034126460552,0.006477072834968567,0.1493971347808838
z0y624x144,2,A,True,2700,0.21581155061721802,9.643441200256348,0.17012785375118256,13.915780067443848,0.8675035834312439,0.049163103103637695,0.005403759889304638,0.004857152700424194,0.17119716107845306
z0y624x144,2,A,True,2750,0.20957618951797485,9.700172424316406,0.1607501357793808,13.916340827941895,0.8794536590576172,0.037213027477264404,0.010211696848273277,0.006235361099243164,0.11862176656723022
z0y624x144,2,A,True,2800,0.21374255418777466,9.73708724975586,0.15775391459465027,13.913077354431152,0.8729091286659241,0.04375755786895752,0.0049677337519824505,0.004166364669799805,0.0880303829908371
z0y624x144,2,A,True,2850,0.2149875909090042,9.765740394592285,0.14760994911193848,13.914288520812988,0.8567817211151123,0.05988496541976929,0.010863986797630787,0.0012450367212295532,0.05183125287294388
z0y624x144,2,A,True,2900,0.2309321016073227,9.841538429260254,0.13955707848072052,13.913805961608887,0.8848554491996765,0.03181123733520508,0.009037096984684467,0.01594451069831848,0.13555270433425903
z0y624x144,2,A,True,2950,0.21009641885757446,9.8970308303833,0.12504801154136658,13.914411544799805,0.863600492477417,0.0530661940574646,0.01592443138360977,0.02083568274974823,0.18788257241249084
z0y624x144,2,A,True,2999,0.1935463845729828,9.944774627685547,0.1134582981467247,13.913753509521484,0.8585227727890015,0.05814391374588013,0.014046694152057171,0.016550034284591675,0.09782705456018448
z0y624x144,3,A,True,0,0.8036370277404785,2.0100247859954834,0.00276929815299809,11.025161743164062,0.8036364912986755,0.12414127588272095,0.00276929815299809,0.027304649353027344,0.017363300547003746
z0y624x144,3,A,True,50,1.5908201932907104,2.3393795490264893,0.04824579879641533,10.9505615234375,1.5905230045318604,-0.6627452373504639,0.046152662485837936,0.7871831655502319,0.5736164450645447
z0y624x144,3,A,True,100,1.7209309339523315,2.9177792072296143,0.0996035560965538,10.886275291442871,1.7234439849853516,-0.7956662178039551,0.05244613438844681,0.1301107406616211,1.0030736923217773
z0y624x144,3,A,True,150,1.6115001440048218,3.514690399169922,0.118942990899086,10.86448860168457,1.6293522119522095,-0.701574444770813,0.021343650296330452,0.10943078994750977,1.1056448221206665
z0y624x144,3,A,True,200,1.2753576040267944,4.082525253295898,0.12404388189315796,10.853921890258789,1.3422632217407227,-0.41448545455932617,0.030810050666332245,0.33614253997802734,1.1138811111450195
z0y624x144,3,A,True,250,0.9613060355186462,4.4316534996032715,0.1214248389005661,10.874966621398926,1.1075061559677124,-0.17972838878631592,0.04314249008893967,0.3140515685081482,0.8825680613517761
z0y624x144,3,A,True,300,0.8417285680770874,4.714576721191406,0.13004502654075623,10.900774955749512,1.0604556798934937,-0.13267791271209717,0.039050113409757614,0.11957746744155884,0.692197859287262
z0y624x144,3,A,True,350,0.7612330913543701,5.020082473754883,0.1415873020887375,10.91934871673584,1.0278575420379639,-0.10007977485656738,0.029346970841288567,0.08049547672271729,0.7030488848686218
z0y624x144,3,A,True,400,0.7183148860931396,5.314939022064209,0.15319982171058655,10.936617851257324,1.0032637119293213,-0.0754859447479248,0.021149737760424614,0.04291820526123047,0.6352009177207947
z0y624x144,3,A,True,450,0.6020769476890564,5.568081378936768,0.15989428758621216,10.948308944702148,0.9037058353424072,0.024071931838989258,0.013840954750776291,0.11623793840408325,0.5420061349868774
z0y624x144,3,A,True,500,0.57005774974823,5.789041519165039,0.16464564204216003,10.955944061279297,0.8914293646812439,0.03634840250015259,0.008419468067586422,0.032019197940826416,0.5121289491653442
z0y624x144,3,A,True,550,0.58213871717453,6.040866851806641,0.1706053465604782,10.960589408874512,0.9067133665084839,0.021064400672912598,0.008118430152535439,0.012080967426300049,0.5599851608276367
z0y624x144,3,A,True,600,0.5356928110122681,6.223762512207031,0.17479044198989868,10.967681884765625,0.8746361136436462,0.053141653537750244,0.006843801587820053,0.04644590616226196,0.454021692276001
z0y624x144,3,A,True,650,0.5107771158218384,6.387836933135986,0.17730453610420227,10.97353458404541,0.8471247553825378,0.08065301179885864,0.0064283208921551704,0.024915695190429688,0.4118870496749878
z0y624x144,3,A,True,700,0.48450690507888794,6.585113525390625,0.18111297488212585,10.978572845458984,0.8299264311790466,0.09785133600234985,0.007058372721076012,0.02627021074295044,0.48336878418922424
z0y624x144,3,A,True,750,0.4681507647037506,6.75299072265625,0.18324154615402222,10.983530044555664,0.8125479817390442,0.1152297854423523,0.005029491148889065,0.01635614037513733,0.413406103849411
z0y624x144,3,A,True,800,0.46914026141166687,6.946414470672607,0.18663246929645538,10.984319686889648,0.8198453783988953,0.10793238878250122,0.005316203460097313,0.0009894967079162598,0.44128844141960144
z0y624x144,3,A,True,850,0.42784982919692993,7.104576587677002,0.18759407103061676,10.988842010498047,0.7816742062568665,0.14610356092453003,0.005917815025895834,0.04129043221473694,0.3817743957042694
z0y624x144,3,A,True,900,0.47048091888427734,7.2517409324646,0.19204851984977722,10.993306159973145,0.8311415910720825,0.09663617610931396,0.006656440440565348,0.04263108968734741,0.3318525552749634
z0y624x144,3,A,True,950,0.44945573806762695,7.41070556640625,0.19368012249469757,10.99732494354248,0.8235002756118774,0.10427749156951904,0.007390451151877642,0.02102518081665039,0.44746893644332886
z0y624x144,3,A,True,1000,0.42728665471076965,7.575832366943359,0.19533969461917877,11.003417015075684,0.7815903425216675,0.146187424659729,0.0065514640882611275,0.0221690833568573,0.3978526294231415
z0y624x144,3,A,True,1050,0.44139182567596436,7.767139434814453,0.19828973710536957,11.006134986877441,0.8166742324829102,0.11110353469848633,0.003406138624995947,0.014105170965194702,0.43039649724960327
z0y624x144,3,A,True,1100,0.42494985461235046,7.844160556793213,0.20049789547920227,11.014616966247559,0.7920088171958923,0.13576894998550415,0.007574472110718489,0.01644197106361389,0.30669131875038147
z0y624x144,3,A,True,1150,0.39842936396598816,7.948833465576172,0.20018908381462097,11.021297454833984,0.7625947594642639,0.16518300771713257,0.0057202475145459175,0.026520490646362305,0.3464747369289398
z0y624x144,3,A,True,1200,0.43551743030548096,8.016605377197266,0.2026224136352539,11.026734352111816,0.7995416522026062,0.12823611497879028,0.00621712114661932,0.0370880663394928,0.2117755264043808
z0y624x144,3,A,True,1250,0.3886963427066803,8.128401756286621,0.20688948035240173,11.031947135925293,0.7568973302841187,0.17088043689727783,0.0069152009673416615,0.04682108759880066,0.2867645025253296
z0y624x144,3,A,True,1300,0.38626205921173096,8.265034675598145,0.20750956237316132,11.035609245300293,0.7554503679275513,0.17232739925384521,0.003009370295330882,0.002434283494949341,0.3600933253765106
z0y624x144,3,A,True,1350,0.40948647260665894,8.420586585998535,0.20955446362495422,11.042586326599121,0.7835727334022522,0.1442050337791443,0.004807120189070702,0.02322441339492798,0.38058561086654663
z0y624x144,3,A,True,1400,0.36355912685394287,8.547025680541992,0.21317963302135468,11.04733943939209,0.7262700796127319,0.20150768756866455,0.004941699095070362,0.045927345752716064,0.3240295350551605
z0y624x144,3,A,True,1450,0.3910064995288849,8.573721885681152,0.2164854109287262,11.050189971923828,0.7710409760475159,0.15673679113388062,0.004904188681393862,0.027447372674942017,0.0489957258105278
z0y624x144,3,A,True,1500,0.36179742217063904,8.626601219177246,0.21766187250614166,11.06020450592041,0.7388510704040527,0.18892669677734375,0.008672712370753288,0.02920907735824585,0.19495061039924622
z0y624x144,3,A,True,1550,0.3911835551261902,8.691596031188965,0.2157723307609558,11.060270309448242,0.7727360129356384,0.15504175424575806,0.0050135706551373005,0.029386132955551147,0.11313056200742722
z0y624x144,3,A,True,1600,0.36044594645500183,8.6592378616333,0.21812401711940765,11.073297500610352,0.7376419901847839,0.19013577699661255,0.010264962911605835,0.030737608671188354,0.12395031005144119
z0y624x144,3,A,True,1650,0.39125701785087585,8.698221206665039,0.21933917701244354,11.079876899719238,0.7732442617416382,0.1545335054397583,0.007040943950414658,0.030811071395874023,0.2050311267375946
z0y624x144,3,A,True,1700,0.40275686979293823,8.789437294006348,0.2208581119775772,11.078180313110352,0.7875859141349792,0.14019185304641724,0.0024257071781903505,0.011499851942062378,0.17099788784980774
z0y624x144,3,A,True,1750,0.38464412093162537,8.78082275390625,0.22487126290798187,11.084657669067383,0.7683055996894836,0.15947216749191284,0.009776677936315536,0.018112748861312866,0.035558078438043594
z0y624x144,3,A,True,1800,0.34477460384368896,8.875579833984375,0.2315632849931717,11.090822219848633,0.7298272252082825,0.197950541973114,0.008959826081991196,0.0398695170879364,0.17761577665805817
z0y624x144,3,A,True,1850,0.36831429600715637,8.932833671569824,0.233711376786232,11.092110633850098,0.7674757242202759,0.1603020429611206,0.006927158683538437,0.023539692163467407,0.1103067547082901
z0y624x144,3,A,True,1900,0.3652576208114624,9.015557289123535,0.2354619950056076,11.095917701721191,0.7648034691810608,0.1629742980003357,0.0039697983302176,0.0030566751956939697,0.16461950540542603
z0y624x144,3,A,True,1950,0.3820233941078186,9.04228687286377,0.2377137988805771,11.100503921508789,0.7790191769599915,0.14875859022140503,0.005662856623530388,0.0167657732963562,0.07378947734832764
z0y624x144,3,A,True,2000,0.3532623052597046,9.043115615844727,0.2376764714717865,11.09964656829834,0.7519335150718689,0.1758442521095276,0.0014588991180062294,0.028761088848114014,0.19934283196926117
z0y624x144,3,A,True,2050,0.3766876757144928,9.06460952758789,0.24145916104316711,11.105924606323242,0.7767750024795532,0.15100276470184326,0.0076007600873708725,0.023425370454788208,0.2286335527896881
z0y624x144,3,A,True,2100,0.3381972014904022,9.125345230102539,0.24157437682151794,11.107847213745117,0.7231487035751343,0.2046290636062622,0.00436020502820611,0.038490474224090576,0.11172278970479965
z0y624x144,3,A,True,2150,0.36127328872680664,9.108439445495605,0.24298030138015747,11.118568420410156,0.7595439553260803,0.16823381185531616,0.01087973639369011,0.02307608723640442,0.07579901814460754
z0y624x144,3,A,True,2200,0.3556331694126129,9.154863357543945,0.24186596274375916,11.127589225769043,0.748048722743988,0.17972904443740845,0.009916121140122414,0.005640119314193726,0.09784682095050812
z0y624x144,3,A,True,2250,0.36051082611083984,9.240872383117676,0.2418353408575058,11.131932258605957,0.757523238658905,0.17025452852249146,0.006151118315756321,0.004877656698226929,0.2111283838748932
z0y624x144,3,A,True,2300,0.371217280626297,9.142326354980469,0.2434489130973816,11.138269424438477,0.7805945873260498,0.14718317985534668,0.010666257701814175,0.010706454515457153,0.23000970482826233
z0y624x144,3,A,True,2350,0.36053431034088135,9.166876792907715,0.24645498394966125,11.142399787902832,0.7528835535049438,0.17489421367645264,0.008025902323424816,0.01068297028541565,0.05111132189631462
z0y624x144,3,A,True,2400,0.3558219075202942,9.21397876739502,0.25039976835250854,11.152934074401855,0.767848014831543,0.15992975234985352,0.009706109762191772,0.004712402820587158,0.09409625828266144
z0y624x144,3,A,True,2450,0.35160747170448303,9.215400695800781,0.25223758816719055,11.152835845947266,0.7505252361297607,0.17725253105163574,0.006343865767121315,0.004214435815811157,0.11270683258771896
z0y624x144,3,A,True,2500,0.33051878213882446,9.189266204833984,0.2541470527648926,11.152518272399902,0.7331631779670715,0.19461458921432495,0.0023277245927602053,0.02108868956565857,0.2386457771062851
z0y624x144,3,A,True,2550,0.3279677927494049,9.295784950256348,0.25355762243270874,11.156983375549316,0.742517352104187,0.18526041507720947,0.007134598679840565,0.0025509893894195557,0.24260441958904266
z0y624x144,3,A,True,2600,0.35503095388412476,9.245134353637695,0.2543538808822632,11.169012069702148,0.769316554069519,0.15846121311187744,0.01359360571950674,0.02706316113471985,0.14781290292739868
z0y624x144,3,A,True,2650,0.349164217710495,9.318130493164062,0.26178622245788574,11.17591667175293,0.7490345239639282,0.17874324321746826,0.01198437251150608,0.005866736173629761,0.2750426232814789
z0y624x144,3,A,True,2700,0.36107176542282104,9.296870231628418,0.26441490650177,11.181529998779297,0.7690623998641968,0.1587153673171997,0.006866609677672386,0.01190754771232605,0.043049346655607224
z0y624x144,3,A,True,2750,0.36961451172828674,9.29219913482666,0.2669845521450043,11.188733100891113,0.7815171480178833,0.14626061916351318,0.00881926529109478,0.008542746305465698,0.056317638605833054
z0y624x144,3,A,True,2800,0.3395395278930664,9.314428329467773,0.2729087173938751,11.199419975280762,0.7499358057975769,0.17784196138381958,0.00853305496275425,0.030074983835220337,0.0834786519408226
z0y624x144,3,A,True,2850,0.34418192505836487,9.290230751037598,0.2738322913646698,11.196531295776367,0.7669996619224548,0.16077810525894165,0.004918297287076712,0.004642397165298462,0.22827528417110443
z0y624x144,3,A,True,2900,0.342218816280365,9.228692054748535,0.27626606822013855,11.201152801513672,0.7637977004051208,0.16398006677627563,0.006275458727031946,0.001963108777999878,0.15395820140838623
z0y624x144,3,A,True,2950,0.316182941198349,9.149331092834473,0.28414809703826904,11.214560508728027,0.7376370429992676,0.1901407241821289,0.01543548796325922,0.02603587508201599,0.1496175229549408
z0y624x144,3,A,True,2999,0.34163498878479004,9.139739036560059,0.2873656749725342,11.215920448303223,0.76572585105896,0.16205191612243652,0.005786980036646128,0.02545204758644104,0.0799356997013092
z0y624x144,4,A,True,0,0.8021635413169861,2.010014295578003,0.0027662368956953287,9.648940086364746,0.8021692037582397,-0.013280332088470459,0.0027662368956953287,0.027255654335021973,0.017345421016216278
z0y624x144,4,A,True,50,1.9160709381103516,2.463730573654175,0.022464195266366005,9.658980369567871,1.9168288707733154,-1.1279399394989014,0.021935367956757545,1.1139073371887207,0.7868532538414001
z0y624x144,4,A,True,100,1.947405457496643,3.1497507095336914,0.0360335037112236,9.673099517822266,1.9684423208236694,-1.179553508758545,0.022164899855852127,0.031334519386291504,1.1972304582595825
z0y624x144,4,A,True,150,1.6403406858444214,4.039683818817139,0.01584783010184765,9.74321174621582,1.7252767086029053,-0.936387836933136,0.04961796849966049,0.3070647716522217,1.6221314668655396
z0y624x144,4,A,True,200,1.277797818183899,4.889021396636963,0.05971468612551689,9.81257438659668,1.385690689086914,-0.5968018174171448,0.04445764049887657,0.36254286766052246,1.6859432458877563
z0y624x144,4,A,True,250,0.9644393920898438,5.644059658050537,0.10388491302728653,9.874332427978516,1.1059967279434204,-0.3171078562736511,0.051471319049596786,0.3133584260940552,1.5684882402420044
z0y624x144,4,A,True,300,0.8486450910568237,6.118147373199463,0.1451634168624878,9.927471160888672,1.022598147392273,-0.23370927572250366,0.04339868947863579,0.11579430103302002,0.9625720977783203
z0y624x144,4,A,True,350,0.7540425062179565,6.410681247711182,0.17585209012031555,9.972006797790527,0.9567797780036926,-0.16789090633392334,0.03108517825603485,0.09460258483886719,0.5452080965042114
z0y624x144,4,A,True,400,0.6642999053001404,6.559078216552734,0.1951317936182022,10.002245903015137,0.8853441476821899,-0.09645527601242065,0.01978227309882641,0.08974260091781616,0.3023513853549957
z0y624x144,4,A,True,450,0.6285538077354431,6.685276031494141,0.21697998046875,10.03470516204834,0.8620431423187256,-0.0731542706489563,0.022624637931585312,0.035746097564697266,0.2372254729270935
z0y624x144,4,A,True,500,0.6058544516563416,6.75554895401001,0.23043572902679443,10.057209014892578,0.8588171601295471,-0.06992828845977783,0.013686753809452057,0.022699356079101562,0.1777103841304779
z0y624x144,4,A,True,550,0.582027792930603,6.785548686981201,0.24105270206928253,10.071521759033203,0.8470693230628967,-0.05818045139312744,0.013364414684474468,0.023826658725738525,0.08884251862764359
z0y624x144,4,A,True,600,0.5761902332305908,6.827967166900635,0.24863694608211517,10.083949089050293,0.8533163070678711,-0.0644274353981018,0.0080510713160038,0.005837559700012207,0.16048192977905273
z0y624x144,4,A,True,650,0.5718396902084351,6.854700088500977,0.2553645372390747,10.094862937927246,0.8620110750198364,-0.07312220335006714,0.007080672308802605,0.004350543022155762,0.05855819210410118
z0y624x144,4,A,True,700,0.554864227771759,6.871505260467529,0.26545947790145874,10.113853454589844,0.8584336042404175,-0.0695447325706482,0.01067260280251503,0.016975462436676025,0.12560702860355377
z0y624x144,4,A,True,750,0.5366383194923401,6.923839092254639,0.27549585700035095,10.130038261413574,0.8491471409797668,-0.06025826930999756,0.010408413596451283,0.018225908279418945,0.12598061561584473
z0y624x144,4,A,True,800,0.5054143667221069,6.943793773651123,0.2850017547607422,10.145450592041016,0.8207378387451172,-0.0318489670753479,0.010136266238987446,0.031223952770233154,0.04323764517903328
z0y624x144,4,A,True,850,0.48638179898262024,6.959275722503662,0.29281753301620483,10.158076286315918,0.8083074688911438,-0.01941859722137451,0.008178123272955418,0.019032567739486694,0.03741290792822838
z0y624x144,4,A,True,900,0.4897046387195587,6.988314151763916,0.2948262393474579,10.164083480834961,0.8206005096435547,-0.0317116379737854,0.002588732400909066,0.0033228397369384766,0.11561497300863266
z0y624x144,4,A,True,950,0.5216739177703857,7.013980865478516,0.2979380786418915,10.167925834655762,0.8674038648605347,-0.07851499319076538,0.0049477918073534966,0.031969279050827026,0.10541067272424698
z0y624x144,4,A,True,1000,0.5090034604072571,7.001903533935547,0.3044803738594055,10.180068016052246,0.8526877760887146,-0.06379890441894531,0.006578258238732815,0.012670457363128662,0.07221609354019165
z0y624x144,4,A,True,1050,0.4934261441230774,7.021958827972412,0.3070347309112549,10.181771278381348,0.8404631614685059,-0.05157428979873657,0.004488939419388771,0.015577316284179688,0.10120201110839844
z0y624x144,4,A,True,1100,0.4752897322177887,7.077264308929443,0.30828210711479187,10.182826042175293,0.8307643532752991,-0.041875481605529785,0.002789099467918277,0.018136411905288696,0.14027860760688782
z0y624x144,4,A,True,1150,0.4712347388267517,7.049953460693359,0.3077847361564636,10.181123733520508,0.8337817788124084,-0.04489290714263916,0.004483056720346212,0.004054993391036987,0.061126671731472015
z0y624x144,4,A,True,1200,0.46048954129219055,7.051358699798584,0.30871427059173584,10.180644035339355,0.8184322714805603,-0.029543399810791016,0.003925100900232792,0.010745197534561157,0.08103308826684952
z0y624x144,4,A,True,1250,0.4578651487827301,7.065929889678955,0.30830061435699463,10.178869247436523,0.8305073976516724,-0.041618525981903076,0.004108258988708258,0.0026243925094604492,0.03680449351668358
z0y624x144,4,A,True,1300,0.4487021565437317,7.063589572906494,0.30704063177108765,10.176422119140625,0.8149532675743103,-0.026064395904541016,0.0038657961413264275,0.009162992238998413,0.09818660467863083
z0y624x144,4,A,True,1350,0.4595373868942261,7.091827869415283,0.3039436936378479,10.169870376586914,0.8395352959632874,-0.050646424293518066,0.003920443821698427,0.010835230350494385,0.13323229551315308
z0y624x144,4,A,True,1400,0.4640743136405945,7.127138614654541,0.30602121353149414,10.170854568481445,0.8586921095848083,-0.06980323791503906,0.002217615721747279,0.004536926746368408,0.13213013112545013
z0y624x144,4,A,True,1450,0.45439955592155457,7.153242588043213,0.30053240060806274,10.157187461853027,0.8461819887161255,-0.0572931170463562,0.007507071364670992,0.009674757719039917,0.06870841979980469
z0y624x144,4,A,True,1500,0.4479401409626007,7.1895527839660645,0.29685449600219727,10.146461486816406,0.8511938452720642,-0.06230497360229492,0.0038902226369827986,0.006459414958953857,0.06355367600917816
z0y624x144,4,A,True,1550,0.41276827454566956,7.200592041015625,0.28953638672828674,10.132038116455078,0.8169201016426086,-0.028031229972839355,0.007797266356647015,0.03517186641693115,0.0458386056125164
z0y624x144,4,A,True,1600,0.39407986402511597,7.25860071182251,0.28567588329315186,10.11800479888916,0.8066884279251099,-0.017799556255340576,0.006316330283880234,0.01868841052055359,0.12616753578186035
z0y624x144,4,A,True,1650,0.4268498122692108,7.262273788452148,0.2771053910255432,10.098417282104492,0.8347965478897095,-0.045907676219940186,0.00884103775024414,0.03276994824409485,0.060145583003759384
z0y624x144,4,A,True,1700,0.4125467836856842,7.3171210289001465,0.2707759141921997,10.081988334655762,0.8324209451675415,-0.04353207349777222,0.007430182304233313,0.014303028583526611,0.12321917712688446
z0y624x144,4,A,True,1750,0.3915993571281433,7.381641387939453,0.2646830976009369,10.061092376708984,0.8176589608192444,-0.028770089149475098,0.007690953090786934,0.020947426557540894,0.14955313503742218
z0y624x144,4,A,True,1800,0.4097698926925659,7.450644016265869,0.26014840602874756,10.04477310180664,0.835248589515686,-0.04635971784591675,0.005773186217993498,0.018170535564422607,0.15403585135936737
z0y624x144,4,A,True,1850,0.3914656937122345,7.487409591674805,0.25407883524894714,10.024555206298828,0.8243554830551147,-0.03546661138534546,0.00688994862139225,0.01830419898033142,0.0713115781545639
z0y624x144,4,A,True,1900,0.3835538625717163,7.548713684082031,0.25278884172439575,10.012102127075195,0.812542200088501,-0.02365332841873169,0.003559956792742014,0.007911831140518188,0.18129174411296844
z0y624x144,4,A,True,1950,0.3933156132698059,7.580063343048096,0.24904613196849823,9.998046875,0.8306552171707153,-0.041766345500946045,0.006617719307541847,0.0097617506980896,0.1038857102394104
z0y624x144,4,A,True,2000,0.3583131432533264,7.603862762451172,0.24394169449806213,9.981770515441895,0.7993665933609009,-0.010477721691131592,0.006898806896060705,0.03500247001647949,0.05610613524913788
z0y624x144,4,A,True,2050,0.36501798033714294,7.629789352416992,0.24003365635871887,9.961106300354004,0.8019901514053345,-0.013101279735565186,0.008521061390638351,0.006704837083816528,0.06087377294898033
z0y624x144,4,A,True,2100,0.33850497007369995,7.637273788452148,0.23442436754703522,9.94572639465332,0.7832403182983398,0.005648553371429443,0.007546722888946533,0.026513010263442993,0.09012158215045929
z0y624x144,4,A,True,2150,0.3407530188560486,7.677940368652344,0.23507174849510193,9.938776969909668,0.7822035551071167,0.006685316562652588,0.002872986253350973,0.002248048782348633,0.08053333312273026
z0y624x144,4,A,True,2200,0.3205288052558899,7.705343723297119,0.22779223322868347,9.91878604888916,0.7796627283096313,0.00922614336013794,0.009212356060743332,0.02022421360015869,0.0629790723323822
z0y624x144,4,A,True,2250,0.3261963725090027,7.716885089874268,0.22664229571819305,9.90753173828125,0.7745532989501953,0.014335572719573975,0.0049804579466581345,0.005667567253112793,0.06819605827331543
z0y624x144,4,A,True,2300,0.3271712064743042,7.747752666473389,0.22923168540000916,9.89887809753418,0.7907009124755859,-0.0018120408058166504,0.006753981579095125,0.0009748339653015137,0.05405115708708763
z0y624x144,4,A,True,2350,0.32762154936790466,7.753559589385986,0.22838251292705536,9.887032508850098,0.7889569401741028,-6.80685043334961e-05,0.0054648383520543575,0.00045034289360046387,0.12522338330745697
z0y624x144,4,A,True,2400,0.3157375454902649,7.746504306793213,0.22458530962467194,9.877347946166992,0.7925911545753479,-0.0037022829055786133,0.008759216405451298,0.01188400387763977,0.08610297739505768
z0y624x144,4,A,True,2450,0.31381598114967346,7.732696533203125,0.22518229484558105,9.870474815368652,0.7779460549354553,0.010942816734313965,0.005084934178739786,0.0019215643405914307,0.04728265851736069
z0y624x144,4,A,True,2500,0.3082127869129181,7.7245941162109375,0.22261078655719757,9.85941219329834,0.7694917917251587,0.019397079944610596,0.003617463633418083,0.005603194236755371,0.07257263362407684
z0y624x144,4,A,True,2550,0.29776453971862793,7.768455505371094,0.2239600569009781,9.853021621704102,0.7675421237945557,0.021346747875213623,0.006952464580535889,0.010448247194290161,0.08347926288843155
z0y624x144,4,A,True,2600,0.3030881881713867,7.764934062957764,0.2241850048303604,9.84439468383789,0.7878244519233704,0.0010644197463989258,0.006991720758378506,0.005323648452758789,0.03367165848612785
z0y624x144,4,A,True,2650,0.302237868309021,7.72795295715332,0.2235867977142334,9.835810661315918,0.7870591282844543,0.0018297433853149414,0.005865751765668392,0.0008503198623657227,0.06793910264968872
z0y624x144,4,A,True,2700,0.3025771677494049,7.763325214385986,0.2257520854473114,9.830646514892578,0.7851508855819702,0.0037379860877990723,0.0055892085656523705,0.00033929944038391113,0.12780581414699554
z0y624x144,4,A,True,2750,0.3055509328842163,7.7815165519714355,0.22696520388126373,9.823938369750977,0.7973836660385132,-0.008494794368743896,0.00374863063916564,0.0029737651348114014,0.14541450142860413
z0y624x144,4,A,True,2800,0.28559234738349915,7.807823181152344,0.22952541708946228,9.821850776672363,0.7637189626693726,0.02516990900039673,0.00393045274540782,0.019958585500717163,0.07332827150821686
z0y624x144,4,A,True,2850,0.290073961019516,7.806313991546631,0.23384341597557068,9.819887161254883,0.7727105617523193,0.01617830991744995,0.004974928218871355,0.004481613636016846,0.050657037645578384
z0y624x144,4,A,True,2900,0.2921164929866791,7.810469150543213,0.23503541946411133,9.8125,0.7827959060668945,0.006092965602874756,0.004686689004302025,0.002042531967163086,0.014452740550041199
z0y624x144,4,A,True,2950,0.28128865361213684,7.814476013183594,0.23772041499614716,9.810235977172852,0.7761124968528748,0.012776374816894531,0.004562892951071262,0.010827839374542236,0.018896181136369705
z0y624x144,4,A,True,2999,0.29470598697662354,7.802409648895264,0.24272345006465912,9.809588432312012,0.7820713520050049,0.006817519664764404,0.005421198904514313,0.013417333364486694,0.058716218918561935
z0y624x144,5,A,False,0,0.7955009937286377,2.009956121444702,0.0027271376457065344,9.982503890991211,0.7955056428909302,0.021161019802093506,0.0027271376457065344,0.02708733081817627,0.017245467752218246
z0y624x144,5,A,False,50,1.981360673904419,2.534782648086548,0.008636646904051304,9.94133186340332,1.9818509817123413,-1.1651842594146729,0.006194930989295244,1.1858596801757812,0.909038245677948
z0y624x144,5,A,False,100,1.7652043104171753,3.24112868309021,0.023337025195360184,9.912901878356934,1.7737914323806763,-0.9571247696876526,0.015721207484602928,0.21615636348724365,1.2300540208816528
z0y624x144,5,A,False,150,1.65608811378479,4.450169563293457,0.0868426039814949,9.980058670043945,1.677406668663025,-0.8607400059700012,0.08144094049930573,0.10911619663238525,2.118086576461792
z0y624x144,5,A,False,200,1.2103197574615479,5.947713375091553,0.13564813137054443,10.02774429321289,1.3046181201934814,-0.48795145750045776,0.060515396296978,0.4457683563232422,2.7907071113586426
z0y624x144,5,A,False,250,0.8304226398468018,6.859832763671875,0.1193651482462883,10.018537521362305,1.0020564794540405,-0.18538981676101685,0.05733513832092285,0.3798971176147461,2.01708722114563
z0y624x144,5,A,False,300,0.8040772676467896,7.377162933349609,0.11175384372472763,10.000536918640137,0.985673725605011,-0.1690070629119873,0.0321543924510479,0.026345372200012207,1.0962105989456177
z0y624x144,5,A,False,350,0.7486711144447327,7.786457061767578,0.1086789220571518,9.990376472473145,0.9343104362487793,-0.11764377355575562,0.012767573818564415,0.055406153202056885,0.8120183944702148
z0y624x144,5,A,False,400,0.6629570722579956,8.147205352783203,0.10504936426877975,9.978150367736816,0.8513007760047913,-0.03463411331176758,0.011130309663712978,0.08571404218673706,0.7009207010269165
z0y624x144,5,A,False,450,0.6379305124282837,8.424332618713379,0.10494894534349442,9.97286319732666,0.8333501219749451,-0.016683459281921387,0.008788779377937317,0.025026559829711914,0.514991044998169
z0y624x144,5,A,False,500,0.6255274415016174,8.667892456054688,0.10511336475610733,9.968064308166504,0.8283835649490356,-0.011716902256011963,0.008422487415373325,0.01240307092666626,0.45587536692619324
z0y624x144,5,A,False,550,0.606147289276123,8.88267993927002,0.10601045936346054,9.968162536621094,0.8203884363174438,-0.003721773624420166,0.004630579147487879,0.019380152225494385,0.389494389295578
z0y624x144,5,A,False,600,0.5979113578796387,9.047213554382324,0.10787077993154526,9.963752746582031,0.8182010054588318,-0.0015343427658081055,0.005646228790283203,0.008235931396484375,0.2989296019077301
z0y624x144,5,A,False,650,0.5735807418823242,9.205462455749512,0.10800628364086151,9.955859184265137,0.8051710724830627,0.011495590209960938,0.004311662632972002,0.024330615997314453,0.2973320782184601
z0y624x144,5,A,False,700,0.5556854605674744,9.31981372833252,0.11035288870334625,9.953505516052246,0.7865504622459412,0.03011620044708252,0.0037816062103956938,0.017895281314849854,0.21239496767520905
z0y624x144,5,A,False,750,0.53461092710495,9.452544212341309,0.1118839830160141,9.953652381896973,0.7710530757904053,0.04561358690261841,0.0018707619747146964,0.021074533462524414,0.24097682535648346
z0y624x144,5,A,False,800,0.5352169871330261,9.555286407470703,0.11298071593046188,9.952327728271484,0.7787541747093201,0.03791248798370361,0.0018433278892189264,0.0006060600280761719,0.21192245185375214
z0y624x144,5,A,False,850,0.5221874713897705,9.66544246673584,0.11458640545606613,9.952082633972168,0.7766135334968567,0.04005312919616699,0.00195317342877388,0.013029515743255615,0.193921759724617
z0y624x144,5,A,False,900,0.5260138511657715,9.759858131408691,0.11775439232587814,9.949285507202148,0.7887329459190369,0.027933716773986816,0.0033032922074198723,0.0038263797760009766,0.16990001499652863
z0y624x144,5,A,False,950,0.5167961716651917,9.826009750366211,0.12165414541959763,9.945849418640137,0.7781620025634766,0.03850466012954712,0.004671373870223761,0.009217679500579834,0.12280507385730743
z0y624x144,5,A,False,1000,0.5012063980102539,9.892410278320312,0.12478108704090118,9.946094512939453,0.768110990524292,0.04855567216873169,0.00374392862431705,0.015589773654937744,0.1463109254837036
z0y624x144,5,A,False,1050,0.4961077570915222,9.940964698791504,0.12807057797908783,9.93961238861084,0.7722211480140686,0.04444551467895508,0.004926323890686035,0.0050986409187316895,0.10207632929086685
z0y624x144,5,A,False,1100,0.5114351511001587,10.023249626159668,0.1296922266483307,9.93332290649414,0.7939147353172302,0.022751927375793457,0.0042345235124230385,0.015327394008636475,0.16976463794708252
z0y624x144,5,A,False,1150,0.5030825734138489,10.074353218078613,0.13451752066612244,9.933126449584961,0.787105917930603,0.029560744762420654,0.005153187084943056,0.008352577686309814,0.09566499292850494
z0y624x144,5,A,False,1200,0.4987400472164154,10.122788429260254,0.1363930106163025,9.930373191833496,0.7929965853691101,0.023670077323913574,0.002108861692249775,0.004342526197433472,0.10834607481956482
z0y624x144,5,A,False,1250,0.4751985967159271,10.141695976257324,0.14270952343940735,9.930569648742676,0.7701677680015564,0.046498894691467285,0.006362028885632753,0.02354145050048828,0.07351331412792206
z0y624x144,5,A,False,1300,0.4875916838645935,10.186488151550293,0.14743593335151672,9.927667617797852,0.780003547668457,0.03666311502456665,0.005957200191915035,0.012393087148666382,0.08454814553260803
z0y624x144,5,A,False,1350,0.46407032012939453,10.242999076843262,0.1506909728050232,9.923240661621094,0.7684053778648376,0.048261284828186035,0.0052069975063204765,0.023521363735198975,0.13965938985347748
z0y624x144,5,A,False,1400,0.48931756615638733,10.277960777282715,0.1554250419139862,9.922698974609375,0.7947320938110352,0.021934568881988525,0.005023429170250893,0.025247246026992798,0.069599948823452
z0y624x144,5,A,False,1450,0.457826167345047,10.325669288635254,0.15827639400959015,9.92038631439209,0.7641516923904419,0.05251497030258179,0.004689723253250122,0.03149139881134033,0.08834003657102585
z0y624x144,5,A,False,1500,0.49216359853744507,10.350998878479004,0.16258883476257324,9.917481422424316,0.797138512134552,0.01952815055847168,0.005660206079483032,0.03433743119239807,0.09980093687772751
z0y624x144,5,A,False,1550,0.4743378162384033,10.392585754394531,0.1677064448595047,9.913493156433105,0.7787765264511108,0.03789013624191284,0.006627214141190052,0.017825782299041748,0.09388419985771179
z0y624x144,5,A,False,1600,0.46634045243263245,10.46467113494873,0.17164888978004456,9.9144287109375,0.7710309028625488,0.045635759830474854,0.005324248690158129,0.007997363805770874,0.14499756693840027
z0y624x144,5,A,False,1650,0.5087238550186157,10.528422355651855,0.1742779165506363,9.910981178283691,0.812054455280304,0.0046122074127197266,0.006960477214306593,0.042383402585983276,0.12093579769134521
z0y624x144,5,A,False,1700,0.47795817255973816,10.57314395904541,0.17862790822982788,9.906447410583496,0.7783042788505554,0.03836238384246826,0.009234455414116383,0.030765682458877563,0.2146741896867752
z0y624x144,5,A,False,1750,0.4677533209323883,10.583558082580566,0.18236860632896423,9.90250301361084,0.7676944136619568,0.048972249031066895,0.008458644151687622,0.010204851627349854,0.09076841175556183
z0y624x144,5,A,False,1800,0.47062811255455017,10.608162879943848,0.1840241700410843,9.901369094848633,0.7767408490180969,0.03992581367492676,0.0039724186062812805,0.0028747916221618652,0.10445339977741241
z0y624x144,5,A,False,1850,0.4716527462005615,10.627811431884766,0.18454034626483917,9.895153045654297,0.7807572484016418,0.035909414291381836,0.00832441821694374,0.0010246336460113525,0.04194307327270508
z0y624x144,5,A,False,1900,0.48407360911369324,10.620152473449707,0.18790823221206665,9.89164924621582,0.790133535861969,0.026533126831054688,0.00754564581438899,0.012420862913131714,0.15585166215896606
z0y624x144,5,A,False,1950,0.4863530695438385,10.671549797058105,0.18913285434246063,9.884291648864746,0.8076832294464111,0.008983433246612549,0.00854317657649517,0.0022794604301452637,0.09424802660942078
z0y624x144,5,A,False,2000,0.4731465280056,10.723750114440918,0.19235503673553467,9.879647254943848,0.8015433549880981,0.015123307704925537,0.008784174919128418,0.013206541538238525,0.12071820348501205
z0y624x144,5,A,False,2050,0.45975396037101746,10.701268196105957,0.1960527002811432,9.869213104248047,0.7885794639587402,0.028087198734283447,0.012598843313753605,0.01339256763458252,0.06121717765927315
z0y624x144,5,A,False,2100,0.46834686398506165,10.722102165222168,0.1982203871011734,9.864908218383789,0.8031678199768066,0.013498842716217041,0.006292268633842468,0.00859290361404419,0.11231568455696106
z0y624x144,5,A,False,2150,0.4344004690647125,10.751243591308594,0.20023570954799652,9.859956741333008,0.7751596570014954,0.04150700569152832,0.008000646717846394,0.03394639492034912,0.0840335413813591
z0y624x144,5,A,False,2200,0.4552152454853058,10.838546752929688,0.2026425302028656,9.857529640197754,0.7982115745544434,0.018455088138580322,0.003972537815570831,0.02081477642059326,0.17037683725357056
z0y624x144,5,A,False,2250,0.43280699849128723,10.794353485107422,0.20788849890232086,9.845088958740234,0.7743924856185913,0.04227417707443237,0.013666948303580284,0.022408246994018555,0.1050858274102211
z0y624x144,5,A,False,2300,0.43408945202827454,10.8168363571167,0.2097160667181015,9.839532852172852,0.7868479490280151,0.029818713665008545,0.006071623880416155,0.0012824535369873047,0.12011551111936569
z0y624x144,5,A,False,2350,0.4391734302043915,10.799579620361328,0.21270646154880524,9.831341743469238,0.7886407971382141,0.02802586555480957,0.008056302554905415,0.005083978176116943,0.1312023103237152
z0y624x144,5,A,False,2400,0.42966899275779724,10.82507038116455,0.21842369437217712,9.826373100280762,0.7869577407836914,0.029708921909332275,0.006730855908244848,0.009504437446594238,0.2147064059972763
z0y624x144,5,A,False,2450,0.4105217456817627,10.901069641113281,0.2204175740480423,9.821154594421387,0.7701671719551086,0.04649949073791504,0.005252429284155369,0.019147247076034546,0.18149390816688538
z0y624x144,5,A,False,2500,0.41230735182762146,10.847213745117188,0.22105272114276886,9.818021774291992,0.7731070518493652,0.04355961084365845,0.0059245009906589985,0.0017856061458587646,0.13263742625713348
z0y624x144,5,A,False,2550,0.400752991437912,10.869914054870605,0.22260832786560059,9.812897682189941,0.7673482894897461,0.04931837320327759,0.004743949975818396,0.011554360389709473,0.06819263100624084
z0y624x144,5,A,False,2600,0.40887030959129333,10.945958137512207,0.22242803871631622,9.815534591674805,0.7833690047264099,0.03329765796661377,0.0031081170309334993,0.008117318153381348,0.16251330077648163
z0y624x144,5,A,False,2650,0.4237478971481323,10.951481819152832,0.22532092034816742,9.810359954833984,0.8085271716117859,0.008139491081237793,0.00509344507008791,0.01487758755683899,0.06196989119052887
z0y624x144,5,A,False,2700,0.4105771481990814,10.991044044494629,0.23042309284210205,9.800848960876465,0.7932468056678772,0.023419857025146484,0.010200795717537403,0.013170748949050903,0.0916842520236969
z0y624x144,5,A,False,2750,0.3858010172843933,10.946747779846191,0.23228226602077484,9.797361373901367,0.7701521515846252,0.04651451110839844,0.0028768584597855806,0.02477613091468811,0.21027255058288574
z0y624x144,5,A,False,2800,0.39437970519065857,10.956889152526855,0.23244118690490723,9.795416831970215,0.7824077606201172,0.034258902072906494,0.0020684876944869757,0.008578687906265259,0.057268962264060974
z0y624x144,5,A,False,2850,0.3827066123485565,10.876445770263672,0.23449648916721344,9.792824745178223,0.7763054370880127,0.040361225605010986,0.0030754385516047478,0.01167309284210205,0.23400497436523438
z0y624x144,5,A,False,2900,0.3940223157405853,10.882305145263672,0.23379656672477722,9.793124198913574,0.7907466292381287,0.02592003345489502,0.0018980831373482943,0.011315703392028809,0.20626573264598846
z0y624x144,5,A,False,2950,0.3850400149822235,10.902523040771484,0.23239856958389282,9.791328430175781,0.7830256819725037,0.03364098072052002,0.003117527347058058,0.008982300758361816,0.23165319859981537
z0y624x144,5,A,False,2999,0.37574687600135803,10.891021728515625,0.23557889461517334,9.786240577697754,0.7766119837760925,0.04005467891693115,0.005510892253369093,0.009293138980865479,0.13037589192390442
z0y624x144,6,A,True,0,0.7399308085441589,2.0038633346557617,0.0025931699201464653,12.536100387573242,0.7399302124977112,0.07118088006973267,0.0025931699201464653,0.026060402393341064,0.01616491749882698
z0y624x144,6,A,True,50,1.5449692010879517,2.3349380493164062,0.059493858367204666,12.500879287719727,1.5444694757461548,-0.7333583831787109,0.05745304375886917,0.8050383925437927,0.5741651654243469
z0y624x144,6,A,True,100,1.7095146179199219,2.854522705078125,0.10527753829956055,12.461028099060059,1.7095561027526855,-0.8984450101852417,0.04674290493130684,0.16454541683197021,0.9042488932609558
z0y624x144,6,A,True,150,1.6590825319290161,3.5077619552612305,0.15833674371242523,12.417609214782715,1.681082844734192,-0.869971752166748,0.05435602739453316,0.05043208599090576,1.14206063747406
z0y624x144,6,A,True,200,1.244452714920044,4.303632736206055,0.21738779544830322,12.435276985168457,1.338591456413269,-0.5274803638458252,0.07550285756587982,0.41462981700897217,1.5231178998947144
z0y624x144,6,A,True,250,0.997626006603241,4.954348087310791,0.2586473226547241,12.452796936035156,1.1509301662445068,-0.339819073677063,0.05597134679555893,0.24682670831680298,1.4261072874069214
z0y624x144,6,A,True,300,0.9101822972297668,5.425370693206787,0.2756054997444153,12.453556060791016,1.0720692873001099,-0.260958194732666,0.032708264887332916,0.08744370937347412,1.0474976301193237
z0y624x144,6,A,True,350,0.8438127040863037,5.827624797821045,0.28684309124946594,12.433873176574707,1.003454327583313,-0.19234323501586914,0.014668506570160389,0.06636959314346313,0.7887287735939026
z0y624x144,6,A,True,400,0.7922753095626831,6.150582790374756,0.29391324520111084,12.42037582397461,0.9618461728096008,-0.15073508024215698,0.010947483591735363,0.051537394523620605,0.6123510599136353
z0y624x144,6,A,True,450,0.6920129060745239,6.453450679779053,0.2966253161430359,12.409708023071289,0.8700833320617676,-0.05897223949432373,0.0057740043848752975,0.10026240348815918,0.577365517616272
z0y624x144,6,A,True,500,0.6622990965843201,6.74203634262085,0.3018651306629181,12.399955749511719,0.8500605821609497,-0.03894948959350586,0.006832529790699482,0.029713809490203857,0.523170530796051
z0y624x144,6,A,True,550,0.6591224074363708,6.9804840087890625,0.3078676164150238,12.395426750183105,0.8547816872596741,-0.043670594692230225,0.007982906885445118,0.0031766891479492188,0.44383516907691956
z0y624x144,6,A,True,600,0.7048349380493164,7.162954807281494,0.31132984161376953,12.385323524475098,0.9064908027648926,-0.09537971019744873,0.0036689965054392815,0.04571253061294556,0.31866002082824707
z0y624x144,6,A,True,650,0.5910503268241882,7.2900710105896,0.31297144293785095,12.38794994354248,0.7842897176742554,0.026821374893188477,0.007419170346111059,0.11378461122512817,0.28950217366218567
z0y624x144,6,A,True,700,0.6000331044197083,7.445837020874023,0.3156478703022003,12.383997917175293,0.8081222176551819,0.002988874912261963,0.003385222051292658,0.00898277759552002,0.27406981587409973
z0y624x144,6,A,True,750,0.5915345549583435,7.572350025177002,0.31628692150115967,12.3867769241333,0.8084394931793213,0.0026715993881225586,0.006460961420089006,0.008498549461364746,0.2734702229499817
z0y624x144,6,A,True,800,0.5689671635627747,7.647718906402588,0.31690657138824463,12.387846946716309,0.7994619607925415,0.011649131774902344,0.0030588945373892784,0.022567391395568848,0.2040890008211136
z0y624x144,6,A,True,850,0.5510544180870056,7.794921875,0.3188474476337433,12.393033981323242,0.785795271396637,0.025315821170806885,0.006957869976758957,0.017912745475769043,0.33373895287513733
z0y624x144,6,A,True,900,0.5208516716957092,7.834226608276367,0.3183283805847168,12.391733169555664,0.7711536884307861,0.039957404136657715,0.003412547055631876,0.030202746391296387,0.16685371100902557
z0y624x144,6,A,True,950,0.5425108075141907,7.872762203216553,0.31905412673950195,12.391955375671387,0.8034805059432983,0.007630586624145508,0.0025340102147310972,0.021659135818481445,0.1679093986749649
z0y624x144,6,A,True,1000,0.5413399934768677,7.949728012084961,0.32066723704338074,12.389432907104492,0.7941432595252991,0.016967833042144775,0.001613367348909378,0.001170814037322998,0.1492820531129837
z0y624x144,6,A,True,1050,0.5334498286247253,8.04437255859375,0.3234037160873413,12.388644218444824,0.8060988187789917,0.0050122737884521484,0.002961172256618738,0.007890164852142334,0.23489516973495483
z0y624x144,6,A,True,1100,0.5422998666763306,8.128344535827637,0.3271884620189667,12.395116806030273,0.8113969564437866,-0.00028586387634277344,0.007128127850592136,0.008850038051605225,0.35473886132240295
z0y624x144,6,A,True,1150,0.5157825350761414,8.147049903869629,0.3282700479030609,12.397632598876953,0.7906126379966736,0.020498454570770264,0.0043720160610973835,0.02651733160018921,0.17962433397769928
z0y624x144,6,A,True,1200,0.5029188394546509,8.186934471130371,0.32790082693099976,12.400788307189941,0.7836975455284119,0.027413547039031982,0.0039204140193760395,0.012863695621490479,0.157940074801445
z0y624x144,6,A,True,1250,0.4914097785949707,8.238472938537598,0.3287968337535858,12.404690742492676,0.7785817384719849,0.032529354095458984,0.004082503728568554,0.011509060859680176,0.17482925951480865
z0y624x144,6,A,True,1300,0.4924120306968689,8.320513725280762,0.33273816108703613,12.408876419067383,0.7900127172470093,0.02109837532043457,0.006596867926418781,0.0010022521018981934,0.21498607099056244
z0y624x144,6,A,True,1350,0.4773295223712921,8.38029956817627,0.3331066966056824,12.409747123718262,0.7862071990966797,0.02490389347076416,0.003005844773724675,0.015082508325576782,0.14101319015026093
z0y624x144,6,A,True,1400,0.4946596324443817,8.434199333190918,0.33292385935783386,12.414586067199707,0.7958913445472717,0.01521974802017212,0.005424069240689278,0.0173301100730896,0.18353724479675293
z0y624x144,6,A,True,1450,0.48381075263023376,8.511239051818848,0.33690595626831055,12.420936584472656,0.7957801818847656,0.015330910682678223,0.007888737134635448,0.01084887981414795,0.3185034990310669
z0y624x144,6,A,True,1500,0.43909695744514465,8.546344757080078,0.34003520011901855,12.427828788757324,0.7502661943435669,0.06084489822387695,0.005021766293793917,0.04471379518508911,0.2622755169868469
z0y624x144,6,A,True,1550,0.4588852822780609,8.567831993103027,0.3403191864490509,12.426551818847656,0.7891064882278442,0.02200460433959961,0.0017203071620315313,0.01978832483291626,0.13304032385349274
z0y624x144,6,A,True,1600,0.4389287531375885,8.63317584991455,0.3429204523563385,12.43305778503418,0.7514334917068481,0.0596776008605957,0.005895722191780806,0.019956529140472412,0.15081025660037994
z0y624x144,6,A,True,1650,0.4255906641483307,8.666224479675293,0.3444732129573822,12.435163497924805,0.7500378489494324,0.061073243618011475,0.0036396391224116087,0.013338088989257812,0.09127122163772583
z0y624x144,6,A,True,1700,0.45905259251594543,8.729120254516602,0.34702563285827637,12.44097900390625,0.7913292050361633,0.019781887531280518,0.006710628513246775,0.033461928367614746,0.17572936415672302
z0y624x144,6,A,True,1750,0.45064300298690796,8.770356178283691,0.34988781809806824,12.444226264953613,0.7838622331619263,0.027248859405517578,0.004021643660962582,0.008409589529037476,0.3539898991584778
z0y624x144,6,A,True,1800,0.45921579003334045,8.807909965515137,0.3520644009113312,12.452654838562012,0.7791873216629028,0.031923770904541016,0.008132236078381538,0.008572787046432495,0.16224180161952972
z0y624x144,6,A,True,1850,0.4483729898929596,8.807530403137207,0.35672152042388916,12.46324634552002,0.7896925806999207,0.021418511867523193,0.011268524453043938,0.01084280014038086,0.053328078240156174
z0y624x144,6,A,True,1900,0.4474380314350128,8.9028902053833,0.3607122302055359,12.469229698181152,0.7848585247993469,0.026252567768096924,0.0062331571243703365,0.0009349584579467773,0.23844319581985474
z0y624x144,6,A,True,1950,0.46788761019706726,8.912066459655762,0.36502137780189514,12.47506332397461,0.8110962510108948,1.4841556549072266e-05,0.006115100812166929,0.020449578762054443,0.10558100044727325
z0y624x144,6,A,True,2000,0.44875568151474,8.911845207214355,0.3694509267807007,12.482390403747559,0.7775598764419556,0.03355121612548828,0.008996388874948025,0.01913192868232727,0.03388918563723564
z0y624x144,6,A,True,2050,0.4370550513267517,8.980120658874512,0.3717553913593292,12.483480453491211,0.7777443528175354,0.03336673974990845,0.002932572504505515,0.011700630187988281,0.16127245128154755
z0y624x144,6,A,True,2100,0.4252219498157501,8.963924407958984,0.3740386962890625,12.492258071899414,0.744097113609314,0.06701397895812988,0.010135871358215809,0.011833101511001587,0.04203638806939125
z0y624x144,6,A,True,2150,0.41674497723579407,9.007172584533691,0.3769298493862152,12.499467849731445,0.7539717555046082,0.05713933706283569,0.0060549224726855755,0.008476972579956055,0.3501366972923279
z0y624x144,6,A,True,2200,0.44727081060409546,8.982666969299316,0.38012170791625977,12.504589080810547,0.7818405628204346,0.029270529747009277,0.008421381004154682,0.03052583336830139,0.04707171395421028
z0y624x144,6,A,True,2250,0.4186992943286896,8.965899467468262,0.38133928179740906,12.510766983032227,0.7632692456245422,0.04784184694290161,0.005971467588096857,0.028571516275405884,0.055206265300512314
z0y624x144,6,A,True,2300,0.42913565039634705,9.014015197753906,0.3820060193538666,12.514074325561523,0.7727357149124146,0.0383753776550293,0.005176730453968048,0.01043635606765747,0.2711721658706665
z0y624x144,6,A,True,2350,0.40195444226264954,9.090232849121094,0.3861403465270996,12.52224063873291,0.7335677146911621,0.07754337787628174,0.008166618645191193,0.02718120813369751,0.199172243475914
z0y624x144,6,A,True,2400,0.41659530997276306,9.116375923156738,0.3885272443294525,12.52647590637207,0.7518665790557861,0.059244513511657715,0.004468046128749847,0.014640867710113525,0.12452609091997147
z0y624x144,6,A,True,2450,0.43960949778556824,9.18499755859375,0.3898804485797882,12.52674388885498,0.7754210829734802,0.03569000959396362,0.0032117129303514957,0.023014187812805176,0.14519278705120087
z0y624x144,6,A,True,2500,0.41413912177085876,9.261371612548828,0.39541107416152954,12.535802841186523,0.7447787523269653,0.06633234024047852,0.008532765321433544,0.025470376014709473,0.31205785274505615
z0y624x144,6,A,True,2550,0.4220951199531555,9.342877388000488,0.39708366990089417,12.539200782775879,0.7661745548248291,0.044936537742614746,0.004678510595113039,0.007955998182296753,0.1428409069776535
z0y624x144,6,A,True,2600,0.3954070806503296,9.404325485229492,0.3965478241443634,12.537282943725586,0.7427053451538086,0.06840574741363525,0.0013530694413930178,0.026688039302825928,0.1493869572877884
z0y624x144,6,A,True,2650,0.4057161808013916,9.458868980407715,0.40399837493896484,12.54771614074707,0.743168830871582,0.06794226169586182,0.010963436216115952,0.010309100151062012,0.1619790941476822
z0y624x144,6,A,True,2700,0.40954694151878357,9.506123542785645,0.40663835406303406,12.550756454467773,0.7536010146141052,0.05751007795333862,0.005232487805187702,0.0038307607173919678,0.08900894224643707
z0y624x144,6,A,True,2750,0.4190719723701477,9.585709571838379,0.4124237596988678,12.556225776672363,0.7758409976959229,0.035270094871520996,0.008175281807780266,0.009525030851364136,0.138563334941864
z0y624x144,6,A,True,2800,0.4167155921459198,9.576006889343262,0.4149559736251831,12.566439628601074,0.7637747526168823,0.04733633995056152,0.008113100193440914,0.0023563802242279053,0.2341960072517395
z0y624x144,6,A,True,2850,0.40975672006607056,9.643816947937012,0.41889896988868713,12.572800636291504,0.7653445601463318,0.04576653242111206,0.007899055257439613,0.006958872079849243,0.1530388593673706
z0y624x144,6,A,True,2900,0.43548017740249634,9.745654106140137,0.4228675365447998,12.583510398864746,0.7894379496574402,0.021673142910003662,0.008749580942094326,0.02572345733642578,0.36124876141548157
z0y624x144,6,A,True,2950,0.39373356103897095,9.734328269958496,0.4183850884437561,12.584906578063965,0.736040472984314,0.07507061958312988,0.007987244985997677,0.04174661636352539,0.0331742949783802
z0y624x144,6,A,True,2999,0.41023895144462585,9.834649085998535,0.42501014471054077,12.591743469238281,0.7569704651832581,0.05414062738418579,0.010272501036524773,0.016505390405654907,0.2117360532283783
z0y624x144,7,A,True,0,0.7909842729568481,2.010024070739746,0.0027706415858119726,8.6753511428833,0.791061520576477,-0.07439488172531128,0.0027706415858119726,0.027013659477233887,0.017362337559461594
z0y624x144,7,A,True,50,1.9118130207061768,2.506046772003174,0.00409554410725832,8.677264213562012,1.9163206815719604,-1.1996541023254395,0.00361137418076396,1.1208287477493286,0.8597163558006287
z0y624x144,7,A,True,100,1.7188353538513184,3.118993043899536,0.05096403509378433,8.753124237060547,1.758638620376587,-1.0419719219207764,0.04869265854358673,0.1929776668548584,1.0831643342971802
z0y624x144,7,A,True,150,1.3591675758361816,3.7902634143829346,0.10793672502040863,8.856274604797363,1.4812586307525635,-0.7645919919013977,0.06391754746437073,0.3596677780151367,1.2668275833129883
z0y624x144,7,A,True,200,0.8867102861404419,4.346493721008301,0.18411493301391602,8.977620124816895,1.1034916639328003,-0.3868250250816345,0.08181443810462952,0.47245728969573975,1.153520941734314
z0y624x144,7,A,True,250,0.8095738291740417,4.733499526977539,0.2334231585264206,9.044378280639648,1.0765984058380127,-0.3599317669868469,0.05265640467405319,0.07713645696640015,0.8553091287612915
z0y624x144,7,A,True,300,0.6637839674949646,4.96400785446167,0.25686559081077576,9.076390266418457,0.979182243347168,-0.2625156044960022,0.030545014888048172,0.14578986167907715,0.5498433113098145
z0y624x144,7,A,True,350,0.5844853520393372,5.139183521270752,0.2746630609035492,9.107860565185547,0.9361366033554077,-0.21946996450424194,0.026447350159287453,0.07929861545562744,0.4478565454483032
z0y624x144,7,A,True,400,0.5243939161300659,5.276564121246338,0.286135196685791,9.126391410827637,0.9063963890075684,-0.1897297501564026,0.020067205652594566,0.06009143590927124,0.3978644013404846
z0y624x144,7,A,True,450,0.5030879974365234,5.387729644775391,0.29335564374923706,9.137513160705566,0.9021191596984863,-0.18545252084732056,0.014270213432610035,0.02130591869354248,0.31906744837760925
z0y624x144,7,A,True,500,0.4745711386203766,5.4698052406311035,0.29944828152656555,9.148301124572754,0.9041237831115723,-0.1874571442604065,0.012239720672369003,0.02851685881614685,0.25817129015922546
z0y624x144,7,A,True,550,0.42831626534461975,5.525221347808838,0.3035784363746643,9.155343055725098,0.8767374753952026,-0.16007083654403687,0.010789750143885612,0.046254873275756836,0.19144020974636078
z0y624x144,7,A,True,600,0.39405524730682373,5.579549312591553,0.30790624022483826,9.164725303649902,0.8621364235877991,-0.1454697847366333,0.007078242488205433,0.03426101803779602,0.17694492638111115
z0y624x144,7,A,True,650,0.3552347421646118,5.624831676483154,0.31156736612319946,9.171329498291016,0.8359618186950684,-0.11929517984390259,0.010419915430247784,0.038820505142211914,0.17351976037025452
z0y624x144,7,A,True,700,0.3564704954624176,5.662168502807617,0.3135091960430145,9.174097061157227,0.8478506207466125,-0.13118398189544678,0.008039616979658604,0.0012357532978057861,0.15276065468788147
z0y624x144,7,A,True,750,0.3518948256969452,5.725122928619385,0.31700214743614197,9.177502632141113,0.8701872825622559,-0.1535206437110901,0.009434051811695099,0.004575669765472412,0.17959462106227875
z0y624x144,7,A,True,800,0.3296789526939392,5.752983093261719,0.3197590410709381,9.179418563842773,0.844097375869751,-0.1274307370185852,0.009144612587988377,0.02221587300300598,0.11247547715902328
z0y624x144,7,A,True,850,0.31486818194389343,5.804214954376221,0.32170921564102173,9.17867374420166,0.8447102308273315,-0.12804359197616577,0.00943696964532137,0.014810770750045776,0.16179068386554718
z0y624x144,7,A,True,900,0.2896692752838135,5.815457820892334,0.3255539536476135,9.185799598693848,0.8227656483650208,-0.10609900951385498,0.008672472089529037,0.025198906660079956,0.07498406618833542
z0y624x144,7,A,True,950,0.2711806297302246,5.855129241943359,0.32945019006729126,9.191006660461426,0.8172930479049683,-0.10062640905380249,0.010241822339594364,0.018488645553588867,0.14384129643440247
z0y624x144,7,A,True,1000,0.29436227679252625,5.882818698883057,0.3336494565010071,9.193131446838379,0.8529859185218811,-0.13631927967071533,0.009815866127610207,0.023181647062301636,0.09866306185722351
z0y624x144,7,A,True,1050,0.27167296409606934,5.905681133270264,0.33723917603492737,9.19653034210205,0.8391984701156616,-0.12253183126449585,0.007845544256269932,0.02268931269645691,0.09752718359231949
z0y624x144,7,A,True,1100,0.2610245645046234,5.933109283447266,0.3392665386199951,9.199821472167969,0.8240053057670593,-0.10733866691589355,0.0059265922755002975,0.010648399591445923,0.09229674935340881
z0y624x144,7,A,True,1150,0.2773432433605194,5.979101657867432,0.3423292636871338,9.19780445098877,0.8597174882888794,-0.14305084943771362,0.009481551125645638,0.016318678855895996,0.1402682512998581
z0y624x144,7,A,True,1200,0.25140345096588135,5.990963459014893,0.3471173346042633,9.200352668762207,0.8424915075302124,-0.12582486867904663,0.009279445745050907,0.02593979239463806,0.0490444079041481
z0y624x144,7,A,True,1250,0.22783035039901733,6.016473293304443,0.35029885172843933,9.202157020568848,0.8267317414283752,-0.11006510257720947,0.00645879190415144,0.023573100566864014,0.08880938589572906
z0y624x144,7,A,True,1300,0.21754594147205353,6.051792621612549,0.35419511795043945,9.206082344055176,0.8101662397384644,-0.09349960088729858,0.006502256263047457,0.010284408926963806,0.09723576158285141
z0y624x144,7,A,True,1350,0.22179509699344635,6.071819305419922,0.35782915353775024,9.206931114196777,0.8227209448814392,-0.10605430603027344,0.008110564202070236,0.004249155521392822,0.08566495031118393
z0y624x144,7,A,True,1400,0.22198443114757538,6.0910162925720215,0.3629773259162903,9.21053695678711,0.820941686630249,-0.10427504777908325,0.007792571093887091,0.00018933415412902832,0.050493303686380386
z0y624x144,7,A,True,1450,0.20428527891635895,6.1015400886535645,0.36721253395080566,9.2123384475708,0.8122668862342834,-0.09560024738311768,0.008256408385932446,0.01769915223121643,0.03897254168987274
z0y624x144,7,A,True,1500,0.1905907541513443,6.112634181976318,0.3693283796310425,9.212126731872559,0.7883129119873047,-0.07164627313613892,0.005663064308464527,0.013694524765014648,0.020817112177610397
z0y624x144,7,A,True,1550,0.19281430542469025,6.141357421875,0.3723807632923126,9.208946228027344,0.804846465587616,-0.0881798267364502,0.006730112247169018,0.0022235512733459473,0.09092770516872406
z0y624x144,7,A,True,1600,0.19197268784046173,6.150989055633545,0.37791556119918823,9.210960388183594,0.8027581572532654,-0.08609151840209961,0.00922456942498684,0.0008416175842285156,0.05590019002556801
z0y624x144,7,A,True,1650,0.19493627548217773,6.175359725952148,0.3804149627685547,9.209157943725586,0.8152371644973755,-0.09857052564620972,0.004628284368664026,0.0029635876417160034,0.055291928350925446
z0y624x144,7,A,True,1700,0.1771211177110672,6.172637462615967,0.37985464930534363,9.206718444824219,0.7935830354690552,-0.0769163966178894,0.0029425264801830053,0.017815157771110535,0.015558305196464062
z0y624x144,7,A,True,1750,0.1733221709728241,6.169975757598877,0.3824312686920166,9.207249641418457,0.7826185822486877,-0.06595194339752197,0.00396911334246397,0.003798946738243103,0.012116404250264168
z0y624x144,7,A,True,1800,0.18735046684741974,6.194660186767578,0.3835568130016327,9.205339431762695,0.8041233420372009,-0.08745670318603516,0.002464840654283762,0.014028295874595642,0.05245194584131241
z0y624x144,7,A,True,1850,0.18382105231285095,6.191208362579346,0.3826332986354828,9.20343017578125,0.7941217422485352,-0.07745510339736938,0.0033508180640637875,0.0035294145345687866,0.045798853039741516
z0y624x144,7,A,True,1900,0.18154166638851166,6.214869022369385,0.3842351734638214,9.206612586975098,0.7884194850921631,-0.07175284624099731,0.0025625028647482395,0.0022793859243392944,0.056543633341789246
z0y624x144,7,A,True,1950,0.17762383818626404,6.231465816497803,0.3811987042427063,9.205870628356934,0.7878449559211731,-0.07117831707000732,0.0043614935129880905,0.00391782820224762,0.052862800657749176
z0y624x144,7,A,True,2000,0.17330606281757355,6.230466842651367,0.3813840448856354,9.209900856018066,0.7626785635948181,-0.046011924743652344,0.0023151314817368984,0.004317775368690491,0.011692984029650688
z0y624x144,7,A,True,2050,0.1941661238670349,6.24261474609375,0.3792690336704254,9.206718444824219,0.7874565124511719,-0.0707898736000061,0.003016181057319045,0.020860061049461365,0.029787657782435417
z0y624x144,7,A,True,2100,0.18136900663375854,6.245394229888916,0.3780924677848816,9.206188201904297,0.7862786650657654,-0.06961202621459961,0.0012650424614548683,0.012797117233276367,0.03171710669994354
z0y624x144,7,A,True,2150,0.17471346259117126,6.253943920135498,0.37633273005485535,9.206400871276855,0.7630196213722229,-0.04635298252105713,0.0023475270718336105,0.00665554404258728,0.033738523721694946
z0y624x144,7,A,True,2200,0.18091410398483276,6.282130718231201,0.37738820910453796,9.2074613571167,0.7794545888900757,-0.06278795003890991,0.0016683097928762436,0.006200641393661499,0.07710810005664825
z0y624x144,7,A,True,2250,0.17693227529525757,6.290441513061523,0.37681540846824646,9.208840370178223,0.7752479314804077,-0.05858129262924194,0.0012422624276950955,0.003981828689575195,0.06141829863190651
z0y624x144,7,A,True,2300,0.19075681269168854,6.2957072257995605,0.37573155760765076,9.209582328796387,0.7945650815963745,-0.07789844274520874,0.0032788317184895277,0.01382453739643097,0.039575181901454926
z0y624x144,7,A,True,2350,0.18342554569244385,6.297542572021484,0.37584659457206726,9.212020874023438,0.7796706557273865,-0.0630040168762207,0.0018296594498679042,0.00733126699924469,0.02222030609846115
z0y624x144,7,A,True,2400,0.1838393360376358,6.3210272789001465,0.3748219907283783,9.211596488952637,0.7792523503303528,-0.06258571147918701,0.0018573502311483026,0.00041379034519195557,0.04691244289278984
z0y624x144,7,A,True,2450,0.16664031147956848,6.300487041473389,0.37605777382850647,9.217001914978027,0.7625659108161926,-0.045899271965026855,0.0030608423985540867,0.017199024558067322,0.06286580115556717
z0y624x144,7,A,True,2500,0.18384194374084473,6.315122127532959,0.37305817008018494,9.209794044494629,0.7935945391654968,-0.07692790031433105,0.003934763837605715,0.017201632261276245,0.046474117785692215
z0y624x144,7,A,True,2550,0.1654892861843109,6.31747579574585,0.37190568447113037,9.210006713867188,0.7808923125267029,-0.06422567367553711,0.0018184545915573835,0.018352657556533813,0.03740765154361725
z0y624x144,7,A,True,2600,0.16917665302753448,6.327918529510498,0.36975759267807007,9.209263801574707,0.7675414085388184,-0.05087476968765259,0.003460864070802927,0.0036873668432235718,0.05227057263255119
z0y624x144,7,A,True,2650,0.1902971863746643,6.321329593658447,0.36804646253585815,9.206931114196777,0.7911163568496704,-0.07444971799850464,0.0017641932936385274,0.021120533347129822,0.03702143207192421
z0y624x144,7,A,True,2700,0.16365785896778107,6.327887058258057,0.3719797134399414,9.208627700805664,0.7567161321640015,-0.04004949331283569,0.005052602384239435,0.02663932740688324,0.056555140763521194
z0y624x144,7,A,True,2750,0.17507562041282654,6.346664905548096,0.37007254362106323,9.204915046691895,0.7852824926376343,-0.0686158537864685,0.0031937584280967712,0.011417761445045471,0.05921943113207817
z0y624x144,7,A,True,2800,0.18536555767059326,6.357997894287109,0.3722948133945465,9.207991600036621,0.78290855884552,-0.06624191999435425,0.00375157967209816,0.010289937257766724,0.07382123917341232
z0y624x144,7,A,True,2850,0.16191357374191284,6.3328094482421875,0.37478119134902954,9.213398933410645,0.7527939081192017,-0.03612726926803589,0.0029695648699998856,0.02345198392868042,0.09790965169668198
z0y624x144,7,A,True,2900,0.15909618139266968,6.356029033660889,0.37765800952911377,9.215200424194336,0.7722083330154419,-0.05554169416427612,0.003671453334391117,0.002817392349243164,0.05113055184483528
z0y624x144,7,A,True,2950,0.17152053117752075,6.371483325958252,0.37874138355255127,9.209052085876465,0.7712487578392029,-0.05458211898803711,0.004668698646128178,0.012424349784851074,0.036105457693338394
z0y624x144,7,A,True,2999,0.1807509958744049,6.395548343658447,0.3786328434944153,9.207249641418457,0.7855331301689148,-0.06886649131774902,0.0011744436342269182,0.009230464696884155,0.05680624023079872
z0y624x144,8,A,True,0,0.7847205400466919,2.0100231170654297,0.0027662368956953287,6.980581283569336,0.7880924940109253,-0.06587028503417969,0.0027662368956953287,0.02686929702758789,0.01736040972173214
z0y624x144,8,A,True,50,1.7847344875335693,2.459369659423828,0.03362594544887543,7.0192952156066895,1.8263587951660156,-1.10413658618927,0.033155981451272964,1.0000139474868774,0.7784441113471985
z0y624x144,8,A,True,100,1.8070393800735474,2.9793994426727295,0.11048096418380737,7.154134750366211,1.863831877708435,-1.1416096687316895,0.07877841591835022,0.022304892539978027,0.929720938205719
z0y624x144,8,A,True,150,1.3219034671783447,3.559839963912964,0.17021805047988892,7.275749206542969,1.4695783853530884,-0.7473561763763428,0.062091656029224396,0.48513591289520264,1.07606041431427
z0y624x144,8,A,True,200,0.897865891456604,4.07883882522583,0.21897508203983307,7.358561992645264,1.2129911184310913,-0.4907689094543457,0.06052859127521515,0.4240375757217407,1.114977478981018
z0y624x144,8,A,True,250,0.5741801857948303,4.329139232635498,0.25349611043930054,7.405986309051514,1.0463825464248657,-0.3241603374481201,0.04176834598183632,0.3236857056617737,0.666595995426178
z0y624x144,8,A,True,300,0.4276147186756134,4.369743824005127,0.26822832226753235,7.432048797607422,0.9263536930084229,-0.20413148403167725,0.015329137444496155,0.14656546711921692,0.21307188272476196
z0y624x144,8,A,True,350,0.34975990653038025,4.419755458831787,0.2760102450847626,7.441503524780273,0.8903466463088989,-0.16812443733215332,0.010000518523156643,0.07785481214523315,0.13087014853954315
z0y624x144,8,A,True,400,0.32949626445770264,4.466123104095459,0.2800388038158417,7.444128036499023,0.9074644446372986,-0.18524223566055298,0.005943420808762312,0.020263642072677612,0.09403743594884872
z0y624x144,8,A,True,450,0.295147180557251,4.4861836433410645,0.2842326760292053,7.448324680328369,0.8672524690628052,-0.14503026008605957,0.0053618960082530975,0.03434908390045166,0.05586997792124748
z0y624x144,8,A,True,500,0.2652924656867981,4.510369777679443,0.2886733412742615,7.451994895935059,0.8479608297348022,-0.12573862075805664,0.005657437723129988,0.02985471487045288,0.052129168063402176
z0y624x144,8,A,True,550,0.23755289614200592,4.522220611572266,0.29142892360687256,7.454680919647217,0.8290137052536011,-0.10679149627685547,0.0034315232187509537,0.027739569544792175,0.020843984559178352
z0y624x144,8,A,True,600,0.24128669500350952,4.54831600189209,0.2936481237411499,7.455728530883789,0.8530707955360413,-0.13084858655929565,0.0036896897945553064,0.003733798861503601,0.04869595915079117
z0y624x144,8,A,True,650,0.2357441484928131,4.56316614151001,0.2963450849056244,7.459657192230225,0.8664506077766418,-0.14422839879989624,0.0037384110037237406,0.005542546510696411,0.032024167478084564
z0y624x144,8,A,True,700,0.20834723114967346,4.56300163269043,0.29907673597335815,7.462471008300781,0.8410840630531311,-0.1188618540763855,0.003537781536579132,0.02739691734313965,0.004979380406439304
z0y624x144,8,A,True,750,0.19074784219264984,4.567502498626709,0.30157941579818726,7.4658074378967285,0.8448154926300049,-0.12259328365325928,0.003458460094407201,0.01759938895702362,0.018130626529455185
z0y624x144,8,A,True,800,0.17685960233211517,4.576231479644775,0.3029380738735199,7.467769145965576,0.832101047039032,-0.10987883806228638,0.0026275734417140484,0.013888239860534668,0.01828131638467312
z0y624x144,8,A,True,850,0.17003490030765533,4.5848822593688965,0.3039262890815735,7.468684673309326,0.8410756587982178,-0.11885344982147217,0.002233827020972967,0.006824702024459839,0.018304569646716118
z0y624x144,8,A,True,900,0.1573386788368225,4.591747760772705,0.3045732378959656,7.469077110290527,0.8252694606781006,-0.10304725170135498,0.001525039435364306,0.012696221470832825,0.019420405849814415
z0y624x144,8,A,True,950,0.14864955842494965,4.591366291046143,0.30591753125190735,7.4698615074157715,0.8326609134674072,-0.11043870449066162,0.0016664813738316298,0.008689120411872864,0.007034318521618843
z0y624x144,8,A,True,1000,0.14020982384681702,4.6023383140563965,0.3084968328475952,7.472998142242432,0.8186148405075073,-0.09639263153076172,0.002905339701101184,0.00843973457813263,0.021913014352321625
z0y624x144,8,A,True,1050,0.1356620043516159,4.604969024658203,0.3096645772457123,7.474958419799805,0.8151005506515503,-0.09287834167480469,0.001566707855090499,0.004547819495201111,0.01659252867102623
z0y624x144,8,A,True,1100,0.12894882261753082,4.612886905670166,0.3113780915737152,7.477505207061768,0.8261433243751526,-0.10392111539840698,0.0017474645283073187,0.006713181734085083,0.01682526245713234
z0y624x144,8,A,True,1150,0.12333586812019348,4.622985363006592,0.3119448125362396,7.477179050445557,0.8179618716239929,-0.09573966264724731,0.001757950522005558,0.005612954497337341,0.018107758834958076
z0y624x144,8,A,True,1200,0.12335960566997528,4.631572246551514,0.3124384582042694,7.477635860443115,0.8110138177871704,-0.0887916088104248,0.0007222381536848843,2.3737549781799316e-05,0.02636958844959736
z0y624x144,8,A,True,1250,0.11350243538618088,4.640208721160889,0.3128416836261749,7.478745937347412,0.8181836605072021,-0.09596145153045654,0.0006063568871468306,0.009857170283794403,0.01996229961514473
z0y624x144,8,A,True,1300,0.1167178675532341,4.648439884185791,0.31405749917030334,7.478419303894043,0.8058188557624817,-0.08359664678573608,0.0019238331587985158,0.0032154321670532227,0.020468249917030334
z0y624x144,8,A,True,1350,0.11265606433153152,4.646881580352783,0.3147915005683899,7.4792680740356445,0.8098437786102295,-0.08762156963348389,0.0010311614023521543,0.004061803221702576,0.006973618175834417
z0y624x144,8,A,True,1400,0.1101856380701065,4.656428813934326,0.315574586391449,7.479725360870361,0.8169108033180237,-0.09468859434127808,0.001054548192769289,0.0024704262614250183,0.016655348241329193
z0y624x144,8,A,True,1450,0.10136228054761887,4.652135372161865,0.31608662009239197,7.480247497558594,0.7962613701820374,-0.07403916120529175,0.0010076361941173673,0.00882335752248764,0.01168952975422144
z0y624x144,8,A,True,1500,0.10533598065376282,4.665346622467041,0.3158012330532074,7.479137420654297,0.8246411085128784,-0.10241889953613281,0.0005744381924159825,0.003973700106143951,0.023692240938544273
z0y624x144,8,A,True,1550,0.10559701174497604,4.675038814544678,0.31748080253601074,7.480051517486572,0.8017375469207764,-0.07951533794403076,0.0017115242080762982,0.0002610310912132263,0.01825384795665741
z0y624x144,8,A,True,1600,0.1025148555636406,4.682070732116699,0.3184467852115631,7.48148775100708,0.8089959621429443,-0.08677375316619873,0.001093834056518972,0.0030821561813354492,0.013638251461088657
z0y624x144,8,A,True,1650,0.09899768978357315,4.68337869644165,0.31979289650917053,7.483445167541504,0.7887052893638611,-0.06648308038711548,0.0015144732315093279,0.003517165780067444,0.008262615650892258
z0y624x144,8,A,True,1700,0.09991368651390076,4.684360504150391,0.3209221065044403,7.484293460845947,0.7943333983421326,-0.07211118936538696,0.0011352490400895476,0.0009159967303276062,0.010575195774435997
z0y624x144,8,A,True,1750,0.09233597666025162,4.682371616363525,0.3223749101161957,7.48605489730835,0.7860512137413025,-0.06382900476455688,0.001502186874859035,0.007577709853649139,0.015919076278805733
z0y624x144,8,A,True,1800,0.09093431383371353,4.68884801864624,0.3229142129421234,7.486772060394287,0.800653338432312,-0.0784311294555664,0.0006367345922626555,0.001401662826538086,0.02143630012869835
z0y624x144,8,A,True,1850,0.08831848949193954,4.6885271072387695,0.32380303740501404,7.486185073852539,0.7862246632575989,-0.06400245428085327,0.001496008364483714,0.002615824341773987,0.0029949939344078302
z0y624x144,8,A,True,1900,0.08416899293661118,4.684450626373291,0.32482412457466125,7.486968040466309,0.7711912989616394,-0.0489690899848938,0.001315843896009028,0.004149496555328369,0.021263817325234413
z0y624x144,8,A,True,1950,0.08979388326406479,4.698026180267334,0.3264061510562897,7.487359046936035,0.7985150218009949,-0.07629281282424927,0.0016939188353717327,0.005624890327453613,0.03588859364390373
z0y624x144,8,A,True,2000,0.08905550837516785,4.707306861877441,0.3268710970878601,7.486706733703613,0.7927669882774353,-0.0705447793006897,0.0010929224081337452,0.0007383748888969421,0.022872600704431534
z0y624x144,8,A,True,2050,0.08599668741226196,4.711777210235596,0.3282448351383209,7.488272190093994,0.7732369899749756,-0.05101478099822998,0.001419257023371756,0.003058820962905884,0.014855069108307362
z0y624x144,8,A,True,2100,0.08417584747076035,4.713186740875244,0.32948312163352966,7.489706516265869,0.7734465599060059,-0.051224350929260254,0.0012892999220639467,0.0018208399415016174,0.0026009450666606426
z0y624x144,8,A,True,2150,0.08217966556549072,4.705001354217529,0.3300323486328125,7.490488529205322,0.7762928009033203,-0.05407059192657471,0.0009717374923639,0.001996181905269623,0.022878708317875862
z0y624x144,8,A,True,2200,0.07581976056098938,4.702020168304443,0.3313390910625458,7.491987705230713,0.7705598473548889,-0.04833763837814331,0.0015086199855431914,0.006359905004501343,0.016933977603912354
z0y624x144,8,A,True,2250,0.07712644338607788,4.698424816131592,0.3327018618583679,7.4921183586120605,0.7730630040168762,-0.050840795040130615,0.0017664313782006502,0.001306682825088501,0.00961814820766449
z0y624x144,8,A,True,2300,0.0798049196600914,4.704583644866943,0.3338516652584076,7.492444038391113,0.7783669829368591,-0.056144773960113525,0.001263327314518392,0.0026784762740135193,0.02546175941824913
z0y624x144,8,A,True,2350,0.07857392728328705,4.70893669128418,0.335615336894989,7.494463920593262,0.7857493162155151,-0.06352710723876953,0.0019234927603974938,0.0012309923768043518,0.031185436993837357
z0y624x144,8,A,True,2400,0.07133305072784424,4.693472385406494,0.3362240791320801,7.4963531494140625,0.7466387748718262,-0.024416565895080566,0.0007655385416001081,0.00724087655544281,0.029932823032140732
z0y624x144,8,A,True,2450,0.07447388768196106,4.695843696594238,0.33622074127197266,7.495311260223389,0.7620675563812256,-0.03984534740447998,0.0011569354683160782,0.0031408369541168213,0.01310387160629034
z0y624x144,8,A,True,2500,0.0694882795214653,4.6867499351501465,0.3392549455165863,7.500065326690674,0.7563204765319824,-0.034098267555236816,0.003424470080062747,0.004985608160495758,0.017039258033037186
z0y624x144,8,A,True,2550,0.06785381585359573,4.691285610198975,0.34092217683792114,7.50234317779541,0.7816277146339417,-0.059405505657196045,0.0018887220649048686,0.0016344636678695679,0.009971230290830135
z0y624x144,8,A,True,2600,0.0646950751543045,4.688998699188232,0.34109237790107727,7.501562118530273,0.7607764601707458,-0.038554251194000244,0.0016736916732043028,0.0031587406992912292,0.00547676021233201
z0y624x144,8,A,True,2650,0.06473632156848907,4.689177989959717,0.341303288936615,7.501757621765137,0.7657893896102905,-0.04356718063354492,0.0004755995760206133,4.124641418457031e-05,0.007365640252828598
z0y624x144,8,A,True,2700,0.06408513337373734,4.686708927154541,0.341464638710022,7.502213001251221,0.7674775719642639,-0.04525536298751831,0.000408243911806494,0.0006511881947517395,0.010244451463222504
z0y624x144,8,A,True,2750,0.062310390174388885,4.684709548950195,0.3423594832420349,7.50370979309082,0.7638961672782898,-0.04167395830154419,0.0012449538335204124,0.0017747431993484497,0.011529085226356983
z0y624x144,8,A,True,2800,0.06429437547922134,4.69293212890625,0.3450404405593872,7.507158279418945,0.7533729672431946,-0.031150758266448975,0.0030984594486653805,0.0019839853048324585,0.016353465616703033
z0y624x144,8,A,True,2850,0.06411154568195343,4.694704532623291,0.3459024727344513,7.50735330581665,0.7620716691017151,-0.03984946012496948,0.0008690563845448196,0.00018282979726791382,0.011385636404156685
z0y624x144,8,A,True,2900,0.061977118253707886,4.690666675567627,0.3472898006439209,7.509304046630859,0.7788694500923157,-0.05664724111557007,0.0018223116640001535,0.0021344274282455444,0.023159146308898926
z0y624x144,8,A,True,2950,0.05926051363348961,4.689327716827393,0.3484700322151184,7.510734558105469,0.777455747127533,-0.055233538150787354,0.0011848182184621692,0.002716604620218277,0.0051888516172766685
z0y624x144,8,A,True,2999,0.05595021694898605,4.677333831787109,0.3493780195713043,7.513529300689697,0.7518478631973267,-0.029625654220581055,0.0018292776076123118,0.0033102966845035553,0.03770911321043968
z0y624x144,9,A,True,0,0.7823337316513062,2.010024070739746,0.0027706415858119726,11.8009614944458,0.7823329567909241,0.051000356674194336,0.0027706415858119726,0.02681910991668701,0.017362337559461594
z0y624x144,9,A,True,50,1.5751820802688599,2.5040345191955566,0.013914749026298523,11.791730880737305,1.575178861618042,-0.7418455481529236,0.01575954258441925,0.7928483486175537,0.8557265400886536
z0y624x144,9,A,True,100,1.893858790397644,3.2127952575683594,0.04247474670410156,11.764286994934082,1.8963228464126587,-1.0629894733428955,0.03193847835063934,0.3186767101287842,1.2291241884231567
z0y624x144,9,A,True,150,1.9255532026290894,4.354112148284912,0.09074962139129639,11.763622283935547,1.9385340213775635,-1.1052007675170898,0.059872012585401535,0.03169441223144531,1.9843897819519043
z0y624x144,9,A,True,200,1.0871598720550537,5.913354396820068,0.14398550987243652,11.764701843261719,1.1307364702224731,-0.29740315675735474,0.07072675228118896,0.8383933305740356,2.706289768218994
z0y624x144,9,A,True,250,0.7991167902946472,7.053819179534912,0.16367581486701965,11.741312026977539,0.9199323058128357,-0.08659899234771729,0.025187911465764046,0.2880430817604065,2.034043788909912
z0y624x144,9,A,True,300,0.6325283050537109,7.393133640289307,0.15403127670288086,11.726705551147461,0.8290642499923706,0.004269063472747803,0.018371189013123512,0.16658848524093628,0.6672411561012268
z0y624x144,9,A,True,350,0.5825392007827759,7.520436763763428,0.14352649450302124,11.73282527923584,0.8105998039245605,0.02273350954055786,0.027617072686553,0.04998910427093506,0.46438711881637573
z0y624x144,9,A,True,400,0.5247390866279602,7.595754623413086,0.13436876237392426,11.737859725952148,0.775571882724762,0.057761430740356445,0.024183334782719612,0.057800114154815674,0.3742814064025879
z0y624x144,9,A,True,450,0.4988802671432495,7.678834438323975,0.1293824166059494,11.746342658996582,0.7801989912986755,0.05313432216644287,0.02284274622797966,0.025858819484710693,0.34782689809799194
z0y624x144,9,A,True,500,0.4876721501350403,7.73586893081665,0.12543193995952606,11.752949714660645,0.781421422958374,0.051911890506744385,0.018919305875897408,0.011208117008209229,0.429828941822052
z0y624x144,9,A,True,550,0.477254718542099,7.757322788238525,0.12677925825119019,11.765157699584961,0.7879094481468201,0.04542386531829834,0.019244184717535973,0.010417431592941284,0.3099750578403473
z0y624x144,9,A,True,600,0.44506388902664185,7.7639384269714355,0.12947814166545868,11.775031089782715,0.7728927135467529,0.06044059991836548,0.01589631661772728,0.03219082951545715,0.2849094271659851
z0y624x144,9,A,True,650,0.4439936578273773,7.7873663902282715,0.13334886729717255,11.78427505493164,0.7790429592132568,0.05429035425186157,0.016193265095353127,0.0010702311992645264,0.23423954844474792
z0y624x144,9,A,True,700,0.4402081072330475,7.796471118927002,0.13842236995697021,11.797030448913574,0.7807960510253906,0.05253726243972778,0.019280187785625458,0.003785550594329834,0.28941649198532104
z0y624x144,9,A,True,750,0.41468164324760437,7.778633117675781,0.14826662838459015,11.81035041809082,0.7566771507263184,0.07665616273880005,0.0251140333712101,0.025526463985443115,0.2816174626350403
z0y624x144,9,A,True,800,0.42274487018585205,7.788315296173096,0.1606052666902542,11.825265884399414,0.7805840969085693,0.05274921655654907,0.022661050781607628,0.00806322693824768,0.29655322432518005
z0y624x144,9,A,True,850,0.41105031967163086,7.786643981933594,0.17195124924182892,11.83612060546875,0.7859237194061279,0.04740959405899048,0.022426888346672058,0.011694550514221191,0.26607033610343933
z0y624x144,9,A,True,900,0.40475380420684814,7.824199676513672,0.1836692839860916,11.846181869506836,0.7858929634094238,0.04744035005569458,0.019781656563282013,0.006296515464782715,0.2994992733001709
z0y624x144,9,A,True,950,0.37454646825790405,7.809967041015625,0.20323815941810608,11.859158515930176,0.7563380002975464,0.07699531316757202,0.028312504291534424,0.030207335948944092,0.22837641835212708
z0y624x144,9,A,True,1000,0.3853705823421478,7.808192729949951,0.22260156273841858,11.872079849243164,0.7915859818458557,0.041747331619262695,0.024514729157090187,0.010824114084243774,0.2109108418226242
z0y624x144,9,A,True,1050,0.3802622854709625,7.812912464141846,0.24597354233264923,11.887534141540527,0.793118953704834,0.040214359760284424,0.02884458377957344,0.005108296871185303,0.2307768017053604
z0y624x144,9,A,True,1100,0.3663747310638428,7.789259433746338,0.2671583592891693,11.900260925292969,0.7876774072647095,0.045655906200408936,0.025366896763443947,0.013887554407119751,0.21894696354866028
z0y624x144,9,A,True,1150,0.3669082820415497,7.774921417236328,0.2929728329181671,11.912728309631348,0.7942508459091187,0.039082467555999756,0.030993599444627762,0.0005335509777069092,0.18510065972805023
z0y624x144,9,A,True,1200,0.3749593496322632,7.778965473175049,0.3244902789592743,11.92960262298584,0.8244017362594604,0.008931577205657959,0.035046763718128204,0.008051067590713501,0.21853333711624146
z0y624x144,9,A,True,1250,0.36697012186050415,7.797762393951416,0.3504868447780609,11.943716049194336,0.8132045269012451,0.02012878656387329,0.029127707704901695,0.007989227771759033,0.25788769125938416
z0y624x144,9,A,True,1300,0.33567747473716736,7.774569988250732,0.37360095977783203,11.958383560180664,0.7909538745880127,0.04237943887710571,0.02453414723277092,0.03129264712333679,0.17615310847759247
z0y624x144,9,A,True,1350,0.3188250958919525,7.770066738128662,0.4060894250869751,11.975479125976562,0.8004333972930908,0.03289991617202759,0.035247862339019775,0.016852378845214844,0.14699247479438782
z0y624x144,9,A,True,1400,0.33342471718788147,7.759775638580322,0.4374973177909851,11.99145221710205,0.8120905160903931,0.021242797374725342,0.033548951148986816,0.014599621295928955,0.1379961520433426
z0y624x144,9,A,True,1450,0.3101344406604767,7.737178325653076,0.4605439603328705,12.003132820129395,0.803445041179657,0.029888272285461426,0.023876622319221497,0.023290276527404785,0.12566059827804565
z0y624x144,9,A,True,1500,0.3122228980064392,7.7503814697265625,0.4864215552806854,12.016020774841309,0.8116395473480225,0.021693766117095947,0.02684663236141205,0.0020884573459625244,0.09125683456659317
z0y624x144,9,A,True,1550,0.3025891184806824,7.7758941650390625,0.5083222985267639,12.02727222442627,0.8156276941299438,0.01770561933517456,0.022969502955675125,0.009633779525756836,0.1261097937822342
z0y624x144,9,A,True,1600,0.2989751994609833,7.817697525024414,0.5339247584342957,12.040377616882324,0.8131961822509766,0.020137131214141846,0.026397965848445892,0.0036139190196990967,0.13578493893146515
z0y624x144,9,A,True,1650,0.3094727396965027,7.892784595489502,0.5537267923355103,12.053024291992188,0.8396694660186768,-0.00633615255355835,0.019970253109931946,0.01049754023551941,0.16002622246742249
z0y624x144,9,A,True,1700,0.2737963795661926,7.906646728515625,0.573692262172699,12.06492805480957,0.81485515832901,0.0184781551361084,0.02037610113620758,0.03567636013031006,0.029882283881306648
z0y624x144,9,A,True,1750,0.271487832069397,7.903614044189453,0.5842876434326172,12.070673942565918,0.8166407346725464,0.01669257879257202,0.01102754008024931,0.0023085474967956543,0.04019203409552574
z0y624x144,9,A,True,1800,0.25430360436439514,7.927616119384766,0.5943212509155273,12.076578140258789,0.807755708694458,0.0255776047706604,0.010272996500134468,0.01718422770500183,0.05246875807642937
z0y624x144,9,A,True,1850,0.2354588359594345,7.937144756317139,0.6070044636726379,12.083571434020996,0.7811906337738037,0.0521426796913147,0.013300814665853977,0.018844768404960632,0.08124185353517532
z0y624x144,9,A,True,1900,0.235484778881073,7.974832057952881,0.6128889322280884,12.086722373962402,0.7971218824386597,0.03621143102645874,0.006247334182262421,2.594292163848877e-05,0.08052521198987961
z0y624x144,9,A,True,1950,0.23484978079795837,7.99365234375,0.6143501996994019,12.086884498596191,0.7945038080215454,0.038829505443573,0.0015685040270909667,0.000634998083114624,0.04415523633360863
z0y624x144,9,A,True,2000,0.24064862728118896,8.00767993927002,0.6206130385398865,12.089509963989258,0.8242017030715942,0.00913161039352417,0.006667655427008867,0.005798846483230591,0.04114289954304695
z0y624x144,9,A,True,2050,0.22811490297317505,8.043999671936035,0.6234938502311707,12.089105606079102,0.8002871870994568,0.03304612636566162,0.004355986602604389,0.012533724308013916,0.09743736684322357
z0y624x144,9,A,True,2100,0.21767571568489075,8.05545711517334,0.6242568492889404,12.089388847351074,0.7912876605987549,0.042045652866363525,0.0012978102313354611,0.010439187288284302,0.09635084867477417
z0y624x144,9,A,True,2150,0.22070428729057312,8.067843437194824,0.6217440366744995,12.089469909667969,0.7959765791893005,0.03735673427581787,0.0029233950190246105,0.003028571605682373,0.03435816615819931
z0y624x144,9,A,True,2200,0.2193327248096466,8.092069625854492,0.6252842545509338,12.091286659240723,0.7965695858001709,0.03676372766494751,0.004175795707851648,0.0013715624809265137,0.059913091361522675
z0y624x144,9,A,True,2250,0.2229555994272232,8.103999137878418,0.626414954662323,12.092578887939453,0.7850930690765381,0.04824024438858032,0.0016373185208067298,0.003622874617576599,0.04484952241182327
z0y624x144,9,A,True,2300,0.22838102281093597,8.112210273742676,0.6221209764480591,12.090963363647461,0.8026061654090881,0.030727148056030273,0.004352322313934565,0.0054254233837127686,0.09612321853637695
z0y624x144,9,A,True,2350,0.21775604784488678,8.134993553161621,0.6259487867355347,12.092376708984375,0.7895463109016418,0.04378700256347656,0.004328956827521324,0.010624974966049194,0.0977988913655281
z0y624x144,9,A,True,2400,0.225023552775383,8.189364433288574,0.6277942657470703,12.093225479125977,0.7879415154457092,0.04539179801940918,0.003203675849363208,0.007267504930496216,0.1512913554906845
z0y624x144,9,A,True,2450,0.2386445254087448,8.217947959899902,0.6208478212356567,12.08967113494873,0.8074734210968018,0.02585989236831665,0.007219698280096054,0.013620972633361816,0.06845547258853912
z0y624x144,9,A,True,2500,0.22075046598911285,8.253775596618652,0.6172133684158325,12.088459968566895,0.7971618175506592,0.03617149591445923,0.004166156053543091,0.017894059419631958,0.09584949910640717
z0y624x144,9,A,True,2550,0.21098171174526215,8.281221389770508,0.6179904341697693,12.09060001373291,0.7835862636566162,0.0497470498085022,0.0026170769706368446,0.009768754243850708,0.07651358842849731
z0y624x144,9,A,True,2600,0.21582745015621185,8.310086250305176,0.619458794593811,12.090842247009277,0.7988601326942444,0.03447318077087402,0.0028038674499839544,0.004845738410949707,0.11749297380447388
z0y624x144,9,A,True,2650,0.2111395001411438,8.325666427612305,0.6195545792579651,12.091771125793457,0.7991487383842468,0.03418457508087158,0.003278236836194992,0.004687950015068054,0.14408427476882935
z0y624x144,9,A,True,2700,0.20566630363464355,8.370147705078125,0.6196393370628357,12.09152889251709,0.8010966777801514,0.03223663568496704,0.001502138446085155,0.005473196506500244,0.09452607482671738
z0y624x144,9,A,True,2750,0.20717699825763702,8.391805648803711,0.6250506043434143,12.094476699829102,0.7874530553817749,0.045880258083343506,0.005708097480237484,0.0015106946229934692,0.06863312423229218
z0y624x144,9,A,True,2800,0.20951390266418457,8.432438850402832,0.6199132800102234,12.091812133789062,0.7861214280128479,0.04721188545227051,0.005247221328318119,0.0023369044065475464,0.10877887904644012
z0y624x144,9,A,True,2850,0.21315638720989227,8.464676856994629,0.6167794466018677,12.090317726135254,0.8030834197998047,0.03024989366531372,0.0033851133193820715,0.0036424845457077026,0.06492665410041809
z0y624x144,9,A,True,2900,0.20848584175109863,8.493208885192871,0.6203974485397339,12.09415340423584,0.7919856905937195,0.041347622871398926,0.006418135017156601,0.00467054545879364,0.0777251347899437
z0y624x144,9,A,True,2950,0.20620839297771454,8.48857593536377,0.6194530129432678,12.094073295593262,0.7799187302589417,0.05341458320617676,0.0011278351303189993,0.0022774487733840942,0.1385401338338852
z0y624x144,9,A,True,2999,0.1959204375743866,8.487668991088867,0.6199560761451721,12.09584903717041,0.7743223309516907,0.059010982513427734,0.0022098952904343605,0.010287955403327942,0.04251917451620102
z0y624x144,10,A,False,0,0.7702261805534363,2.010023355484009,0.0027709014248102903,18.803985595703125,0.770225465297699,0.07977455854415894,0.0027709014248102903,0.026527762413024902,0.01736082322895527
z0y624x144,10,A,False,50,2.0009658336639404,2.4344146251678467,0.051728446036577225,18.81697654724121,2.000497579574585,-1.150497555732727,0.05033193901181221,1.2307395935058594,0.7372875213623047
z0y624x144,10,A,False,100,1.9094538688659668,2.9828040599823,0.09581310302019119,18.83719253540039,1.9084572792053223,-1.0584572553634644,0.044924501329660416,0.09151196479797363,0.9521098732948303
z0y624x144,10,A,False,150,1.7255301475524902,3.8114988803863525,0.15405656397342682,18.824798583984375,1.7244819402694702,-0.8744819164276123,0.05891239270567894,0.18392372131347656,1.4584863185882568
z0y624x144,10,A,False,200,1.4533849954605103,5.117645263671875,0.228868767619133,18.790048599243164,1.4698054790496826,-0.6198054552078247,0.0765964463353157,0.27214515209198,2.2974112033843994
z0y624x144,10,A,False,250,0.9857861995697021,6.153802871704102,0.27655571699142456,18.79458236694336,1.0785731077194214,-0.22857308387756348,0.05278897285461426,0.4675987958908081,2.0098040103912354
z0y624x144,10,A,False,300,0.7793125510215759,6.556506633758545,0.2923740744590759,18.845460891723633,0.94968581199646,-0.09968578815460205,0.022031407803297043,0.20647364854812622,0.9427149891853333
z0y624x144,10,A,False,350,0.713468074798584,6.771516799926758,0.30076175928115845,18.887283325195312,0.9211028218269348,-0.0711027979850769,0.01810796931385994,0.06584447622299194,0.557384192943573
z0y624x144,10,A,False,400,0.6485030651092529,6.939821720123291,0.30713605880737305,18.91592025756836,0.8902152180671692,-0.04021519422531128,0.012502186931669712,0.06496500968933105,0.46046948432922363
z0y624x144,10,A,False,450,0.622100293636322,7.112401962280273,0.3130916357040405,18.915700912475586,0.8774016499519348,-0.027401626110076904,0.009341632947325706,0.026402771472930908,0.4689868092536926
z0y624x144,10,A,False,500,0.5830919146537781,7.263378143310547,0.3184582591056824,18.911466598510742,0.8556321263313293,-0.0056321024894714355,0.008926226757466793,0.039008378982543945,0.4419005513191223
z0y624x144,10,A,False,550,0.5311433672904968,7.438724040985107,0.32366883754730225,18.916810989379883,0.8131217360496521,0.03687828779220581,0.005637278314679861,0.05194854736328125,0.5248262882232666
z0y624x144,10,A,False,600,0.5534574389457703,7.608086109161377,0.32950952649116516,18.92137908935547,0.8433846831321716,0.006615340709686279,0.00653538852930069,0.022314071655273438,0.5218617916107178
z0y624x144,10,A,False,650,0.5404323935508728,7.7770466804504395,0.33410054445266724,18.924577713012695,0.8374053835868835,0.012594640254974365,0.005210560280829668,0.013025045394897461,0.4675515294075012
z0y624x144,10,A,False,700,0.5540505647659302,7.949573516845703,0.33714866638183594,18.930641174316406,0.8554459810256958,-0.005445957183837891,0.00422491692006588,0.013618171215057373,0.5213568806648254
z0y624x144,10,A,False,750,0.5376279354095459,8.181750297546387,0.34252339601516724,18.93360710144043,0.8498563170433044,0.0001437067985534668,0.005892602726817131,0.016422629356384277,0.6314548254013062
z0y624x144,10,A,False,800,0.521253228187561,8.350323677062988,0.34362971782684326,18.939897537231445,0.8387838006019592,0.011216223239898682,0.0030238921754062176,0.016374707221984863,0.46631020307540894
z0y624x144,10,A,False,850,0.48794040083885193,8.62274169921875,0.3452528119087219,18.945388793945312,0.8141999840736389,0.035800039768218994,0.008220572955906391,0.033312827348709106,0.7200878262519836
z0y624x144,10,A,False,900,0.48593661189079285,8.843966484069824,0.34833189845085144,18.945131301879883,0.8103960752487183,0.03960394859313965,0.003694219281896949,0.002003788948059082,0.5866835713386536
z0y624x144,10,A,False,950,0.5089131593704224,9.10419750213623,0.3503306210041046,18.952138900756836,0.8445172309875488,0.005482792854309082,0.006422216538339853,0.022976547479629517,0.7025150656700134
z0y624x144,10,A,False,1000,0.4907979965209961,9.328999519348145,0.3505491614341736,18.951753616333008,0.824456512928009,0.025543510913848877,0.009652528911828995,0.01811516284942627,0.60133957862854
z0y624x144,10,A,False,1050,0.4870477616786957,9.626737594604492,0.3502594232559204,18.952035903930664,0.8357325196266174,0.014267504215240479,0.013735302723944187,0.003750234842300415,0.6980345249176025
z0y624x144,10,A,False,1100,0.4848704934120178,9.876413345336914,0.35056447982788086,18.952011108398438,0.8415325284004211,0.008467495441436768,0.013170834630727768,0.0021772682666778564,0.7843206524848938
z0y624x144,10,A,False,1150,0.46703827381134033,10.148019790649414,0.35066261887550354,18.952938079833984,0.8292945027351379,0.02070552110671997,0.008971305564045906,0.01783221960067749,0.6482724547386169
z0y624x144,10,A,False,1200,0.47054943442344666,10.453226089477539,0.3527854382991791,18.949331283569336,0.8451489210128784,0.004851102828979492,0.006139444652944803,0.0035111606121063232,0.8285192847251892
z0y624x144,10,A,False,1250,0.4320349395275116,10.744861602783203,0.35171130299568176,18.951366424560547,0.8124125003814697,0.037587523460388184,0.021366102620959282,0.03851449489593506,0.8349519968032837
z0y624x144,10,A,False,1300,0.4378717541694641,11.04382610321045,0.35221588611602783,18.946367263793945,0.8269766569137573,0.023023366928100586,0.021134959533810616,0.005836814641952515,0.8526672720909119
z0y624x144,10,A,False,1350,0.4342370927333832,11.411720275878906,0.35321560502052307,18.946727752685547,0.8285576105117798,0.021442413330078125,0.02617093361914158,0.0036346614360809326,0.989138662815094
z0y624x144,10,A,False,1400,0.4353615343570709,11.83425235748291,0.3566043972969055,18.947011947631836,0.851771891117096,-0.0017718672752380371,0.02708403766155243,0.0011244416236877441,1.1591240167617798
z0y624x144,10,A,False,1450,0.4113950729370117,12.201699256896973,0.3606056272983551,18.94167709350586,0.8362555503845215,0.013744473457336426,0.02119256742298603,0.023966461420059204,1.1016253232955933
z0y624x144,10,A,False,1500,0.3766065239906311,12.742278099060059,0.36660993099212646,18.943584442138672,0.8056820631027222,0.04431796073913574,0.0232554879039526,0.034788548946380615,1.4371659755706787
z0y624x144,10,A,False,1550,0.3868882954120636,13.284282684326172,0.37682586908340454,18.942888259887695,0.8252317309379578,0.024768292903900146,0.03410427272319794,0.010281771421432495,1.484139084815979
z0y624x144,10,A,False,1600,0.3770955204963684,13.974593162536621,0.39300215244293213,18.94178009033203,0.818032443523407,0.03196758031845093,0.04417784884572029,0.00979277491569519,1.855712652206421
z0y624x144,10,A,False,1650,0.3928528130054474,14.690703392028809,0.4142882823944092,18.94244956970215,0.8429964780807495,0.0070035457611083984,0.045837804675102234,0.01575729250907898,1.9014087915420532
z0y624x144,10,A,False,1700,0.3554907441139221,15.408863067626953,0.44409722089767456,18.94551658630371,0.8261154890060425,0.02388453483581543,0.05545308440923691,0.03736206889152527,1.8265275955200195
z0y624x144,10,A,False,1750,0.3406063914299011,16.081626892089844,0.4794404208660126,18.951496124267578,0.8145646452903748,0.035435378551483154,0.058199502527713776,0.014884352684020996,1.616645097732544
z0y624x144,10,A,False,1800,0.34093138575553894,16.809581756591797,0.5126222372055054,18.95353126525879,0.826356828212738,0.023643195629119873,0.04827449098229408,0.0003249943256378174,1.683725118637085
z0y624x144,10,A,False,1850,0.32699644565582275,17.462080001831055,0.5521727204322815,18.95783233642578,0.8123094439506531,0.037690579891204834,0.05427129194140434,0.013934940099716187,1.5438390970230103
z0y624x144,10,A,False,1900,0.3295506536960602,18.212533950805664,0.5920097827911377,18.963214874267578,0.8154370784759521,0.03456294536590576,0.05151689797639847,0.0025542080402374268,1.6956995725631714
z0y624x144,10,A,False,1950,0.3129989802837372,18.74247169494629,0.632510781288147,18.968183517456055,0.8091410994529724,0.0408589243888855,0.051128096878528595,0.016551673412322998,1.128955364227295
z0y624x144,10,A,False,2000,0.31696879863739014,19.251684188842773,0.6634126305580139,18.973949432373047,0.8169347643852234,0.03306525945663452,0.0374302975833416,0.003969818353652954,1.1036899089813232
z0y624x144,10,A,False,2050,0.2775034010410309,19.522869110107422,0.693493664264679,18.980947494506836,0.7668240070343018,0.08317601680755615,0.03650809824466705,0.03946539759635925,0.7737138271331787
z0y624x144,10,A,False,2100,0.2920808792114258,20.076313018798828,0.7229836583137512,18.9849853515625,0.8036276698112488,0.04637235403060913,0.03428850695490837,0.014577478170394897,1.1909795999526978
z0y624x144,10,A,False,2150,0.29150572419166565,20.6722469329834,0.7523441910743713,18.99131202697754,0.7878043055534363,0.06219571828842163,0.03399338945746422,0.0005751550197601318,1.325760841369629
z0y624x144,10,A,False,2200,0.2742210626602173,21.11720085144043,0.7699868083000183,18.991724014282227,0.7899354100227356,0.060064613819122314,0.020148716866970062,0.017284661531448364,0.9744246602058411
z0y624x144,10,A,False,2250,0.24967262148857117,21.415239334106445,0.7938693165779114,18.99290657043457,0.7609217166900635,0.08907830715179443,0.027699073776602745,0.024548441171646118,0.7187894582748413
z0y624x144,10,A,False,2300,0.265166312456131,21.83119010925293,0.817638635635376,18.99879264831543,0.7768240571022034,0.07317596673965454,0.026736311614513397,0.015493690967559814,0.9177530407905579
z0y624x144,10,A,False,2350,0.2712457478046417,22.162443161010742,0.8462390899658203,19.006629943847656,0.7930732369422913,0.05692678689956665,0.03207114338874817,0.006079435348510742,0.902344286441803
z0y624x144,10,A,False,2400,0.2590821087360382,22.414108276367188,0.8592924475669861,19.00719451904297,0.7770341634750366,0.07296586036682129,0.014767423272132874,0.012163639068603516,0.6823717355728149
z0y624x144,10,A,False,2450,0.2592621147632599,22.553930282592773,0.8705359697341919,19.011022567749023,0.7793231010437012,0.07067692279815674,0.012578358873724937,0.0001800060272216797,0.3554673194885254
z0y624x144,10,A,False,2500,0.2510189116001129,22.859176635742188,0.8781050443649292,19.01055908203125,0.7715426087379456,0.07845741510391235,0.00855194590985775,0.008243203163146973,0.6680639386177063
z0y624x144,10,A,False,2550,0.24566394090652466,23.222204208374023,0.8890198469161987,19.01297378540039,0.7795981764793396,0.07040184736251831,0.012059679254889488,0.005354970693588257,0.8149591088294983
z0y624x144,10,A,False,2600,0.25428852438926697,23.5018253326416,0.907695472240448,19.016183853149414,0.7963249683380127,0.053675055503845215,0.020594753324985504,0.00862458348274231,0.6595959067344666
z0y624x144,10,A,False,2650,0.24441425502300262,23.67022705078125,0.9200112223625183,19.019752502441406,0.7739017009735107,0.07609832286834717,0.01392867136746645,0.009874269366264343,0.6565182209014893
z0y624x144,10,A,False,2700,0.2397143393754959,23.978059768676758,0.9382191896438599,19.028427124023438,0.7669597864151001,0.08304023742675781,0.020115399733185768,0.004699915647506714,0.6744624972343445
z0y624x144,10,A,False,2750,0.2534715235233307,24.059911727905273,0.9481464624404907,19.030147552490234,0.7936132550239563,0.05638676881790161,0.011056330054998398,0.013757184147834778,0.41095584630966187
z0y624x144,10,A,False,2800,0.24492429196834564,24.20351219177246,0.9549927115440369,19.03101921081543,0.7843338847160339,0.06566613912582397,0.007582722697407007,0.008547231554985046,0.553313672542572
z0y624x144,10,A,False,2850,0.2351609766483307,24.422624588012695,0.9627907276153564,19.031404495239258,0.7689165472984314,0.08108347654342651,0.00849159061908722,0.009763315320014954,0.46871185302734375
z0y624x144,10,A,False,2900,0.24761784076690674,24.676483154296875,0.965984582901001,19.034482955932617,0.7813104391098022,0.06868958473205566,0.00399308605119586,0.01245686411857605,0.5368587374687195
z0y624x144,10,A,False,2950,0.24280297756195068,24.88231086730957,0.9650241732597351,19.028888702392578,0.7770475745201111,0.07295244932174683,0.0013112310552969575,0.004814863204956055,0.42052870988845825
z0y624x144,10,A,False,2999,0.24203075468540192,25.0490665435791,0.9693810939788818,19.028223037719727,0.7797706127166748,0.0702294111251831,0.004917354788631201,0.0007722228765487671,0.40791305899620056
z0y624x144,11,A,True,0,0.7565906047821045,2.0100207328796387,0.0027684427332133055,8.699407577514648,0.7566679120063782,-0.006667912006378174,0.0027684427332133055,0.026206493377685547,0.017356282100081444
z0y624x144,11,A,True,50,1.9453662633895874,2.4739017486572266,0.029018033295869827,8.686263084411621,1.9467194080352783,-1.1967194080352783,0.028131363913416862,1.188775658607483,0.8037844896316528
z0y624x144,11,A,True,100,1.7309014797210693,3.057297945022583,0.03614555299282074,8.660818099975586,1.7392692565917969,-0.9892692565917969,0.008472984656691551,0.21446478366851807,1.0368382930755615
z0y624x144,11,A,True,150,1.3501877784729004,3.716162919998169,0.04365568608045578,8.637219429016113,1.453161358833313,-0.703161358833313,0.011161752976477146,0.38071370124816895,1.1911722421646118
z0y624x144,11,A,True,200,1.0305274724960327,4.1983723640441895,0.056659940630197525,8.587440490722656,1.339691162109375,-0.589691162109375,0.04257328435778618,0.3196603059768677,1.0914736986160278
z0y624x144,11,A,True,250,0.5754023194313049,4.398021697998047,0.09195925295352936,8.527070999145508,0.9895926713943481,-0.23959267139434814,0.05129189416766167,0.4551251530647278,0.7177866697311401
z0y624x144,11,A,True,300,0.45850297808647156,4.446852684020996,0.10716677457094193,8.497471809387207,0.9434238076210022,-0.1934238076210022,0.023147573694586754,0.11689934134483337,0.19624119997024536
z0y624x144,11,A,True,350,0.3847047984600067,4.440586566925049,0.11673355847597122,8.475723266601562,0.9338974952697754,-0.1838974952697754,0.016163308173418045,0.07379817962646484,0.06854431331157684
z0y624x144,11,A,True,400,0.3209720849990845,4.423839092254639,0.12136778235435486,8.464078903198242,0.869259238243103,-0.11925923824310303,0.009932353161275387,0.06373271346092224,0.051533617079257965
z0y624x144,11,A,True,450,0.2925510108470917,4.424672603607178,0.123886339366436,8.456459999084473,0.8703526854515076,-0.12035268545150757,0.008490117266774178,0.028421074151992798,0.04499422758817673
z0y624x144,11,A,True,500,0.25899627804756165,4.426676273345947,0.1263999193906784,8.447216987609863,0.8381435871124268,-0.08814358711242676,0.006775958929210901,0.03355473279953003,0.025536149740219116
z0y624x144,11,A,True,550,0.23771412670612335,4.429418087005615,0.1278248131275177,8.440971374511719,0.8375807404518127,-0.08758074045181274,0.006082246080040932,0.021282151341438293,0.032905977219343185
z0y624x144,11,A,True,600,0.2326536625623703,4.431262493133545,0.1295749545097351,8.438309669494629,0.8544501066207886,-0.10445010662078857,0.004428929183632135,0.005060464143753052,0.029258383437991142
z0y624x144,11,A,True,650,0.21405215561389923,4.422631740570068,0.1308542788028717,8.434490203857422,0.8363962173461914,-0.0863962173461914,0.003101046197116375,0.01860150694847107,0.050414033234119415
z0y624x144,11,A,True,700,0.19769133627414703,4.430772304534912,0.1315804272890091,8.430668830871582,0.8328608274459839,-0.08286082744598389,0.0042367069981992245,0.016360819339752197,0.050395168364048004
z0y624x144,11,A,True,750,0.1739448755979538,4.433112621307373,0.13070109486579895,8.429278373718262,0.8285818099975586,-0.0785818099975586,0.0027172856498509645,0.023746460676193237,0.04020800441503525
z0y624x144,11,A,True,800,0.16816382110118866,4.440377712249756,0.13063457608222961,8.427192687988281,0.8234758377075195,-0.07347583770751953,0.0027982331812381744,0.005781054496765137,0.03783027082681656
z0y624x144,11,A,True,850,0.1505635529756546,4.430235862731934,0.13003993034362793,8.426729202270508,0.8116202354431152,-0.061620235443115234,0.002745047677308321,0.017600268125534058,0.027728833258152008
z0y624x144,11,A,True,900,0.14594177901744843,4.434906005859375,0.12947474420070648,8.42568588256836,0.8239105343818665,-0.07391053438186646,0.0017122552962973714,0.004621773958206177,0.01250450685620308
z0y624x144,11,A,True,950,0.1344461739063263,4.424576282501221,0.12865321338176727,8.426613807678223,0.8302730917930603,-0.0802730917930603,0.0015145500656217337,0.011495605111122131,0.020037148147821426
z0y624x144,11,A,True,1000,0.12749701738357544,4.42757511138916,0.1287282556295395,8.42568588256836,0.8214534521102905,-0.07145345211029053,0.0014281902695074677,0.0069491565227508545,0.015474434942007065
z0y624x144,11,A,True,1050,0.12186691164970398,4.4242634773254395,0.12763848900794983,8.426729202270508,0.8261876106262207,-0.0761876106262207,0.0018373579951003194,0.00563010573387146,0.006023849360644817
z0y624x144,11,A,True,1100,0.11046172678470612,4.419055938720703,0.1266399472951889,8.427656173706055,0.8157141208648682,-0.06571412086486816,0.001411546254530549,0.011405184864997864,0.013542027212679386
z0y624x144,11,A,True,1150,0.10559827834367752,4.420706272125244,0.12667939066886902,8.427656173706055,0.8167438507080078,-0.06674385070800781,0.0014338442124426365,0.004863448441028595,0.00489869574084878
z0y624x144,11,A,True,1200,0.09937825798988342,4.419147491455078,0.12566325068473816,8.427887916564941,0.8315185308456421,-0.08151853084564209,0.0013871866976842284,0.006220020353794098,0.003961231559514999
z0y624x144,11,A,True,1250,0.09067472815513611,4.415178298950195,0.12387610971927643,8.429046630859375,0.8394138216972351,-0.08941382169723511,0.002360147889703512,0.008703529834747314,0.017955545336008072
z0y624x144,11,A,True,1300,0.08719278872013092,4.413733005523682,0.12394461780786514,8.427656173706055,0.8040318489074707,-0.0540318489074707,0.001241811434738338,0.003481939435005188,0.012930650264024734
z0y624x144,11,A,True,1350,0.08212663978338242,4.409117221832275,0.12339611351490021,8.428467750549316,0.8116726875305176,-0.06167268753051758,0.0009369645267724991,0.005066148936748505,0.017240848392248154
z0y624x144,11,A,True,1400,0.07691401988267899,4.407641410827637,0.1223297044634819,8.429394721984863,0.8194094896316528,-0.06940948963165283,0.001941767055541277,0.00521261990070343,0.010065820068120956
z0y624x144,11,A,True,1450,0.0720861405134201,4.4028167724609375,0.12118316441774368,8.430784225463867,0.8295899033546448,-0.07958990335464478,0.001819322700612247,0.004827879369258881,0.016478270292282104
z0y624x144,11,A,True,1500,0.06676384061574936,4.397922515869141,0.12069163471460342,8.431015968322754,0.8112384676933289,-0.06123846769332886,0.0023802854120731354,0.005322299897670746,0.009395373985171318
z0y624x144,11,A,True,1550,0.06513337045907974,4.401414394378662,0.11997772753238678,8.431015968322754,0.8195134997367859,-0.06951349973678589,0.0013794706901535392,0.0016304701566696167,0.016883887350559235
z0y624x144,11,A,True,1600,0.06443897634744644,4.405162811279297,0.11990649998188019,8.430437088012695,0.8146150708198547,-0.06461507081985474,0.0015534438425675035,0.0006943941116333008,0.0078101204708218575
z0y624x144,11,A,True,1650,0.06398981809616089,4.406022548675537,0.11994770914316177,8.429278373718262,0.8170028328895569,-0.06700283288955688,0.0017722091870382428,0.000449158251285553,0.006798726040869951
z0y624x144,11,A,True,1700,0.06214180961251259,4.405957221984863,0.11935655027627945,8.428699493408203,0.8076226711273193,-0.057622671127319336,0.0016149826114997268,0.0018480084836483002,0.008012712933123112
z0y624x144,11,A,True,1750,0.06195363774895668,4.406130313873291,0.11881405115127563,8.430205345153809,0.8023145198822021,-0.05231451988220215,0.0007315471302717924,0.0001881718635559082,0.007264519110321999
z0y624x144,11,A,True,1800,0.0628981962800026,4.41267728805542,0.11963961273431778,8.428351402282715,0.7952783107757568,-0.045278310775756836,0.0017711701802909374,0.0009445585310459137,0.013558292761445045
z0y624x144,11,A,True,1850,0.061715107411146164,4.413476467132568,0.11892896145582199,8.429046630859375,0.7709784507751465,-0.020978450775146484,0.0012876567197963595,0.00118308886885643,0.004327649250626564
z0y624x144,11,A,True,1900,0.06248076632618904,4.4157257080078125,0.11799189448356628,8.430668830871582,0.7757477164268494,-0.025747716426849365,0.0014908000594004989,0.0007656589150428772,0.010658837854862213
z0y624x144,11,A,True,1950,0.06411729753017426,4.422515392303467,0.11756856739521027,8.430668830871582,0.7803075909614563,-0.0303075909614563,0.002542549278587103,0.0016365312039852142,0.016759028658270836
z0y624x144,11,A,True,2000,0.06698840856552124,4.424829483032227,0.11741738021373749,8.431594848632812,0.7709572911262512,-0.02095729112625122,0.0015354998176917434,0.002871111035346985,0.005990025587379932
z0y624x144,11,A,True,2050,0.0665479376912117,4.420840740203857,0.11690206825733185,8.434026718139648,0.7575387954711914,-0.007538795471191406,0.00068681500852108,0.0004404708743095398,0.010044099763035774
z0y624x144,11,A,True,2100,0.06863758713006973,4.426146030426025,0.11647769063711166,8.433564186096191,0.767896831035614,-0.017896831035614014,0.0013757895212620497,0.0020896494388580322,0.009749772027134895
z0y624x144,11,A,True,2150,0.06873665004968643,4.428959369659424,0.11646212637424469,8.434258460998535,0.775194525718689,-0.025194525718688965,0.0013719816925004125,9.906291961669922e-05,0.010502333752810955
z0y624x144,11,A,True,2200,0.0683533251285553,4.429576396942139,0.11685532331466675,8.433564186096191,0.7789158225059509,-0.028915822505950928,0.0005646267673000693,0.00038332492113113403,0.005691458471119404
z0y624x144,11,A,True,2250,0.06808028370141983,4.429502010345459,0.11708366870880127,8.433332443237305,0.7765133380889893,-0.026513338088989258,0.00206036027520895,0.00027304142713546753,0.011766997165977955
z0y624x144,11,A,True,2300,0.07162237912416458,4.435834884643555,0.11655335873365402,8.434490203857422,0.7621734142303467,-0.01217341423034668,0.0017101080156862736,0.003542095422744751,0.0132443243637681
z0y624x144,11,A,True,2350,0.07217594981193542,4.431207180023193,0.11593519896268845,8.435300827026367,0.7693420648574829,-0.01934206485748291,0.002875697333365679,0.0005535706877708435,0.01747078448534012
z0y624x144,11,A,True,2400,0.07759363949298859,4.4350152015686035,0.11541224271059036,8.438078880310059,0.782672107219696,-0.032672107219696045,0.0007538926438428462,0.005417689681053162,0.022218061611056328
z0y624x144,11,A,True,2450,0.07992705702781677,4.438451290130615,0.11442746967077255,8.440971374511719,0.759467363357544,-0.009467363357543945,0.0013588463189080358,0.002333417534828186,0.012445689179003239
z0y624x144,11,A,True,2500,0.07903122156858444,4.4478325843811035,0.11269751936197281,8.444904327392578,0.7715474963188171,-0.02154749631881714,0.001958184875547886,0.0008958354592323303,0.024164261296391487
z0y624x144,11,A,True,2550,0.07565922290086746,4.439518451690674,0.11217792332172394,8.44629192352295,0.7679435014724731,-0.017943501472473145,0.0020354511216282845,0.00337199866771698,0.01866092160344124
z0y624x144,11,A,True,2600,0.07169658690690994,4.430801868438721,0.11099782586097717,8.448257446289062,0.7566148042678833,-0.006614804267883301,0.003091931575909257,0.0039626359939575195,0.015618978999555111
z0y624x144,11,A,True,2650,0.07377549260854721,4.432624816894531,0.11010248959064484,8.450799942016602,0.7597684860229492,-0.009768486022949219,0.0015905961627140641,0.002078905701637268,0.004621254280209541
z0y624x144,11,A,True,2700,0.0741005688905716,4.4289164543151855,0.10850753635168076,8.453688621520996,0.7599596977233887,-0.009959697723388672,0.0024540098384022713,0.00032507628202438354,0.009865124709904194
z0y624x144,11,A,True,2750,0.07328706979751587,4.429405212402344,0.10856712609529495,8.455535888671875,0.7698959112167358,-0.01989591121673584,0.001266393344849348,0.0008134990930557251,0.007450091186910868
z0y624x144,11,A,True,2800,0.07686752080917358,4.439298629760742,0.10841702669858932,8.454265594482422,0.7718912363052368,-0.021891236305236816,0.0036645345389842987,0.003580451011657715,0.01872389204800129
z0y624x144,11,A,True,2850,0.07857846468687057,4.445113658905029,0.10824492573738098,8.451608657836914,0.764682412147522,-0.014682412147521973,0.00280389585532248,0.001710943877696991,0.016395846381783485
z0y624x144,11,A,True,2900,0.08034442365169525,4.449519157409668,0.10792766511440277,8.454034805297852,0.7712662816047668,-0.021266281604766846,0.0009101791074499488,0.0017659589648246765,0.029435202479362488
z0y624x144,11,A,True,2950,0.08063554763793945,4.4531378746032715,0.10808444768190384,8.454150199890137,0.7605036497116089,-0.010503649711608887,0.0007056777249090374,0.00029112398624420166,0.012928557582199574
z0y624x144,11,A,True,2999,0.08502417802810669,4.456692218780518,0.10800621658563614,8.45542049407959,0.7844399213790894,-0.034439921379089355,0.0034886361099779606,0.004388630390167236,0.016576265916228294
z0y624x144,12,A,True,0,0.7484017014503479,2.010024070739746,0.0027684427332133055,7.154543876647949,0.749556839466095,0.13933205604553223,0.0027684427332133055,0.026030242443084717,0.01736219972372055
z0y624x144,12,A,True,50,1.6782056093215942,2.427419900894165,0.03355499729514122,7.190352916717529,1.7072943449020386,-0.8184054493904114,0.03418254479765892,0.9298039078712463,0.7231128215789795
z0y624x144,12,A,True,100,1.2781965732574463,2.7290542125701904,0.0590088926255703,7.249865531921387,1.3321434259414673,-0.4432545304298401,0.04399729520082474,0.40000903606414795,0.5530754923820496
z0y624x144,12,A,True,150,1.2352502346038818,3.1376030445098877,0.09378701448440552,7.279036521911621,1.4262930154800415,-0.5374041199684143,0.049540113657712936,0.04294633865356445,0.8205706477165222
z0y624x144,12,A,True,200,0.8840716481208801,3.4192895889282227,0.12852738797664642,7.269639492034912,1.3294249773025513,-0.4405360817909241,0.04200446605682373,0.3511785864830017,0.7812590003013611
z0y624x144,12,A,True,250,0.44727015495300293,3.4731576442718506,0.13304802775382996,7.250134468078613,1.0388797521591187,-0.14999085664749146,0.011856503784656525,0.4368014931678772,0.3744223415851593
z0y624x144,12,A,True,300,0.32827165722846985,3.475691795349121,0.13447538018226624,7.248383522033691,0.9093458652496338,-0.020456969738006592,0.002142773475497961,0.11899849772453308,0.16473765671253204
z0y624x144,12,A,True,350,0.2992967963218689,3.512662649154663,0.1333433985710144,7.246901512145996,0.9000986218452454,-0.011209726333618164,0.0016688373871147633,0.028974860906600952,0.12986084818840027
z0y624x144,12,A,True,400,0.2865675985813141,3.5572144985198975,0.1330079436302185,7.2487874031066895,0.8829346299171448,0.005954265594482422,0.003997606225311756,0.01272919774055481,0.13048191368579865
z0y624x144,12,A,True,450,0.2744455337524414,3.6018073558807373,0.13435961306095123,7.254039764404297,0.885573148727417,0.003315746784210205,0.006302241235971451,0.01212206482887268,0.13122102618217468
z0y624x144,12,A,True,500,0.259365439414978,3.6411168575286865,0.13606132566928864,7.259019374847412,0.8697878122329712,0.019101083278656006,0.0045660571195185184,0.015080094337463379,0.1097896471619606
z0y624x144,12,A,True,550,0.23961502313613892,3.6675446033477783,0.1388874053955078,7.2686991691589355,0.8442389965057373,0.04464989900588989,0.008334795013070107,0.01975041627883911,0.07180620729923248
z0y624x144,12,A,True,600,0.23854801058769226,3.7139241695404053,0.14112243056297302,7.274205207824707,0.8740479350090027,0.014840960502624512,0.005209224298596382,0.0010670125484466553,0.10872971266508102
z0y624x144,12,A,True,650,0.23077771067619324,3.754624366760254,0.14562658965587616,7.280243873596191,0.8805251121520996,0.008363783359527588,0.007685406133532524,0.0077702999114990234,0.09328710287809372
z0y624x144,12,A,True,700,0.22068282961845398,3.7934529781341553,0.14956192672252655,7.2845354080200195,0.8829348087310791,0.005954086780548096,0.005945620127022266,0.010094881057739258,0.09482277929782867
z0y624x144,12,A,True,750,0.19916903972625732,3.815704584121704,0.15183837711811066,7.287081718444824,0.8825124502182007,0.006376445293426514,0.004155753180384636,0.021513789892196655,0.0550689771771431
z0y624x144,12,A,True,800,0.16876082122325897,3.822445869445801,0.15601235628128052,7.293109893798828,0.8527488112449646,0.0361400842666626,0.005706405732780695,0.030408218502998352,0.04975169897079468
z0y624x144,12,A,True,850,0.15003839135169983,3.8357770442962646,0.15938231348991394,7.298731803894043,0.8274897336959839,0.06139916181564331,0.006275830790400505,0.018722429871559143,0.04560723900794983
z0y624x144,12,A,True,900,0.13790087401866913,3.8431053161621094,0.1623242050409317,7.301005840301514,0.8621808290481567,0.02670806646347046,0.0036527912598103285,0.0121375173330307,0.0238310806453228
z0y624x144,12,A,True,950,0.1287795752286911,3.8633079528808594,0.16579881310462952,7.304215431213379,0.842576801776886,0.04631209373474121,0.004362554755061865,0.009121298789978027,0.045559488236904144
z0y624x144,12,A,True,1000,0.11799047887325287,3.8778350353240967,0.16708460450172424,7.302744388580322,0.8366731405258179,0.052215754985809326,0.0022879312746226788,0.010789096355438232,0.036205191165208817
z0y624x144,12,A,True,1050,0.1058449074625969,3.88385009765625,0.1682485193014145,7.300872325897217,0.8216531276702881,0.06723576784133911,0.0020672455430030823,0.012145571410655975,0.014737291261553764
z0y624x144,12,A,True,1100,0.09841804206371307,3.888805389404297,0.16846425831317902,7.295921325683594,0.8075219392776489,0.08136695623397827,0.0008593574166297913,0.00742686539888382,0.017854982987046242
z0y624x144,12,A,True,1150,0.08995603024959564,3.887263298034668,0.16817213594913483,7.2893595695495605,0.8000999689102173,0.08878892660140991,0.001029855222441256,0.008462011814117432,0.008547677658498287
z0y624x144,12,A,True,1200,0.08786380290985107,3.8977441787719727,0.1689453274011612,7.2845354080200195,0.832385778427124,0.056503117084503174,0.000904083251953125,0.002092227339744568,0.021600278094410896
z0y624x144,12,A,True,1250,0.08238508552312851,3.8998358249664307,0.1691598892211914,7.2793049812316895,0.8214155435562134,0.06747335195541382,0.0010145660489797592,0.005478717386722565,0.011079126037657261
z0y624x144,12,A,True,1300,0.07557854056358337,3.8992435932159424,0.16757753491401672,7.272057056427002,0.7882205843925476,0.10066831111907959,0.0016626304714009166,0.0068065449595451355,0.00647769495844841
z0y624x144,12,A,True,1350,0.07289554178714752,3.9048070907592773,0.16633962094783783,7.263995170593262,0.7998781204223633,0.08901077508926392,0.0012999781174585223,0.002682998776435852,0.010714295320212841
z0y624x144,12,A,True,1400,0.07101152837276459,3.9079437255859375,0.16571663320064545,7.256328105926514,0.7929267883300781,0.09596210718154907,0.0006338369566947222,0.0018840134143829346,0.008196676149964333
z0y624x144,12,A,True,1450,0.06891544163227081,3.907419443130493,0.1635388284921646,7.245284080505371,0.791199266910553,0.09768962860107422,0.002819422632455826,0.0020960867404937744,0.017186231911182404
z0y624x144,12,A,True,1500,0.0717274397611618,3.9187190532684326,0.16146893799304962,7.23678731918335,0.8015578985214233,0.08733099699020386,0.002288389252498746,0.002811998128890991,0.019654151052236557
z0y624x144,12,A,True,1550,0.06902424991130829,3.9177463054656982,0.1614341288805008,7.229496955871582,0.7876652479171753,0.1012236475944519,0.0014085068833082914,0.0027031898498535156,0.011909540742635727
z0y624x144,12,A,True,1600,0.06593168526887894,3.9211995601654053,0.15909874439239502,7.220170497894287,0.7884424924850464,0.10044640302658081,0.0027127969078719616,0.003092564642429352,0.014379734173417091
z0y624x144,12,A,True,1650,0.06535826623439789,3.9262866973876953,0.15644486248493195,7.208664417266846,0.7777746319770813,0.1111142635345459,0.003307701088488102,0.0005734190344810486,0.009072404354810715
z0y624x144,12,A,True,1700,0.06459389626979828,3.933896064758301,0.15386806428432465,7.196732997894287,0.7569258213043213,0.1319630742073059,0.0040155136957764626,0.0007643699645996094,0.02220119908452034
z0y624x144,12,A,True,1750,0.06706087291240692,3.9481868743896484,0.15193071961402893,7.188315391540527,0.763678789138794,0.12521010637283325,0.0028621950186789036,0.0024669766426086426,0.024910330772399902
z0y624x144,12,A,True,1800,0.06952726095914841,3.9594905376434326,0.1504320502281189,7.179615020751953,0.7693936824798584,0.1194952130317688,0.002152250148355961,0.0024663880467414856,0.02345339208841324
z0y624x144,12,A,True,1850,0.06585747748613358,3.9641501903533936,0.14890065789222717,7.171176910400391,0.7456990480422974,0.14318984746932983,0.003308035433292389,0.0036697834730148315,0.014735481701791286
z0y624x144,12,A,True,1900,0.06692960858345032,3.9804515838623047,0.14793887734413147,7.163001537322998,0.7334537506103516,0.15543514490127563,0.0027614824939519167,0.001072131097316742,0.029402725398540497
z0y624x144,12,A,True,1950,0.06705955415964127,3.990694046020508,0.1463802009820938,7.157955646514893,0.7489997148513794,0.1398891806602478,0.0026854060124605894,0.00012994557619094849,0.03225331753492355
z0y624x144,12,A,True,2000,0.06814748793840408,4.001516342163086,0.14447975158691406,7.151540279388428,0.7264039516448975,0.16248494386672974,0.0033286726102232933,0.0010879337787628174,0.025887297466397285
z0y624x144,12,A,True,2050,0.07277366518974304,4.024428844451904,0.14277851581573486,7.145392894744873,0.7330195307731628,0.15586936473846436,0.0025397203862667084,0.004626177251338959,0.04429648071527481
z0y624x144,12,A,True,2100,0.0731276199221611,4.037513732910156,0.1417056769132614,7.140060901641846,0.7437783479690552,0.14511054754257202,0.0027357735671103,0.0003539547324180603,0.024386592209339142
z0y624x144,12,A,True,2150,0.0729292705655098,4.051867961883545,0.14105817675590515,7.138009071350098,0.738898515701294,0.14999037981033325,0.001292095985263586,0.00019834935665130615,0.04225747287273407
z0y624x144,12,A,True,2200,0.0719199925661087,4.072513103485107,0.14103089272975922,7.1360931396484375,0.7363018989562988,0.15258699655532837,0.001430140109732747,0.0010092779994010925,0.045913077890872955
z0y624x144,12,A,True,2250,0.07436444610357285,4.093908786773682,0.1401025503873825,7.1329450607299805,0.7461472749710083,0.1427416205406189,0.002694224240258336,0.002444453537464142,0.047619085758924484
z0y624x144,12,A,True,2300,0.08033736050128937,4.111949920654297,0.14004383981227875,7.130069255828857,0.7426482439041138,0.14624065160751343,0.0023422271478921175,0.005972914397716522,0.03464948385953903
z0y624x144,12,A,True,2350,0.08398177474737167,4.128456115722656,0.1389104276895523,7.125136852264404,0.7532315254211426,0.13565737009048462,0.003858688287436962,0.003644414246082306,0.03638501837849617
z0y624x144,12,A,True,2400,0.08253247290849686,4.143488883972168,0.13825403153896332,7.121024131774902,0.7562425136566162,0.132646381855011,0.0032942313700914383,0.001449301838874817,0.03928428888320923
z0y624x144,12,A,True,2450,0.08375982195138931,4.15996789932251,0.13577643036842346,7.113065719604492,0.7379591464996338,0.1509297490119934,0.005492820870131254,0.001227349042892456,0.04220299795269966
z0y624x144,12,A,True,2500,0.08107152581214905,4.173227787017822,0.13497920334339142,7.1046857833862305,0.7561215162277222,0.13276737928390503,0.006592442747205496,0.002688296139240265,0.04830928146839142
z0y624x144,12,A,True,2550,0.09084243327379227,4.196348667144775,0.13388128578662872,7.101799011230469,0.7699402570724487,0.11894863843917847,0.0032273803371936083,0.009770907461643219,0.05723636597394943
z0y624x144,12,A,True,2600,0.09141796827316284,4.209920883178711,0.13163864612579346,7.0971221923828125,0.7560874223709106,0.13280147314071655,0.0035875944886356592,0.000575534999370575,0.044472817331552505
z0y624x144,12,A,True,2650,0.08192752301692963,4.216061115264893,0.13071630895137787,7.096709251403809,0.7417484521865845,0.14714044332504272,0.0013974293833598495,0.009490445256233215,0.023150494322180748
z0y624x144,12,A,True,2700,0.07861310988664627,4.244620323181152,0.1306663155555725,7.090514183044434,0.7438254356384277,0.14506345987319946,0.0058043347671628,0.0033144131302833557,0.06771162152290344
z0y624x144,12,A,True,2750,0.0796343982219696,4.263612270355225,0.12834139168262482,7.086794376373291,0.7508628964424133,0.13802599906921387,0.0027732430025935173,0.0010212883353233337,0.05667020007967949
z0y624x144,12,A,True,2800,0.07941488921642303,4.2728424072265625,0.12673985958099365,7.082245826721191,0.7527014017105103,0.13618749380111694,0.0032902355305850506,0.00021950900554656982,0.04311951994895935
z0y624x144,12,A,True,2850,0.07933655381202698,4.3037238121032715,0.1280413269996643,7.078383922576904,0.7514275908470154,0.13746130466461182,0.0040784538723528385,7.833540439605713e-05,0.0762263685464859
z0y624x144,12,A,True,2900,0.08110567182302475,4.324376583099365,0.12615300714969635,7.077693939208984,0.7566714286804199,0.13221746683120728,0.0019315519602969289,0.0017691180109977722,0.0507277250289917
z0y624x144,12,A,True,2950,0.07709860056638718,4.332625865936279,0.1253810077905655,7.076866149902344,0.7314422130584717,0.15744668245315552,0.001168076298199594,0.004007071256637573,0.021999306976795197
z0y624x144,12,A,True,2999,0.08178572356700897,4.357901096343994,0.12340812385082245,7.073415279388428,0.7583650350570679,0.13052386045455933,0.002568866591900587,0.004687123000621796,0.057607751339673996
z0y624x144,13,A,True,0,0.7456293702125549,2.010023355484009,0.0027712122537195683,14.8316068649292,0.7456286549568176,0.09881579875946045,0.0027712122537195683,0.025956332683563232,0.01736137457191944
z0y624x144,13,A,True,50,1.388484001159668,2.321713447570801,0.045558128505945206,14.802871704101562,1.3882189989089966,-0.5437745451927185,0.043279338628053665,0.642854630947113,0.5422574877738953
z0y624x144,13,A,True,100,1.7596484422683716,2.876638412475586,0.10567671805620193,14.723891258239746,1.7584682703018188,-0.9140238165855408,0.0617295578122139,0.3711644411087036,0.9613435864448547
z0y624x144,13,A,True,150,1.4075137376785278,3.6861274242401123,0.1668751835823059,14.701556205749512,1.4078196287155151,-0.5633751749992371,0.061614178121089935,0.35213470458984375,1.4337544441223145
z0y624x144,13,A,True,200,1.3778326511383057,4.925516128540039,0.25340309739112854,14.72601318359375,1.4048950672149658,-0.5604506134986877,0.0985323116183281,0.029681086540222168,2.1917622089385986
z0y624x144,13,A,True,250,1.1419836282730103,6.099733829498291,0.3237384557723999,14.774641990661621,1.2181929349899292,-0.3737484812736511,0.08398175239562988,0.2358490228652954,2.3076915740966797
z0y624x144,13,A,True,300,0.931726336479187,7.202199935913086,0.37245944142341614,14.823373794555664,1.0331915616989136,-0.1887471079826355,0.06295713782310486,0.21025729179382324,2.30671763420105
z0y624x144,13,A,True,350,0.7911268472671509,8.104521751403809,0.4061756134033203,14.856573104858398,0.9006325006484985,-0.05618804693222046,0.04063266143202782,0.14059948921203613,1.7949893474578857
z0y624x144,13,A,True,400,0.6998862028121948,8.792481422424316,0.43215152621269226,14.888911247253418,0.8130128979682922,0.03143155574798584,0.034756530076265335,0.09124064445495605,1.3450334072113037
z0y624x144,13,A,True,450,0.7288379669189453,9.368992805480957,0.4550616145133972,14.914862632751465,0.8520469069480896,-0.0076024532318115234,0.030287224799394608,0.02895176410675049,1.0416492223739624
z0y624x144,13,A,True,500,0.6504811644554138,9.715917587280273,0.47316715121269226,14.94102954864502,0.7799710035324097,0.06447345018386841,0.027293935418128967,0.0783568024635315,0.6694448590278625
z0y624x144,13,A,True,550,0.6292113065719604,10.020747184753418,0.4887659251689911,14.95755672454834,0.7639262080192566,0.08051824569702148,0.020234685391187668,0.02126985788345337,0.684263288974762
z0y624x144,13,A,True,600,0.6256024837493896,10.325519561767578,0.5027124881744385,14.973088264465332,0.7701131701469421,0.07433128356933594,0.018402863293886185,0.0036088228225708008,0.641166090965271
z0y624x144,13,A,True,650,0.6033430099487305,10.523048400878906,0.5123798251152039,14.98342227935791,0.7456030249595642,0.09884142875671387,0.012460004538297653,0.02225947380065918,0.47430989146232605
z0y624x144,13,A,True,700,0.5729259848594666,10.7330322265625,0.5231480598449707,14.997851371765137,0.7258275151252747,0.11861693859100342,0.016392940655350685,0.030417025089263916,0.44173938035964966
z0y624x144,13,A,True,750,0.5845673680305481,10.900860786437988,0.5351736545562744,15.011941909790039,0.742423415184021,0.10202103853225708,0.01705191284418106,0.011641383171081543,0.3905922770500183
z0y624x144,13,A,True,800,0.5879071354866028,11.085627555847168,0.5463618636131287,15.024199485778809,0.749203085899353,0.09524136781692505,0.015352956019341946,0.0033397674560546875,0.5204505324363708
z0y624x144,13,A,True,850,0.5814632177352905,11.226832389831543,0.5537903308868408,15.034303665161133,0.7397405505180359,0.10470390319824219,0.0104252640157938,0.006443917751312256,0.46467849612236023
z0y624x144,13,A,True,900,0.5439727306365967,11.340910911560059,0.5607990622520447,15.040277481079102,0.7076881527900696,0.1367563009262085,0.00921793282032013,0.03749048709869385,0.3172549903392792
z0y624x144,13,A,True,950,0.6056134700775146,11.479926109313965,0.5686694979667664,15.047353744506836,0.7772490382194519,0.06719541549682617,0.010456063784658909,0.06164073944091797,0.4238673150539398
z0y624x144,13,A,True,1000,0.5521686673164368,11.608405113220215,0.575458824634552,15.054393768310547,0.7333576679229736,0.11108678579330444,0.010223079472780228,0.05344480276107788,0.3889276385307312
z0y624x144,13,A,True,1050,0.5606474876403809,11.79885482788086,0.5807650685310364,15.058446884155273,0.7385968565940857,0.10584759712219238,0.006162223406136036,0.008478820323944092,0.5354544520378113
z0y624x144,13,A,True,1100,0.5526902675628662,11.962727546691895,0.5862604379653931,15.062370300292969,0.7345020174980164,0.10994243621826172,0.006788075435906649,0.007957220077514648,0.3901910185813904
z0y624x144,13,A,True,1150,0.5857261419296265,12.133827209472656,0.5888009667396545,15.061656951904297,0.7720263600349426,0.07241809368133545,0.002891511656343937,0.033035874366760254,0.5032946467399597
z0y624x144,13,A,True,1200,0.5683069825172424,12.300140380859375,0.5952928066253662,15.067459106445312,0.7549119591712952,0.08953249454498291,0.008973435498774052,0.017419159412384033,0.3168259859085083
z0y624x144,13,A,True,1250,0.5314186811447144,12.409810066223145,0.6000760793685913,15.07274055480957,0.7163283824920654,0.12811607122421265,0.005819935817271471,0.036888301372528076,0.36369043588638306
z0y624x144,13,A,True,1300,0.535620927810669,12.524827003479004,0.5968562960624695,15.072481155395508,0.7242000699043274,0.12024438381195068,0.006042830180376768,0.00420224666595459,0.2341931015253067
z0y624x144,13,A,True,1350,0.5638819336891174,12.691387176513672,0.5924755930900574,15.069564819335938,0.7608634233474731,0.08358103036880493,0.009621979668736458,0.028261005878448486,0.4169825613498688
z0y624x144,13,A,True,1400,0.5421669483184814,12.801372528076172,0.5900276899337769,15.068657875061035,0.7461616396903992,0.0982828140258789,0.006017410662025213,0.021714985370635986,0.3221820890903473
z0y624x144,13,A,True,1450,0.5418660044670105,13.012808799743652,0.5943445563316345,15.070893287658691,0.745672345161438,0.09877210855484009,0.004781466908752918,0.00030094385147094727,0.4644393026828766
z0y624x144,13,A,True,1500,0.5306373238563538,13.036295890808105,0.5929645895957947,15.070828437805176,0.7351294159889221,0.10931503772735596,0.004347767680883408,0.011228680610656738,0.22454826533794403
z0y624x144,13,A,True,1550,0.529900848865509,13.196135520935059,0.5912747383117676,15.071444511413574,0.7386564016342163,0.10578805208206177,0.00818480085581541,0.0007364749908447266,0.2959202527999878
z0y624x144,13,A,True,1600,0.5235446691513062,13.254325866699219,0.5928782820701599,15.074716567993164,0.7346326112747192,0.10981184244155884,0.0041580903343856335,0.006356179714202881,0.17901822924613953
z0y624x144,13,A,True,1650,0.5016607046127319,13.337646484375,0.5894344449043274,15.074295043945312,0.7200210690498352,0.12442338466644287,0.00828584749251604,0.02188396453857422,0.23408183455467224
z0y624x144,13,A,True,1700,0.4990620017051697,13.318473815917969,0.5873103737831116,15.075104713439941,0.7102977633476257,0.13414669036865234,0.010115058161318302,0.002598702907562256,0.338157594203949
z0y624x144,13,A,True,1750,0.5106369256973267,13.404175758361816,0.5849700570106506,15.073063850402832,0.7268129587173462,0.11763149499893188,0.00747574120759964,0.011574923992156982,0.18155154585838318
z0y624x144,13,A,True,1800,0.5010475516319275,13.402623176574707,0.5836175680160522,15.072092056274414,0.7260931730270386,0.1183512806892395,0.005715559236705303,0.00958937406539917,0.14175549149513245
z0y624x144,13,A,True,1850,0.4833543300628662,13.370524406433105,0.5838985443115234,15.072837829589844,0.7094950079917908,0.1349494457244873,0.003457323182374239,0.01769322156906128,0.08013825118541718
z0y624x144,13,A,True,1900,0.5149617791175842,13.408503532409668,0.5844529867172241,15.07526683807373,0.7542760968208313,0.09016835689544678,0.006013805512338877,0.03160744905471802,0.15556937456130981
z0y624x144,13,A,True,1950,0.4810453951358795,13.472128868103027,0.5842406749725342,15.07750129699707,0.7294467091560364,0.1149977445602417,0.005761606153100729,0.03391638398170471,0.12616537511348724
z0y624x144,13,A,True,2000,0.463740736246109,13.44233226776123,0.5864967703819275,15.081225395202637,0.7134616374969482,0.13098281621932983,0.005226981360465288,0.017304658889770508,0.08579229563474655
z0y624x144,13,A,True,2050,0.48741939663887024,13.488020896911621,0.587525486946106,15.079865455627441,0.7467916011810303,0.0976528525352478,0.001228707260452211,0.02367866039276123,0.12839236855506897
z0y624x144,13,A,True,2100,0.46416473388671875,13.516948699951172,0.5858220458030701,15.078797340393066,0.7259591221809387,0.11848533153533936,0.003523352090269327,0.02325466275215149,0.07352957874536514
z0y624x144,13,A,True,2150,0.47892558574676514,13.538949012756348,0.5831575393676758,15.07954216003418,0.7510610222816467,0.09338343143463135,0.008753732778131962,0.014760851860046387,0.06648584455251694
z0y624x144,13,A,True,2200,0.45794421434402466,13.55102252960205,0.5791523456573486,15.077760696411133,0.7307301163673401,0.11371433734893799,0.009158976376056671,0.02098137140274048,0.04975026845932007
z0y624x144,13,A,True,2250,0.4487316310405731,13.554878234863281,0.5810564756393433,15.079153060913086,0.7232967019081116,0.1211477518081665,0.0036349783185869455,0.009212583303451538,0.2295643836259842
z0y624x144,13,A,True,2300,0.4657938480377197,13.63377857208252,0.5838084816932678,15.08038330078125,0.7427763938903809,0.10166805982589722,0.004338345490396023,0.017062216997146606,0.20425236225128174
z0y624x144,13,A,True,2350,0.43017587065696716,13.692309379577637,0.5826505422592163,15.079995155334473,0.6990956664085388,0.14534878730773926,0.003195152385160327,0.035617977380752563,0.18357284367084503
z0y624x144,13,A,True,2400,0.4501163065433502,13.799485206604004,0.5837779641151428,15.078505516052246,0.7373209595680237,0.1071234941482544,0.002363439416512847,0.019940435886383057,0.24418993294239044
z0y624x144,13,A,True,2450,0.4444473087787628,13.818370819091797,0.5860916376113892,15.080642700195312,0.7372187376022339,0.10722571611404419,0.0052002472802996635,0.005668997764587402,0.08609288930892944
z0y624x144,13,A,True,2500,0.43797263503074646,13.900592803955078,0.5859597325325012,15.081645965576172,0.7346860766410828,0.10975837707519531,0.0031768984626978636,0.006474673748016357,0.1779637634754181
z0y624x144,13,A,True,2550,0.43170270323753357,13.969032287597656,0.5864749550819397,15.080545425415039,0.7367501854896545,0.10769426822662354,0.005133181810379028,0.006269931793212891,0.21643561124801636
z0y624x144,13,A,True,2600,0.41686272621154785,14.001853942871094,0.5882255434989929,15.081808090209961,0.7127281427383423,0.1317163109779358,0.002103318925946951,0.014839977025985718,0.25282514095306396
z0y624x144,13,A,True,2650,0.4269711673259735,14.029422760009766,0.5872339606285095,15.081257820129395,0.7178400754928589,0.1266043782234192,0.001818452961742878,0.01010844111442566,0.08238675445318222
z0y624x144,13,A,True,2700,0.42925095558166504,14.093146324157715,0.5866416692733765,15.078893661499023,0.7284221053123474,0.11602234840393066,0.0019147993298247457,0.0022797882556915283,0.22992846369743347
z0y624x144,13,A,True,2750,0.42259690165519714,14.194693565368652,0.588322103023529,15.080480575561523,0.7196640968322754,0.12478035688400269,0.0023308449890464544,0.0066540539264678955,0.2663981020450592
z0y624x144,13,A,True,2800,0.4229745864868164,14.27974796295166,0.5922297835350037,15.082390785217285,0.7208269238471985,0.12361752986907959,0.009078748524188995,0.0003776848316192627,0.19567395746707916
z0y624x144,13,A,True,2850,0.42431551218032837,14.281298637390137,0.5945755839347839,15.085854530334473,0.7229030132293701,0.12154144048690796,0.004944570362567902,0.0013409256935119629,0.09315018355846405
z0y624x144,13,A,True,2900,0.42870673537254333,14.341256141662598,0.5978865027427673,15.088702201843262,0.7455029487609863,0.09894150495529175,0.005943899974226952,0.004391223192214966,0.11213773488998413
z0y624x144,13,A,True,2950,0.4318859577178955,14.419449806213379,0.5969190001487732,15.086469650268555,0.7416049838066101,0.10283946990966797,0.001900055562146008,0.003179222345352173,0.21827299892902374
z0y624x144,13,A,True,2999,0.42127296328544617,14.428921699523926,0.5996295809745789,15.089544296264648,0.7269057631492615,0.1175386905670166,0.005495332181453705,0.01061299443244934,0.10332765430212021
z0y624x144,14,A,True,0,0.7318713068962097,2.0100231170654297,0.0027711919974535704,12.94798755645752,0.7318705916404724,-0.11520391702651978,0.0027711919974535704,0.02563256025314331,0.017360685393214226
z0y624x144,14,A,True,50,1.785487413406372,2.496530532836914,0.025736194103956223,12.94614028930664,1.7853955030441284,-1.1687288284301758,0.023687666282057762,1.0536160469055176,0.8427460789680481
z0y624x144,14,A,True,100,1.9878023862838745,3.3295345306396484,0.022705916315317154,12.965097427368164,1.9884071350097656,-1.371740460395813,0.033951833844184875,0.20231497287750244,1.4428386688232422
z0y624x144,14,A,True,150,1.8981199264526367,4.946158409118652,0.058067403733730316,13.058985710144043,1.9155830144882202,-1.2989163398742676,0.06307128071784973,0.08968245983123779,2.800658702850342
z0y624x144,14,A,True,200,1.189319133758545,7.0459513664245605,0.14258480072021484,13.181870460510254,1.257562279701233,-0.6408956050872803,0.10563819855451584,0.7088007926940918,3.642664670944214
z0y624x144,14,A,True,250,0.8277242183685303,8.694306373596191,0.21325892210006714,13.236726760864258,0.9391768574714661,-0.3225101828575134,0.09690837562084198,0.36159491539001465,2.952364444732666
z0y624x144,14,A,True,300,0.6640934348106384,9.67082691192627,0.25338637828826904,13.261382102966309,0.8077283501625061,-0.19106167554855347,0.05699325352907181,0.16363078355789185,1.9935388565063477
z0y624x144,14,A,True,350,0.6224448680877686,10.272706031799316,0.2712854743003845,13.276470184326172,0.7923396229743958,-0.17567294836044312,0.023874875158071518,0.04164856672286987,1.3057835102081299
z0y624x144,14,A,True,400,0.5649041533470154,10.664261817932129,0.2815697193145752,13.287498474121094,0.760525107383728,-0.1438584327697754,0.013045553117990494,0.057540714740753174,0.8073528409004211
z0y624x144,14,A,True,450,0.5153821110725403,10.934745788574219,0.2875692546367645,13.297452926635742,0.739095151424408,-0.12242847681045532,0.008539482951164246,0.0495220422744751,0.516778290271759
z0y624x144,14,A,True,500,0.4872988164424896,11.138077735900879,0.2883290946483612,13.302556037902832,0.730462908744812,-0.11379623413085938,0.004768399056047201,0.02808329463005066,0.38968589901924133
z0y624x144,14,A,True,550,0.4670802056789398,11.276809692382812,0.28988075256347656,13.30644702911377,0.726161777973175,-0.10949510335922241,0.00304413097910583,0.020218610763549805,0.26170095801353455
z0y624x144,14,A,True,600,0.432044118642807,11.37890625,0.2904423475265503,13.307804107666016,0.7088876962661743,-0.09222102165222168,0.0014033990446478128,0.03503608703613281,0.22962529957294464
z0y624x144,14,A,True,650,0.4282797574996948,11.47004222869873,0.28958627581596375,13.307950973510742,0.7253933548927307,-0.10872668027877808,0.0012350431643426418,0.0037643611431121826,0.1612619161605835
z0y624x144,14,A,True,700,0.4076611399650574,11.50045108795166,0.2888702154159546,13.307144165039062,0.7148739099502563,-0.09820723533630371,0.0011399057693779469,0.02061861753463745,0.06584572046995163
z0y624x144,14,A,True,750,0.38952094316482544,11.544535636901855,0.28917333483695984,13.305529594421387,0.7091785669326782,-0.09251189231872559,0.0011779572814702988,0.018140196800231934,0.08328419178724289
z0y624x144,14,A,True,800,0.3881637752056122,11.57486629486084,0.2892911732196808,13.30512523651123,0.726531445980072,-0.10986477136611938,0.0015153620624914765,0.0013571679592132568,0.07894935458898544
z0y624x144,14,A,True,850,0.368470698595047,11.624115943908691,0.288507342338562,13.305492401123047,0.7112992405891418,-0.09463256597518921,0.0008116009412333369,0.019693076610565186,0.09816650301218033
z0y624x144,14,A,True,900,0.35291290283203125,11.618045806884766,0.2878777086734772,13.304024696350098,0.7062046527862549,-0.08953797817230225,0.0019816611893475056,0.015557795763015747,0.02136692963540554
z0y624x144,14,A,True,950,0.353554904460907,11.63375473022461,0.2873467803001404,13.30163860321045,0.7181630730628967,-0.10149639844894409,0.001874117529951036,0.0006420016288757324,0.050475314259529114
z0y624x144,14,A,True,1000,0.3356439173221588,11.640902519226074,0.2871975302696228,13.301051139831543,0.715196967124939,-0.09853029251098633,0.0021725280676037073,0.01791098713874817,0.028166376054286957
z0y624x144,14,A,True,1050,0.3278701603412628,11.642730712890625,0.28722402453422546,13.300868034362793,0.7197269201278687,-0.10306024551391602,0.0013102360535413027,0.007773756980895996,0.03846010938286781
z0y624x144,14,A,True,1100,0.3198738694190979,11.652244567871094,0.2882315516471863,13.300868034362793,0.7162620425224304,-0.09959536790847778,0.0013359125005081296,0.007996290922164917,0.09164966642856598
z0y624x144,14,A,True,1150,0.3078322410583496,11.653531074523926,0.2886558175086975,13.300500869750977,0.715290904045105,-0.09862422943115234,0.0018446299945935607,0.012041628360748291,0.03866778686642647
z0y624x144,14,A,True,1200,0.2986621856689453,11.640182495117188,0.2879239320755005,13.298444747924805,0.7186254262924194,-0.1019587516784668,0.0027368427254259586,0.009170055389404297,0.03867094963788986
z0y624x144,14,A,True,1250,0.2915186882019043,11.635482788085938,0.2879084646701813,13.298004150390625,0.716555118560791,-0.09988844394683838,0.002372506307438016,0.007143497467041016,0.07627404481172562
z0y624x144,14,A,True,1300,0.29232704639434814,11.635330200195312,0.2888264060020447,13.297820091247559,0.7274692058563232,-0.1108025312423706,0.002216444117948413,0.0008083581924438477,0.0026735675055533648
z0y624x144,14,A,True,1350,0.27609947323799133,11.630146980285645,0.2891033887863159,13.296682357788086,0.7020182013511658,-0.08535152673721313,0.002938159042969346,0.01622757315635681,0.06777768582105637
z0y624x144,14,A,True,1400,0.2845321595668793,11.627493858337402,0.2890523076057434,13.295763969421387,0.7226447463035583,-0.10597807168960571,0.0006713677430525422,0.00843268632888794,0.008503462187945843
z0y624x144,14,A,True,1450,0.2788892686367035,11.600940704345703,0.28978613018989563,13.295910835266113,0.7266576290130615,-0.10999095439910889,0.0018373312195762992,0.005642890930175781,0.07664341479539871
z0y624x144,14,A,True,1500,0.26060739159584045,11.603652000427246,0.28955772519111633,13.294221878051758,0.7124371528625488,-0.09577047824859619,0.002013314748182893,0.018281877040863037,0.055705275386571884
z0y624x144,14,A,True,1550,0.26879143714904785,11.590746879577637,0.2899855971336365,13.2947359085083,0.7290147542953491,-0.11234807968139648,0.002295022364705801,0.008184045553207397,0.033097557723522186
z0y624x144,14,A,True,1600,0.25640079379081726,11.559290885925293,0.28999844193458557,13.294221878051758,0.7086812257766724,-0.09201455116271973,0.0014323171926662326,0.01239064335823059,0.05488963797688484
z0y624x144,14,A,True,1650,0.26066142320632935,11.58254337310791,0.2905794680118561,13.295984268188477,0.7243141531944275,-0.10764747858047485,0.001993010751903057,0.004260629415512085,0.0454171746969223
z0y624x144,14,A,True,1700,0.24937623739242554,11.581485748291016,0.29030710458755493,13.294992446899414,0.7078626751899719,-0.09119600057601929,0.0018526907078921795,0.011285185813903809,0.04655032604932785
z0y624x144,14,A,True,1750,0.2401639223098755,11.575406074523926,0.2908632457256317,13.296241760253906,0.7058992981910706,-0.08923262357711792,0.0014614672400057316,0.009212315082550049,0.03745470941066742
z0y624x144,14,A,True,1800,0.23692229390144348,11.583121299743652,0.29054632782936096,13.295654296875,0.699508547782898,-0.08284187316894531,0.0012997572775930166,0.003241628408432007,0.02268226258456707
z0y624x144,14,A,True,1850,0.23343971371650696,11.597790718078613,0.2900790274143219,13.297416687011719,0.6998524069786072,-0.08318573236465454,0.0009799990803003311,0.0034825801849365234,0.03403646871447563
z0y624x144,14,A,True,1900,0.2353428155183792,11.613595008850098,0.2897372841835022,13.297085762023926,0.7053885459899902,-0.0887218713760376,0.0019690277986228466,0.0019031018018722534,0.05266198888421059
z0y624x144,14,A,True,1950,0.23254123330116272,11.60451602935791,0.2903759479522705,13.297196388244629,0.7053167223930359,-0.08865004777908325,0.0009904485195875168,0.0028015822172164917,0.03492269665002823
z0y624x144,14,A,True,2000,0.23194651305675507,11.637984275817871,0.2899048328399658,13.295029640197754,0.698222279548645,-0.08155560493469238,0.002907008398324251,0.0005947202444076538,0.08565883338451385
z0y624x144,14,A,True,2050,0.2365594506263733,11.64928913116455,0.2916127145290375,13.297122955322266,0.7179943323135376,-0.10132765769958496,0.0023197894915938377,0.004612937569618225,0.072553351521492
z0y624x144,14,A,True,2100,0.23379617929458618,11.638096809387207,0.2925013601779938,13.296571731567383,0.7142836451530457,-0.09761697053909302,0.0020245120394974947,0.0027632713317871094,0.05900408700108528
z0y624x144,14,A,True,2150,0.22794614732265472,11.63968563079834,0.293046772480011,13.29543399810791,0.71131831407547,-0.09465163946151733,0.0020095384679734707,0.0058500319719314575,0.022155381739139557
z0y624x144,14,A,True,2200,0.23463614284992218,11.635069847106934,0.29244405031204224,13.293083190917969,0.7203531265258789,-0.10368645191192627,0.0031275413930416107,0.006689995527267456,0.012739942409098148
z0y624x144,14,A,True,2250,0.22216245532035828,11.636813163757324,0.2920082211494446,13.295543670654297,0.7006592750549316,-0.083992600440979,0.0014816514449194074,0.012473687529563904,0.05913785099983215
z0y624x144,14,A,True,2300,0.2235330045223236,11.613658905029297,0.2931474447250366,13.294515609741211,0.7115481495857239,-0.09488147497177124,0.0031186146661639214,0.001370549201965332,0.08106032013893127
z0y624x144,14,A,True,2350,0.21324828267097473,11.599709510803223,0.29315537214279175,13.293045997619629,0.6986926198005676,-0.08202594518661499,0.001980604138225317,0.010284721851348877,0.07169777899980545
z0y624x144,14,A,True,2400,0.2214905470609665,11.606301307678223,0.2944899797439575,13.294882774353027,0.7039424777030945,-0.08727580308914185,0.0024519364815205336,0.00824226438999176,0.03562934696674347
z0y624x144,14,A,True,2450,0.20734350383281708,11.620844841003418,0.2950999438762665,13.296131134033203,0.6971278190612793,-0.08046114444732666,0.002245392417535186,0.014147043228149414,0.04359035566449165
z0y624x144,14,A,True,2500,0.2137063443660736,11.601566314697266,0.2951172888278961,13.295323371887207,0.7111207246780396,-0.09445405006408691,0.001684451592154801,0.006362840533256531,0.05892558395862579
z0y624x144,14,A,True,2550,0.2135632187128067,11.604691505432129,0.29503461718559265,13.294331550598145,0.7139714360237122,-0.09730476140975952,0.0021793795749545097,0.00014312565326690674,0.060196518898010254
z0y624x144,14,A,True,2600,0.21411100029945374,11.595288276672363,0.2950268089771271,13.296204566955566,0.7033196687698364,-0.08665299415588379,0.0011635456467047334,0.0005477815866470337,0.051837339997291565
z0y624x144,14,A,True,2650,0.19818788766860962,11.58395767211914,0.2950502336025238,13.295103073120117,0.6911810636520386,-0.07451438903808594,0.0015288208378478885,0.015923112630844116,0.05937790125608444
z0y624x144,14,A,True,2700,0.20717090368270874,11.59207534790039,0.2948082983493805,13.294992446899414,0.7049041986465454,-0.08823752403259277,0.0012521075550466776,0.008983016014099121,0.050391409546136856
z0y624x144,14,A,True,2750,0.20047487318515778,11.590229988098145,0.2951427400112152,13.297196388244629,0.7146416902542114,-0.09797501564025879,0.0018535662675276399,0.006696030497550964,0.07743281126022339
z0y624x144,14,A,True,2800,0.20470891892910004,11.587246894836426,0.2940939962863922,13.295507431030273,0.7118114233016968,-0.09514474868774414,0.0017864435212686658,0.004234045743942261,0.08415655791759491
z0y624x144,14,A,True,2850,0.20139649510383606,11.564212799072266,0.2943361699581146,13.29142951965332,0.7078101634979248,-0.09114348888397217,0.003055298700928688,0.003312423825263977,0.06739865988492966
z0y624x144,14,A,True,2900,0.19620974361896515,11.596038818359375,0.2954946458339691,13.290290832519531,0.694581151008606,-0.07791447639465332,0.004244133364409208,0.005186751484870911,0.0791715681552887
z0y624x144,14,A,True,2950,0.19464384019374847,11.616439819335938,0.2941473722457886,13.28742504119873,0.7058299779891968,-0.08916330337524414,0.002752820262685418,0.0015659034252166748,0.08298762142658234
z0y624x144,14,A,True,2999,0.19507744908332825,11.589123725891113,0.2932756543159485,13.287792205810547,0.718520998954773,-0.10185432434082031,0.0018663433147594333,0.00043360888957977295,0.08044242858886719
z0y624x144,15,A,False,0,0.7315946221351624,2.010024070739746,0.0027711919974535704,15.569307327270508,0.731593906879425,0.05729496479034424,0.0027711919974535704,0.025625765323638916,0.01736219972372055
z0y624x144,15,A,False,50,1.9271936416625977,2.519744634628296,0.010118369944393635,15.5691499710083,1.9271780252456665,-1.138289213180542,0.011993499472737312,1.19559907913208,0.883880615234375
z0y624x144,15,A,False,100,2.02858567237854,3.3264551162719727,0.016396736726164818,15.558859825134277,2.0285825729370117,-1.2396936416625977,0.00732986768707633,0.10139203071594238,1.4035791158676147
z0y624x144,15,A,False,150,1.6422491073608398,4.87675142288208,0.020142514258623123,15.55562686920166,1.6455535888671875,-0.8566647171974182,0.015503386035561562,0.3863365650177002,2.686161756515503
z0y624x144,15,A,False,200,1.289438009262085,7.0570292472839355,0.09125249087810516,15.601043701171875,1.330625295639038,-0.5417364239692688,0.08691681176424026,0.3528110980987549,3.7791779041290283
z0y624x144,15,A,False,250,0.780752420425415,8.536022186279297,0.15325729548931122,15.631779670715332,0.9122335314750671,-0.12334465980529785,0.08250501751899719,0.5086855888366699,2.6076149940490723
z0y624x144,15,A,False,300,0.6938226222991943,9.167704582214355,0.18852858245372772,15.627655982971191,0.8644720315933228,-0.07558315992355347,0.0639243796467781,0.0869297981262207,1.1179813146591187
z0y624x144,15,A,False,350,0.6565433144569397,9.519095420837402,0.21723777055740356,15.629436492919922,0.84372878074646,-0.054839909076690674,0.04669848829507828,0.03727930784225464,0.6536098122596741
z0y624x144,15,A,False,400,0.6075828671455383,9.757221221923828,0.23881980776786804,15.622499465942383,0.8055542707443237,-0.016665399074554443,0.03181236982345581,0.04896044731140137,0.48388487100601196
z0y624x144,15,A,False,450,0.5891417264938354,9.962021827697754,0.25383827090263367,15.6133394241333,0.797924280166626,-0.00903540849685669,0.023414595052599907,0.01844114065170288,0.3921632766723633
z0y624x144,15,A,False,500,0.5534852743148804,10.073771476745605,0.2638055384159088,15.607396125793457,0.7686429619789124,0.020245909690856934,0.01694042794406414,0.03565645217895508,0.20754753053188324
z0y624x144,15,A,False,550,0.5458248257637024,10.218403816223145,0.27065736055374146,15.602264404296875,0.7703750729560852,0.018513798713684082,0.013085365295410156,0.0076604485511779785,0.27753421664237976
z0y624x144,15,A,False,600,0.5325632095336914,10.338529586791992,0.2779582440853119,15.593437194824219,0.7606507539749146,0.028238117694854736,0.013046219013631344,0.013261616230010986,0.2491861879825592
z0y624x144,15,A,False,650,0.5246091485023499,10.46457576751709,0.2813988924026489,15.58804988861084,0.7632644176483154,0.025624454021453857,0.008543016389012337,0.007954061031341553,0.21963438391685486
z0y624x144,15,A,False,700,0.506576418876648,10.563907623291016,0.2856185734272003,15.584102630615234,0.7489422559738159,0.03994661569595337,0.010232941247522831,0.018032729625701904,0.18424555659294128
z0y624x144,15,A,False,750,0.4944777190685272,10.68740463256836,0.2867107689380646,15.580373764038086,0.7461566925048828,0.042732179164886475,0.006331394426524639,0.012098699808120728,0.2280278503894806
z0y624x144,15,A,False,800,0.4868892431259155,10.779617309570312,0.289147287607193,15.580248832702637,0.7468847632408142,0.04200410842895508,0.0065644243732094765,0.007588475942611694,0.20364005863666534
z0y624x144,15,A,False,850,0.49273011088371277,10.83954906463623,0.29120486974716187,15.576957702636719,0.7542011141777039,0.03468775749206543,0.007334744092077017,0.005840867757797241,0.14225709438323975
z0y624x144,15,A,False,900,0.47995972633361816,10.930694580078125,0.29209163784980774,15.576330184936523,0.7504255771636963,0.038463294506073,0.005077121313661337,0.012770384550094604,0.1873198300600052
z0y624x144,15,A,False,950,0.46070170402526855,11.006057739257812,0.29471728205680847,15.570624351501465,0.7368793487548828,0.052009522914886475,0.006467847153544426,0.01925802230834961,0.15037508308887482
z0y624x144,15,A,False,1000,0.44781631231307983,11.074357032775879,0.29566875100135803,15.56795883178711,0.728308916091919,0.06057995557785034,0.004705673083662987,0.01288539171218872,0.13619308173656464
z0y624x144,15,A,False,1050,0.447348028421402,11.132560729980469,0.2964476943016052,15.566515922546387,0.7326944470405579,0.056194424629211426,0.005509937182068825,0.00046828389167785645,0.1405697762966156
z0y624x144,15,A,False,1100,0.44772934913635254,11.188446044921875,0.29767292737960815,15.567205429077148,0.7420436143875122,0.04684525728225708,0.007042414508759975,0.0003813207149505615,0.10879583656787872
z0y624x144,15,A,False,1150,0.44204181432724,11.243141174316406,0.2970755398273468,15.565197944641113,0.7335106134414673,0.055378258228302,0.004135059658437967,0.005687534809112549,0.11677209287881851
z0y624x144,15,A,False,1200,0.439927339553833,11.274203300476074,0.2976982593536377,15.56052303314209,0.7430261373519897,0.04586273431777954,0.003869410138577223,0.0021144747734069824,0.07641313225030899
z0y624x144,15,A,False,1250,0.4183022081851959,11.344571113586426,0.2980807423591614,15.562719345092773,0.729259729385376,0.05962914228439331,0.005163219291716814,0.021625131368637085,0.13447116315364838
z0y624x144,15,A,False,1300,0.4186408817768097,11.383830070495605,0.2987114489078522,15.562028884887695,0.727634072303772,0.061254799365997314,0.0029411488212645054,0.00033867359161376953,0.08488292992115021
z0y624x144,15,A,False,1350,0.4145137071609497,11.42638874053955,0.2999841272830963,15.557636260986328,0.7277592420578003,0.061129629611968994,0.0034586400724947453,0.004127174615859985,0.1505914330482483
z0y624x144,15,A,False,1400,0.3953286409378052,11.476768493652344,0.30098798871040344,15.556286811828613,0.7157137393951416,0.07317513227462769,0.0019115670584142208,0.01918506622314453,0.11078796535730362
z0y624x144,15,A,False,1450,0.4133005142211914,11.509066581726074,0.30122512578964233,15.559017181396484,0.7378579378128052,0.05103093385696411,0.005888711661100388,0.01797187328338623,0.06914768368005753
z0y624x144,15,A,False,1500,0.40198445320129395,11.551812171936035,0.3015328347682953,15.558765411376953,0.7244065403938293,0.06448233127593994,0.0021057322155684233,0.011316061019897461,0.13887104392051697
z0y624x144,15,A,False,1550,0.3968845009803772,11.568743705749512,0.30295035243034363,15.556317329406738,0.7270984649658203,0.061790406703948975,0.0026722934562712908,0.005099952220916748,0.030644847080111504
z0y624x144,15,A,False,1600,0.38741254806518555,11.598185539245605,0.30138102173805237,15.556097984313965,0.7169837951660156,0.07190507650375366,0.004084059037268162,0.00947195291519165,0.09666027128696442
z0y624x144,15,A,False,1650,0.39693501591682434,11.649765968322754,0.3026655912399292,15.556129455566406,0.7352999448776245,0.053588926792144775,0.002302801702171564,0.009522467851638794,0.09474334120750427
z0y624x144,15,A,False,1700,0.37420088052749634,11.684951782226562,0.30243080854415894,15.554308891296387,0.7126951217651367,0.07619374990463257,0.0034658813383430243,0.022734135389328003,0.1365823745727539
z0y624x144,15,A,False,1750,0.37915220856666565,11.734328269958496,0.3033658564090729,15.555188179016113,0.7204161286354065,0.06847274303436279,0.001190650393255055,0.0049513280391693115,0.12208681553602219
z0y624x144,15,A,False,1800,0.38048696517944336,11.726006507873535,0.30258673429489136,15.556066513061523,0.7257741093635559,0.06311476230621338,0.003255213377997279,0.00133475661277771,0.048805929720401764
z0y624x144,15,A,False,1850,0.3587380051612854,11.7845458984375,0.3009089529514313,15.55744743347168,0.7052885293960571,0.08360034227371216,0.0030032838694751263,0.02174896001815796,0.12900175154209137
z0y624x144,15,A,False,1900,0.37317007780075073,11.783111572265625,0.30194222927093506,15.555093765258789,0.7228991985321045,0.0659896731376648,0.002341329352930188,0.014432072639465332,0.07146023958921432
z0y624x144,15,A,False,1950,0.3712601363658905,11.835284233093262,0.3006059527397156,15.555501937866211,0.7364617586135864,0.05242711305618286,0.004030985292047262,0.0019099414348602295,0.12703119218349457
z0y624x144,15,A,False,2000,0.3541271984577179,11.814449310302734,0.30113735795021057,15.554654121398926,0.7117676734924316,0.07712119817733765,0.0009322877158410847,0.017132937908172607,0.07838321477174759
z0y624x144,15,A,False,2050,0.35648515820503235,11.890724182128906,0.30151811242103577,15.556537628173828,0.7157739400863647,0.07311493158340454,0.00205690017901361,0.002357959747314453,0.13980163633823395
z0y624x144,15,A,False,2100,0.3560483455657959,11.919951438903809,0.3025328814983368,15.550447463989258,0.7182366251945496,0.07065224647521973,0.003882849356159568,0.0004368126392364502,0.10343088209629059
z0y624x144,15,A,False,2150,0.3572198152542114,11.98267650604248,0.3034451901912689,15.554214477539062,0.7248345613479614,0.06405431032180786,0.0037046740762889385,0.0011714696884155273,0.1151457279920578
z0y624x144,15,A,False,2200,0.3494539260864258,12.022793769836426,0.30262377858161926,15.555941581726074,0.7192555665969849,0.06963330507278442,0.0018775851931422949,0.0077658891677856445,0.13583384454250336
z0y624x144,15,A,False,2250,0.3336767256259918,12.032010078430176,0.3023022711277008,15.555219650268555,0.7014733552932739,0.08741551637649536,0.0010817479342222214,0.01577720046043396,0.08390364050865173
z0y624x144,15,A,False,2300,0.3256407380104065,12.090542793273926,0.30145832896232605,15.559581756591797,0.7018955945968628,0.0869932770729065,0.004916421137750149,0.008035987615585327,0.12807466089725494
z0y624x144,15,A,False,2350,0.3377104103565216,12.08786678314209,0.3025463819503784,15.55710220336914,0.7163118124008179,0.07257705926895142,0.002349885180592537,0.012069672346115112,0.11929523944854736
z0y624x144,15,A,False,2400,0.33041420578956604,12.144381523132324,0.30320844054222107,15.556192398071289,0.7117445468902588,0.0771443247795105,0.0028261966072022915,0.007296204566955566,0.10254600644111633
z0y624x144,15,A,False,2450,0.32128405570983887,12.153621673583984,0.3038106858730316,15.556756973266602,0.7025520205497742,0.08633685111999512,0.003206042805686593,0.009130150079727173,0.04088549688458443
z0y624x144,15,A,False,2500,0.34035632014274597,12.177210807800293,0.30490973591804504,15.554591178894043,0.727556049823761,0.0613328218460083,0.0019618459045886993,0.019072264432907104,0.041203275322914124
z0y624x144,15,A,False,2550,0.3243526220321655,12.16153621673584,0.3038586676120758,15.552425384521484,0.717978835105896,0.07091003656387329,0.0015774386702105403,0.016003698110580444,0.09445316344499588
z0y624x144,15,A,False,2600,0.3135240077972412,12.206984519958496,0.3038509488105774,15.557259559631348,0.708667516708374,0.08022135496139526,0.003459728555753827,0.010828614234924316,0.11539125442504883
z0y624x144,15,A,False,2650,0.3187759816646576,12.199005126953125,0.3017885386943817,15.55964469909668,0.7080563306808472,0.08083254098892212,0.003891060594469309,0.005251973867416382,0.06056266650557518
z0y624x144,15,A,False,2700,0.3092786371707916,12.216435432434082,0.30248740315437317,15.557541847229004,0.702369749546051,0.08651912212371826,0.0015114110428839922,0.009497344493865967,0.048951707780361176
z0y624x144,15,A,False,2750,0.3234826624393463,12.24685001373291,0.3035646378993988,15.557761192321777,0.7332211136817932,0.055667757987976074,0.0010839446913450956,0.014204025268554688,0.09353471547365189
z0y624x144,15,A,False,2800,0.3213196098804474,12.256125450134277,0.30380791425704956,15.552488327026367,0.7247388362884521,0.06415003538131714,0.0029197479598224163,0.0021630525588989258,0.1130279153585434
z0y624x144,15,A,False,2850,0.28209152817726135,12.277298927307129,0.30357763171195984,15.555595397949219,0.6810497641563416,0.10783910751342773,0.002857353538274765,0.039228081703186035,0.09962406009435654
z0y624x144,15,A,False,2900,0.30908578634262085,12.300277709960938,0.30434712767601013,15.551985740661621,0.7151138782501221,0.07377499341964722,0.001858936040662229,0.026994258165359497,0.11611133813858032
z0y624x144,15,A,False,2950,0.301849901676178,12.266661643981934,0.3053448796272278,15.550007820129395,0.7070815563201904,0.08180731534957886,0.0028636895585805178,0.007235884666442871,0.12226823717355728
z0y624x144,15,A,False,2999,0.3009910583496094,12.317245483398438,0.306264728307724,15.546050071716309,0.7209889888763428,0.06789988279342651,0.003877850016579032,0.0008588433265686035,0.09714002907276154
z0y624x144,16,A,False,0,0.727522075176239,2.010023355484009,0.00276308786123991,12.722051620483398,0.7275213599205017,0.05581200122833252,0.00276308786123991,0.025526821613311768,0.017360685393214226
z0y624x144,16,A,False,50,1.8281731605529785,2.4845807552337646,0.027314720675349236,12.714103698730469,1.8280655145645142,-1.0447320938110352,0.02497156709432602,1.1006510257720947,0.8223732709884644
z0y624x144,16,A,False,100,1.9239931106567383,3.1944587230682373,0.03683451935648918,12.694502830505371,1.9242432117462158,-1.1409099102020264,0.023769086226820946,0.09581995010375977,1.2577251195907593
z0y624x144,16,A,False,150,1.6025222539901733,4.244314193725586,0.05236245319247246,12.677373886108398,1.6217412948608398,-0.8384079337120056,0.026239046826958656,0.32147085666656494,1.8357317447662354
z0y624x144,16,A,False,200,1.2183222770690918,5.454722881317139,0.055680058896541595,12.681341171264648,1.3053539991378784,-0.5220206379890442,0.04670855402946472,0.38419997692108154,2.19032621383667
z0y624x144,16,A,False,250,0.9546482563018799,6.395906448364258,0.0831817090511322,12.709301948547363,1.1093100309371948,-0.3259766697883606,0.06004031375050545,0.2636740207672119,1.9924592971801758
z0y624x144,16,A,False,300,0.7940337061882019,7.039958953857422,0.1176200732588768,12.74000072479248,0.9846499562263489,-0.20131659507751465,0.055697374045848846,0.16061455011367798,1.625393033027649
z0y624x144,16,A,False,350,0.7048181295394897,7.513388156890869,0.15246443450450897,12.757771492004395,0.9198204278945923,-0.13648706674575806,0.04845859482884407,0.08921557664871216,1.182586431503296
z0y624x144,16,A,False,400,0.6483963131904602,7.909294605255127,0.17918474972248077,12.771121978759766,0.8842967748641968,-0.10096341371536255,0.03498871996998787,0.05642181634902954,1.0059372186660767
z0y624x144,16,A,False,450,0.601869523525238,8.223725318908691,0.1961621642112732,12.777544021606445,0.85221266746521,-0.06887930631637573,0.023881910368800163,0.04652678966522217,0.7383288145065308
z0y624x144,16,A,False,500,0.5317038297653198,8.438990592956543,0.2115727961063385,12.782587051391602,0.7939961552619934,-0.01066279411315918,0.02542644925415516,0.07016569375991821,0.5026623010635376
z0y624x144,16,A,False,550,0.5294171571731567,8.659235954284668,0.22442805767059326,12.784687995910645,0.7986645102500916,-0.015331149101257324,0.020194191485643387,0.002286672592163086,0.4381634294986725
z0y624x144,16,A,False,600,0.5025460124015808,8.836776733398438,0.23428598046302795,12.789117813110352,0.780905544757843,0.002427816390991211,0.015842504799365997,0.026871144771575928,0.3551884591579437
z0y624x144,16,A,False,650,0.48637422919273376,8.9795560836792,0.24341964721679688,12.790797233581543,0.7746514081954956,0.008681952953338623,0.014913216233253479,0.016171783208847046,0.26244187355041504
z0y624x144,16,A,False,700,0.4352988302707672,9.127275466918945,0.2516497075557709,12.796445846557617,0.7314903736114502,0.05184298753738403,0.014670168049633503,0.05107539892196655,0.27435389161109924
z0y624x144,16,A,False,750,0.4302877187728882,9.231776237487793,0.2562440037727356,12.79987907409668,0.7433163523674011,0.040017008781433105,0.010035495273768902,0.005011111497879028,0.18205584585666656
z0y624x144,16,A,False,800,0.41421565413475037,9.34019947052002,0.26088768243789673,12.800031661987305,0.7296777963638306,0.05365556478500366,0.008769061416387558,0.016072064638137817,0.20599070191383362
z0y624x144,16,A,False,850,0.3861471116542816,9.43398380279541,0.2679872214794159,12.803274154663086,0.7145529985427856,0.06878036260604858,0.01097556110471487,0.02806854248046875,0.16504599153995514
z0y624x144,16,A,False,900,0.39735329151153564,9.526862144470215,0.27115070819854736,12.80716323852539,0.7325329184532166,0.050800442695617676,0.008003839291632175,0.011206179857254028,0.19562897086143494
z0y624x144,16,A,False,950,0.3765769898891449,9.584705352783203,0.2762271463871002,12.8056001663208,0.7228714227676392,0.06046193838119507,0.0076927137561142445,0.020776301622390747,0.1437123566865921
z0y624x144,16,A,False,1000,0.3697979748249054,9.635750770568848,0.28013160824775696,12.80697250366211,0.7351635694503784,0.04816979169845581,0.006129267625510693,0.006779015064239502,0.15068329870700836
z0y624x144,16,A,False,1050,0.3521856367588043,9.684596061706543,0.28339728713035583,12.806591987609863,0.7066649198532104,0.07666844129562378,0.005193487275391817,0.017612338066101074,0.1666278839111328
z0y624x144,16,A,False,1100,0.3446520268917084,9.708683013916016,0.28814035654067993,12.806248664855957,0.7157423496246338,0.06759101152420044,0.0061611877754330635,0.007533609867095947,0.08954921364784241
z0y624x144,16,A,False,1150,0.3346366584300995,9.754798889160156,0.2921296954154968,12.803274154663086,0.7167187333106995,0.06661462783813477,0.005333418026566505,0.010015368461608887,0.1619502305984497
z0y624x144,16,A,False,1200,0.3308781385421753,9.788798332214355,0.29532894492149353,12.802854537963867,0.7129224538803101,0.07041090726852417,0.004591223783791065,0.0037585198879241943,0.1599390208721161
z0y624x144,16,A,False,1250,0.31684306263923645,9.811293601989746,0.2989547848701477,12.799497604370117,0.7006748914718628,0.08265846967697144,0.005209104157984257,0.014035075902938843,0.1783464252948761
z0y624x144,16,A,False,1300,0.31568601727485657,9.862504005432129,0.3022921681404114,12.798391342163086,0.7056152820587158,0.07771807909011841,0.003959266003221273,0.0011570453643798828,0.12292549014091492
z0y624x144,16,A,False,1350,0.3086242079734802,9.86935043334961,0.30316558480262756,12.796789169311523,0.7015812397003174,0.08175212144851685,0.0022639743983745575,0.007061809301376343,0.13665476441383362
z0y624x144,16,A,False,1400,0.3084211051464081,9.864297866821289,0.3060957193374634,12.79472827911377,0.7095407247543335,0.07379263639450073,0.003553922288119793,0.00020310282707214355,0.05702600255608559
z0y624x144,16,A,False,1450,0.31987234950065613,9.874549865722656,0.3086361885070801,12.789194107055664,0.7259805202484131,0.05735284090042114,0.004831948317587376,0.011451244354248047,0.16549040377140045
z0y624x144,16,A,False,1500,0.3075326979160309,9.887899398803711,0.3138324022293091,12.788468360900879,0.7054195404052734,0.07791382074356079,0.005634161178022623,0.012339651584625244,0.09987828135490417
z0y624x144,16,A,False,1550,0.28937873244285583,9.87812328338623,0.31684765219688416,12.788125038146973,0.6861074566841125,0.09722590446472168,0.0036758752539753914,0.01815396547317505,0.10706260055303574
z0y624x144,16,A,False,1600,0.3118042051792145,9.912531852722168,0.318720281124115,12.784649848937988,0.7264174222946167,0.05691593885421753,0.003489098744466901,0.022425472736358643,0.1470649093389511
z0y624x144,16,A,False,1650,0.29734426736831665,9.913203239440918,0.32399100065231323,12.781594276428223,0.7148889899253845,0.06844437122344971,0.006378171034157276,0.014459937810897827,0.09325505048036575
z0y624x144,16,A,False,1700,0.29379376769065857,9.936718940734863,0.32722535729408264,12.781670570373535,0.702167272567749,0.0811660885810852,0.003292343346402049,0.003550499677658081,0.06824980676174164
z0y624x144,16,A,False,1750,0.29499074816703796,9.94420051574707,0.32930445671081543,12.779492378234863,0.7047303318977356,0.07860302925109863,0.00345428055152297,0.0011969804763793945,0.13170351088047028
z0y624x144,16,A,False,1800,0.29408061504364014,9.951386451721191,0.33212488889694214,12.77865219116211,0.7110164761543274,0.07231688499450684,0.003078435081988573,0.0009101331233978271,0.09450007230043411
z0y624x144,16,A,False,1850,0.29305776953697205,9.988458633422852,0.3329184949398041,12.776741027832031,0.7117996215820312,0.07153373956680298,0.0018062097951769829,0.0010228455066680908,0.117135189473629
z0y624x144,16,A,False,1900,0.2795041501522064,9.983692169189453,0.33545029163360596,12.77570915222168,0.694620668888092,0.08871269226074219,0.003105786396190524,0.013553619384765625,0.12037651985883713
z0y624x144,16,A,False,1950,0.28494828939437866,10.018394470214844,0.33714160323143005,12.771734237670898,0.7155340909957886,0.06779927015304565,0.004180627409368753,0.005444139242172241,0.10839415341615677
z0y624x144,16,A,False,2000,0.2835201323032379,9.998031616210938,0.3416086435317993,12.769210815429688,0.7089396715164185,0.07439368963241577,0.005297262687236071,0.001428157091140747,0.06370086967945099
z0y624x144,16,A,False,2050,0.26667672395706177,10.01583194732666,0.3420944809913635,12.768101692199707,0.6977869272232056,0.08554643392562866,0.0018058038549497724,0.016843408346176147,0.07741844654083252
z0y624x144,16,A,False,2100,0.2710301876068115,10.020339965820312,0.3425404727458954,12.767030715942383,0.7003517150878906,0.0829816460609436,0.0013809767551720142,0.004353463649749756,0.10486812144517899
z0y624x144,16,A,False,2150,0.2636319696903229,10.018929481506348,0.3438357412815094,12.7644681930542,0.6936836838722229,0.08964967727661133,0.0032794487196952105,0.0073982179164886475,0.08086428046226501
z0y624x144,16,A,False,2200,0.258819043636322,10.030245780944824,0.3472556173801422,12.761828422546387,0.7002872228622437,0.08304613828659058,0.004766934551298618,0.0048129260540008545,0.093167245388031
z0y624x144,16,A,False,2250,0.25899967551231384,10.05739688873291,0.3506152331829071,12.759035110473633,0.7007759809494019,0.08255738019943237,0.004304329864680767,0.0001806318759918213,0.060141634196043015
z0y624x144,16,A,False,2300,0.25104865431785583,10.010815620422363,0.35314053297042847,12.75589656829834,0.693052351474762,0.09028100967407227,0.003523697378113866,0.007951021194458008,0.12562286853790283
z0y624x144,16,A,False,2350,0.24959725141525269,9.999428749084473,0.35665470361709595,12.751263618469238,0.6898245811462402,0.093508780002594,0.005652608349919319,0.0014514029026031494,0.15987935662269592
z0y624x144,16,A,False,2400,0.2565196454524994,9.990025520324707,0.35822513699531555,12.74498176574707,0.70452880859375,0.07880455255508423,0.0052666389383375645,0.006922394037246704,0.09745579957962036
z0y624x144,16,A,False,2450,0.24343568086624146,9.98006534576416,0.3614411950111389,12.745940208435059,0.6934518814086914,0.08988147974014282,0.0034444744233042,0.013083964586257935,0.09377824515104294
z0y624x144,16,A,False,2500,0.2436370849609375,9.995697021484375,0.3628331124782562,12.744522094726562,0.6915614008903503,0.09177196025848389,0.0017864726250991225,0.00020140409469604492,0.08378104120492935
z0y624x144,16,A,False,2550,0.24423225224018097,9.97501277923584,0.3675112724304199,12.744139671325684,0.6966571807861328,0.08667618036270142,0.005030266009271145,0.0005951672792434692,0.051447972655296326
z0y624x144,16,A,False,2600,0.23947694897651672,9.99071979522705,0.36904796957969666,12.742606163024902,0.6972511410713196,0.08608222007751465,0.0027043642476201057,0.004755303263664246,0.1487501710653305
z0y624x144,16,A,False,2650,0.25120288133621216,10.011826515197754,0.37261784076690674,12.738544464111328,0.7053547501564026,0.07797861099243164,0.005495922639966011,0.011725932359695435,0.09313597530126572
z0y624x144,16,A,False,2700,0.23882324993610382,10.022217750549316,0.3731462359428406,12.74034595489502,0.6992155909538269,0.08411777019500732,0.0017712839180603623,0.012379631400108337,0.08542952686548233
z0y624x144,16,A,False,2750,0.23332048952579498,9.994548797607422,0.37423157691955566,12.739425659179688,0.6953241229057312,0.08800923824310303,0.0011862980900332332,0.005502760410308838,0.12172228842973709
z0y624x144,16,A,False,2800,0.23081137239933014,10.009806632995605,0.3796767294406891,12.739119529724121,0.6903335452079773,0.09299981594085693,0.005577739328145981,0.0025091171264648438,0.08088284730911255
z0y624x144,16,A,False,2850,0.23549064993858337,9.990909576416016,0.3834320306777954,12.737700462341309,0.7011830806732178,0.08215028047561646,0.0044839768670499325,0.004679277539253235,0.04879743978381157
z0y624x144,16,A,False,2900,0.22558057308197021,9.996232032775879,0.3838616609573364,12.73835277557373,0.7009612321853638,0.08237212896347046,0.0016528161941096187,0.00991007685661316,0.04972301051020622
z0y624x144,16,A,False,2950,0.22874456644058228,9.978081703186035,0.3878762722015381,12.737278938293457,0.7032315135002136,0.0801018476486206,0.004822052549570799,0.0031639933586120605,0.07716558128595352
z0y624x144,16,A,False,2999,0.23097887635231018,9.972797393798828,0.3878239691257477,12.737470626831055,0.7182613611221313,0.06507200002670288,0.0004112869792152196,0.0022343099117279053,0.1401425004005432
z0y624x144,17,A,True,0,0.7272883057594299,2.010019302368164,0.0027601795736700296,8.580615043640137,0.7273998260498047,-0.016288697719573975,0.0027601795736700296,0.02548396587371826,0.017353804782032967
z0y624x144,17,A,True,50,1.4323588609695435,2.373380661010742,0.05692046880722046,8.559534072875977,1.438346028327942,-0.7272348999977112,0.05689315125346184,0.7050705552101135,0.6297475695610046
z0y624x144,17,A,True,100,1.353714108467102,2.7253825664520264,0.08944643288850784,8.538972854614258,1.4050453901290894,-0.6939342617988586,0.04406096786260605,0.0786447525024414,0.6382158398628235
z0y624x144,17,A,True,150,1.0165082216262817,2.9877970218658447,0.11096666008234024,8.554170608520508,1.1948879957199097,-0.48377686738967896,0.025524092838168144,0.3372058868408203,0.6268264651298523
z0y624x144,17,A,True,200,0.783937394618988,3.138679265975952,0.12999022006988525,8.588578224182129,1.1575044393539429,-0.44639331102371216,0.03273579478263855,0.2325708270072937,0.7419927716255188
z0y624x144,17,A,True,250,0.5532158017158508,3.173518419265747,0.1424199938774109,8.651792526245117,1.005637764930725,-0.2945266366004944,0.035129837691783905,0.2307215929031372,0.42192578315734863
z0y624x144,17,A,True,300,0.4242982268333435,3.170579195022583,0.15323500335216522,8.71219539642334,0.9059159159660339,-0.19480478763580322,0.023219848051667213,0.12891757488250732,0.1659034639596939
z0y624x144,17,A,True,350,0.3794076442718506,3.181370973587036,0.15587641298770905,8.739278793334961,0.8930816650390625,-0.1819705367088318,0.009517309255897999,0.04489058256149292,0.11076366901397705
z0y624x144,17,A,True,400,0.3319651484489441,3.1990089416503906,0.1613183170557022,8.761711120605469,0.8687533140182495,-0.1576421856880188,0.010152406990528107,0.047442495822906494,0.07898519933223724
z0y624x144,17,A,True,450,0.28572696447372437,3.2060365676879883,0.16280344128608704,8.777300834655762,0.8343181014060974,-0.1232069730758667,0.007555031217634678,0.04623818397521973,0.06472466140985489
z0y624x144,17,A,True,500,0.27167198061943054,3.231290578842163,0.16544321179389954,8.787198066711426,0.8110831379890442,-0.09997200965881348,0.0073813339695334435,0.014054983854293823,0.07556132227182388
z0y624x144,17,A,True,550,0.2710270881652832,3.258305311203003,0.165926992893219,8.793196678161621,0.8237398266792297,-0.11262869834899902,0.003950008191168308,0.0006448924541473389,0.07122465968132019
z0y624x144,17,A,True,600,0.26014935970306396,3.287976026535034,0.1683439463376999,8.80174446105957,0.8211721181869507,-0.11006098985671997,0.007113710977137089,0.010877728462219238,0.08843746036291122
z0y624x144,17,A,True,650,0.24192431569099426,3.3170974254608154,0.17051023244857788,8.80961799621582,0.819072425365448,-0.10796129703521729,0.004545588977634907,0.018225044012069702,0.08056754618883133
z0y624x144,17,A,True,700,0.2356952279806137,3.346112012863159,0.17258095741271973,8.816156387329102,0.7983235716819763,-0.0872124433517456,0.0035284869372844696,0.006229087710380554,0.06982368230819702
z0y624x144,17,A,True,750,0.2361549437046051,3.3800203800201416,0.17596186697483063,8.821139335632324,0.821384072303772,-0.11027294397354126,0.005951035767793655,0.00045971572399139404,0.07951671630144119
z0y624x144,17,A,True,800,0.22672580182552338,3.4098501205444336,0.17897292971611023,8.829327583312988,0.7972115278244019,-0.08610039949417114,0.004308345727622509,0.009429141879081726,0.06168721616268158
z0y624x144,17,A,True,850,0.2164345681667328,3.441394805908203,0.17937083542346954,8.83209228515625,0.8048387169837952,-0.09372758865356445,0.003293168731033802,0.010291233658790588,0.07605460286140442
z0y624x144,17,A,True,900,0.22024230659008026,3.4874064922332764,0.18138398230075836,8.837509155273438,0.7878212928771973,-0.07671016454696655,0.002827390795573592,0.003807738423347473,0.1019410490989685
z0y624x144,17,A,True,950,0.19867029786109924,3.5109167098999023,0.18593409657478333,8.849434852600098,0.7557865977287292,-0.044675469398498535,0.006222758907824755,0.021572008728981018,0.05644024536013603
z0y624x144,17,A,True,1000,0.20685285329818726,3.5519227981567383,0.1878162920475006,8.85241413116455,0.7893624305725098,-0.07825130224227905,0.002692660316824913,0.008182555437088013,0.08956677466630936
z0y624x144,17,A,True,1050,0.2072799652814865,3.577648401260376,0.19136832654476166,8.861234664916992,0.7923729419708252,-0.08126181364059448,0.004249960649758577,0.00042711198329925537,0.06052295118570328
z0y624x144,17,A,True,1100,0.19402046501636505,3.5862386226654053,0.1929849237203598,8.869166374206543,0.7591965198516846,-0.04808539152145386,0.0041385795921087265,0.01325950026512146,0.04905494302511215
z0y624x144,17,A,True,1150,0.19022659957408905,3.615602731704712,0.19556818902492523,8.874670028686523,0.7868503928184509,-0.07573926448822021,0.002997503150254488,0.003793865442276001,0.06570164114236832
z0y624x144,17,A,True,1200,0.18664690852165222,3.640390396118164,0.198081374168396,8.881269454956055,0.7648094296455383,-0.05369830131530762,0.003848747815936804,0.0035796910524368286,0.05571094527840614
z0y624x144,17,A,True,1250,0.17251931130886078,3.658620595932007,0.20112037658691406,8.890281677246094,0.777649998664856,-0.06653887033462524,0.004288284573704004,0.014127597212791443,0.05175919830799103
z0y624x144,17,A,True,1300,0.17626456916332245,3.68526554107666,0.20490340888500214,8.886985778808594,0.751186192035675,-0.040075063705444336,0.004246833268553019,0.00374525785446167,0.055835939943790436
z0y624x144,17,A,True,1350,0.17499293386936188,3.7135894298553467,0.20683230459690094,8.886876106262207,0.75618577003479,-0.045074641704559326,0.0028505725786089897,0.0012716352939605713,0.0701122134923935
z0y624x144,17,A,True,1400,0.17880728840827942,3.7545435428619385,0.20798325538635254,8.88577651977539,0.7587507367134094,-0.04763960838317871,0.0024883118458092213,0.0038143545389175415,0.09797194600105286
z0y624x144,17,A,True,1450,0.1828300654888153,3.8121602535247803,0.21085558831691742,8.883138656616211,0.782874584197998,-0.07176345586776733,0.0035021768417209387,0.004022777080535889,0.13450977206230164
z0y624x144,17,A,True,1500,0.16696524620056152,3.824080228805542,0.21258780360221863,8.885887145996094,0.7525811791419983,-0.04147005081176758,0.003850579494610429,0.015864819288253784,0.04206456243991852
z0y624x144,17,A,True,1550,0.16933929920196533,3.874770402908325,0.21696732938289642,8.88390827178955,0.7728897333145142,-0.06177860498428345,0.0044351923279464245,0.0023740530014038086,0.1021859422326088
z0y624x144,17,A,True,1600,0.15877139568328857,3.9020659923553467,0.2190043032169342,8.885336875915527,0.7629672288894653,-0.05185610055923462,0.005966987926512957,0.010567903518676758,0.0914352759718895
z0y624x144,17,A,True,1650,0.1629839390516281,3.942265272140503,0.2206161767244339,8.884568214416504,0.7708610892295837,-0.05974996089935303,0.00164487783331424,0.004212543368339539,0.08439818769693375
z0y624x144,17,A,True,1700,0.1760099232196808,3.991647720336914,0.22522906959056854,8.878960609436035,0.7907025814056396,-0.07959145307540894,0.0051388218998909,0.013025984168052673,0.10806930065155029
z0y624x144,17,A,True,1750,0.14721058309078217,3.9946823120117188,0.2296629548072815,8.88709545135498,0.7318407893180847,-0.020729660987854004,0.00942977610975504,0.02879934012889862,0.05682165548205376
z0y624x144,17,A,True,1800,0.1363227516412735,4.022532939910889,0.23165620863437653,8.89291763305664,0.7206057906150818,-0.009494662284851074,0.0063062263652682304,0.010887831449508667,0.0976649820804596
z0y624x144,17,A,True,1850,0.14197920262813568,4.069828510284424,0.2330310344696045,8.896430969238281,0.7320767045021057,-0.020965576171875,0.002703940263018012,0.005656450986862183,0.12408247590065002
z0y624x144,17,A,True,1900,0.14716823399066925,4.126793384552002,0.23442710936069489,8.896211624145508,0.7357972860336304,-0.024686157703399658,0.0016904156655073166,0.005189031362533569,0.11471627652645111
z0y624x144,17,A,True,1950,0.14373618364334106,4.184875011444092,0.23738786578178406,8.895113945007324,0.7573487162590027,-0.04623758792877197,0.0031710807234048843,0.003432050347328186,0.12435147911310196
z0y624x144,17,A,True,2000,0.1400088369846344,4.22872257232666,0.2392987459897995,8.900382041931152,0.7540729641914368,-0.042961835861206055,0.00467564957216382,0.003727346658706665,0.11641738563776016
z0y624x144,17,A,True,2050,0.12697993218898773,4.265380382537842,0.24137793481349945,8.905427932739258,0.7357877492904663,-0.024676620960235596,0.0026470618322491646,0.013028904795646667,0.08561963587999344
z0y624x144,17,A,True,2100,0.12092307955026627,4.304204940795898,0.24273815751075745,8.91364860534668,0.7324427962303162,-0.02133166790008545,0.0021026639733463526,0.006056852638721466,0.08617576956748962
z0y624x144,17,A,True,2150,0.12299641966819763,4.333868503570557,0.2455175369977951,8.918357849121094,0.7270203232765198,-0.015909194946289062,0.0033673332072794437,0.002073340117931366,0.07176081836223602
z0y624x144,17,A,True,2200,0.12351518869400024,4.373876094818115,0.24941593408584595,8.924488067626953,0.7468675374984741,-0.03575640916824341,0.005525398533791304,0.0005187690258026123,0.08944407105445862
z0y624x144,17,A,True,2250,0.1234816461801529,4.407547473907471,0.2514347434043884,8.929191589355469,0.7237415313720703,-0.0126304030418396,0.0038677009288221598,3.3542513847351074e-05,0.08515844494104385
z0y624x144,17,A,True,2300,0.12349317222833633,4.446015357971191,0.2519197463989258,8.933674812316895,0.7271539568901062,-0.01604282855987549,0.002209102502092719,1.1526048183441162e-05,0.09190382063388824
z0y624x144,17,A,True,2350,0.14074887335300446,4.537576675415039,0.25301122665405273,8.929410934448242,0.7525045871734619,-0.0413934588432312,0.0043811802752316,0.01725570112466812,0.18895941972732544
z0y624x144,17,A,True,2400,0.13270209729671478,4.58814001083374,0.2544454038143158,8.941214561462402,0.738763689994812,-0.0276525616645813,0.005276200827211142,0.008046776056289673,0.1357477307319641
z0y624x144,17,A,True,2450,0.13587388396263123,4.666884899139404,0.2548322081565857,8.947765350341797,0.7355870008468628,-0.02447587251663208,0.0015865666791796684,0.003171786665916443,0.17141258716583252
z0y624x144,17,A,True,2500,0.12268754839897156,4.739620685577393,0.25709018111228943,8.946673393249512,0.7357144355773926,-0.024603307247161865,0.004323760513216257,0.013186335563659668,0.1437074989080429
z0y624x144,17,A,True,2550,0.10891958326101303,4.800546169281006,0.2616339921951294,8.950711250305176,0.7124508619308472,-0.001339733600616455,0.00545984273776412,0.013767965137958527,0.13483111560344696
z0y624x144,17,A,True,2600,0.10873971879482269,4.875680923461914,0.26585853099823,8.957036972045898,0.7265022993087769,-0.015391170978546143,0.004856102168560028,0.00017986446619033813,0.16942699253559113
z0y624x144,17,A,True,2650,0.10647468268871307,4.938680171966553,0.2638579308986664,8.964883804321289,0.7261489629745483,-0.015037834644317627,0.0022395749110728502,0.002265036106109619,0.12259712815284729
z0y624x144,17,A,True,2700,0.11041796952486038,4.997808933258057,0.2626151144504547,8.966626167297363,0.7224981188774109,-0.011386990547180176,0.0019516873871907592,0.003943286836147308,0.12494641542434692
z0y624x144,17,A,True,2750,0.11849762499332428,5.0895843505859375,0.26499852538108826,8.964447975158691,0.7576523423194885,-0.04654121398925781,0.0029978430829942226,0.008079655468463898,0.18818779289722443
z0y624x144,17,A,True,2800,0.10978757590055466,5.167047023773193,0.2699490785598755,8.97087287902832,0.7143979668617249,-0.0032868385314941406,0.006101795006543398,0.008710049092769623,0.18163198232650757
z0y624x144,17,A,True,2850,0.10584450513124466,5.252095699310303,0.27203747630119324,8.973158836364746,0.719940185546875,-0.008829057216644287,0.003581296419724822,0.0039430707693099976,0.1728578358888626
z0y624x144,17,A,True,2900,0.10122045874595642,5.309047222137451,0.27152585983276367,8.973812103271484,0.7167189717292786,-0.0056078433990478516,0.003438142826780677,0.0046240463852882385,0.10384892672300339
z0y624x144,17,A,True,2950,0.09427005797624588,5.356690883636475,0.27107661962509155,8.977293014526367,0.7162154316902161,-0.0051043033599853516,0.0016490890411660075,0.006950400769710541,0.09336604177951813
z0y624x144,17,A,True,2999,0.1040116399526596,5.4469146728515625,0.2674616575241089,8.9842529296875,0.731533944606781,-0.020422816276550293,0.005245869047939777,0.009741581976413727,0.20728440582752228
z0y624x144,18,A,True,0,0.7255765199661255,2.0100114345550537,0.002759403781965375,9.890316009521484,0.7255793213844299,-0.05335712432861328,0.002759403781965375,0.025393426418304443,0.017340458929538727
z0y624x144,18,A,True,50,1.6355242729187012,2.412874937057495,0.06067755073308945,9.890859603881836,1.6356909275054932,-0.9634687304496765,0.059193205088377,0.9099477529525757,0.6978256106376648
z0y624x144,18,A,True,100,1.575927495956421,2.9762508869171143,0.11566881090402603,9.892858505249023,1.590583086013794,-0.9183608889579773,0.05653008818626404,0.05959677696228027,0.9761033058166504
z0y624x144,18,A,True,150,1.4745237827301025,3.761650800704956,0.17370466887950897,9.948009490966797,1.5417019128799438,-0.8694797158241272,0.06310880184173584,0.10140371322631836,1.398170828819275
z0y624x144,18,A,True,200,1.148822546005249,4.774633884429932,0.2494480013847351,10.064635276794434,1.281449556350708,-0.6092273592948914,0.0854155644774437,0.3257012367248535,1.94697904586792
z0y624x144,18,A,True,250,0.8842088580131531,5.63134765625,0.28766781091690063,10.146798133850098,1.0691510438919067,-0.3969288468360901,0.05477632209658623,0.26461368799209595,1.8583906888961792
z0y624x144,18,A,True,300,0.6852831244468689,6.131338596343994,0.3005980849266052,10.197105407714844,0.934267520904541,-0.26204532384872437,0.03628365322947502,0.19892573356628418,1.2834523916244507
z0y624x144,18,A,True,350,0.5910160541534424,6.511180400848389,0.3084449768066406,10.24208927154541,0.869712769985199,-0.19749057292938232,0.029348628595471382,0.09426707029342651,1.0519053936004639
z0y624x144,18,A,True,400,0.5105143189430237,6.869156360626221,0.31417375802993774,10.279943466186523,0.8099016547203064,-0.13767945766448975,0.026296040043234825,0.0805017352104187,1.0126816034317017
z0y624x144,18,A,True,450,0.45889294147491455,7.129186153411865,0.3177783191204071,10.30655574798584,0.7917913794517517,-0.11956918239593506,0.018351035192608833,0.05162137746810913,0.7046808004379272
z0y624x144,18,A,True,500,0.4184585511684418,7.390041828155518,0.3224232494831085,10.334588050842285,0.7692633271217346,-0.09704113006591797,0.01597445271909237,0.04043439030647278,0.6192201972007751
z0y624x144,18,A,True,550,0.3993833363056183,7.629486560821533,0.3254142105579376,10.357029914855957,0.7643391489982605,-0.09211695194244385,0.013854611665010452,0.019075214862823486,0.5193623304367065
z0y624x144,18,A,True,600,0.38235989212989807,7.839848041534424,0.32901760935783386,10.37535285949707,0.7623975276947021,-0.0901753306388855,0.01070159487426281,0.017023444175720215,0.41408517956733704
z0y624x144,18,A,True,650,0.3387776017189026,8.013737678527832,0.33138763904571533,10.392398834228516,0.7163316607475281,-0.044109463691711426,0.009800550527870655,0.04358229041099548,0.3460416793823242
z0y624x144,18,A,True,700,0.3283756971359253,8.182608604431152,0.3349549174308777,10.409534454345703,0.7198585867881775,-0.04763638973236084,0.009457260370254517,0.010401904582977295,0.32014399766921997
z0y624x144,18,A,True,750,0.3043423295021057,8.355042457580566,0.33824190497398376,10.426383018493652,0.7019270062446594,-0.029704809188842773,0.011081269942224026,0.02403336763381958,0.35349148511886597
z0y624x144,18,A,True,800,0.31703683733940125,8.575201988220215,0.3414589464664459,10.439722061157227,0.715872585773468,-0.04365038871765137,0.008136782795190811,0.012694507837295532,0.4324840307235718
z0y624x144,18,A,True,850,0.3066634237766266,8.784083366394043,0.3428211510181427,10.452412605285645,0.705961287021637,-0.03373908996582031,0.0062025669030845165,0.010373413562774658,0.4363604784011841
z0y624x144,18,A,True,900,0.28003165125846863,8.927998542785645,0.34551799297332764,10.468843460083008,0.6858463883399963,-0.013624191284179688,0.010542593896389008,0.02663177251815796,0.2884661853313446
z0y624x144,18,A,True,950,0.2786591947078705,9.080636024475098,0.3484751880168915,10.482430458068848,0.6816653609275818,-0.009443163871765137,0.008003287017345428,0.0013724565505981445,0.2839968502521515
z0y624x144,18,A,True,1000,0.2729528248310089,9.244161605834961,0.3509063720703125,10.495232582092285,0.6923918128013611,-0.020169615745544434,0.007400588598102331,0.005706369876861572,0.3258039355278015
z0y624x144,18,A,True,1050,0.27603211998939514,9.416810989379883,0.35317739844322205,10.50799560546875,0.7024534940719604,-0.0302312970161438,0.009739087894558907,0.0030792951583862305,0.3496898114681244
z0y624x144,18,A,True,1100,0.2660673260688782,9.55772590637207,0.35536989569664,10.518096923828125,0.6858347058296204,-0.013612508773803711,0.00604122132062912,0.009964793920516968,0.2774902284145355
z0y624x144,18,A,True,1150,0.2697434425354004,9.734862327575684,0.3558560311794281,10.525452613830566,0.69691401720047,-0.02469182014465332,0.005655672866851091,0.003676116466522217,0.3520476818084717
z0y624x144,18,A,True,1200,0.2552734911441803,9.872248649597168,0.35664886236190796,10.532594680786133,0.6878747940063477,-0.015652596950531006,0.006570926867425442,0.014469951391220093,0.2588478624820709
z0y624x144,18,A,True,1250,0.24522282183170319,9.996184349060059,0.3574536442756653,10.539546012878418,0.6882050037384033,-0.01598280668258667,0.004865465220063925,0.010050669312477112,0.23914875090122223
z0y624x144,18,A,True,1300,0.24642419815063477,10.150113105773926,0.3595300614833832,10.545682907104492,0.6809586882591248,-0.008736491203308105,0.004126366227865219,0.0012013763189315796,0.2864944040775299
z0y624x144,18,A,True,1350,0.2312355935573578,10.307234764099121,0.35883578658103943,10.551399230957031,0.6704943776130676,0.0017278194427490234,0.0035005328245460987,0.015188604593276978,0.28095176815986633
z0y624x144,18,A,True,1400,0.24150978028774261,10.443739891052246,0.3600204586982727,10.558708190917969,0.6758824586868286,-0.003660261631011963,0.00607904139906168,0.010274186730384827,0.3696070611476898
z0y624x144,18,A,True,1450,0.2227911502122879,10.551399230957031,0.36093267798423767,10.563724517822266,0.6640287637710571,0.008193433284759521,0.004809628706425428,0.018718630075454712,0.20210301876068115
z0y624x144,18,A,True,1500,0.22447873651981354,10.685561180114746,0.360664963722229,10.568623542785645,0.6718802452087402,0.000341951847076416,0.004457751754671335,0.0016875863075256348,0.28733691573143005
z0y624x144,18,A,True,1550,0.21430562436580658,10.836776733398438,0.36173704266548157,10.576912879943848,0.6659483909606934,0.006273806095123291,0.004558804910629988,0.010173112154006958,0.2896060645580292
z0y624x144,18,A,True,1600,0.2176184356212616,10.96106243133545,0.36250177025794983,10.580052375793457,0.6699855327606201,0.002236664295196533,0.0034995696041733027,0.003312811255455017,0.27448225021362305
z0y624x144,18,A,True,1650,0.21960575878620148,11.098064422607422,0.36426064372062683,10.584712028503418,0.6697657704353333,0.0024564266204833984,0.004490937106311321,0.0019873231649398804,0.2943766415119171
z0y624x144,18,A,True,1700,0.2159389853477478,11.277909278869629,0.3644798994064331,10.589139938354492,0.6684381365776062,0.0037840604782104492,0.0022929266560822725,0.0036667734384536743,0.3384602963924408
z0y624x144,18,A,True,1750,0.22033058106899261,11.362789154052734,0.36445462703704834,10.59001636505127,0.6841269731521606,-0.011904776096343994,0.0037502998020499945,0.004391595721244812,0.18928050994873047
z0y624x144,18,A,True,1800,0.21494413912296295,11.496265411376953,0.3644854426383972,10.595293998718262,0.6678000688552856,0.004422128200531006,0.003475406439974904,0.005386441946029663,0.329936683177948
z0y624x144,18,A,True,1850,0.21411076188087463,11.577906608581543,0.3641408085823059,10.597575187683105,0.6759782433509827,-0.0037560462951660156,0.0024724374525249004,0.0008333772420883179,0.18099920451641083
z0y624x144,18,A,True,1900,0.2146589756011963,11.751843452453613,0.3639359176158905,10.599371910095215,0.6861196160316467,-0.013897418975830078,0.0026833161246031523,0.0005482137203216553,0.35409897565841675
z0y624x144,18,A,True,1950,0.2162257581949234,11.848649024963379,0.3639217019081116,10.601398468017578,0.6859146952629089,-0.013692498207092285,0.0019438619492575526,0.0015667825937271118,0.22540511190891266
z0y624x144,18,A,True,2000,0.19853466749191284,11.968681335449219,0.36218932271003723,10.599740028381348,0.6716998815536499,0.000522315502166748,0.002944575622677803,0.01769109070301056,0.25588175654411316
z0y624x144,18,A,True,2050,0.19723565876483917,12.11603832244873,0.36278587579727173,10.603838920593262,0.6625348925590515,0.009687304496765137,0.00413344195112586,0.0012990087270736694,0.3472791016101837
z0y624x144,18,A,True,2100,0.20633657276630402,12.335121154785156,0.36231857538223267,10.604092597961426,0.6770299673080444,-0.004807770252227783,0.002531900769099593,0.009100914001464844,0.4287404417991638
z0y624x144,18,A,True,2150,0.1967667043209076,12.408482551574707,0.36175331473350525,10.604990005493164,0.6649433970451355,0.007278800010681152,0.0013600108213722706,0.009569868445396423,0.24892796576023102
z0y624x144,18,A,True,2200,0.19015900790691376,12.576716423034668,0.3611588180065155,10.604230880737305,0.6639662384986877,0.008255958557128906,0.0009484203765168786,0.0066076964139938354,0.3298659920692444
z0y624x144,18,A,True,2250,0.1920192688703537,12.663220405578613,0.35962262749671936,10.603425025939941,0.6666756868362427,0.005546510219573975,0.004568229895085096,0.0018602609634399414,0.2820613980293274
z0y624x144,18,A,True,2300,0.19818146526813507,12.753861427307129,0.3605557084083557,10.606831550598145,0.6662135720252991,0.006008625030517578,0.0017242730828002095,0.006162196397781372,0.29458338022232056
z0y624x144,18,A,True,2350,0.18396075069904327,12.914259910583496,0.3597378432750702,10.606717109680176,0.6572827696800232,0.014939427375793457,0.0024701906368136406,0.014220714569091797,0.40406933426856995
z0y624x144,18,A,True,2400,0.1796046793460846,13.018128395080566,0.36142465472221375,10.60975456237793,0.6712425947189331,0.000979602336883545,0.0033178667072206736,0.004356071352958679,0.20640482008457184
z0y624x144,18,A,True,2450,0.1996466964483261,13.21657943725586,0.36267003417015076,10.612239837646484,0.6876877546310425,-0.01546555757522583,0.0024951796513050795,0.020042017102241516,0.38247743248939514
z0y624x144,18,A,True,2500,0.19142651557922363,13.3081693649292,0.3615727424621582,10.610513687133789,0.6827588677406311,-0.010536670684814453,0.002780140144750476,0.008220180869102478,0.3335622549057007
z0y624x144,18,A,True,2550,0.18107305467128754,13.487391471862793,0.3607295751571655,10.609018325805664,0.6758032441139221,-0.0035810470581054688,0.0037270032335072756,0.010353460907936096,0.41565439105033875
z0y624x144,18,A,True,2600,0.18048374354839325,13.670117378234863,0.3595397472381592,10.608695983886719,0.6701107621192932,0.0021114349365234375,0.004202337469905615,0.0005893111228942871,0.40035098791122437
z0y624x144,18,A,True,2650,0.18525034189224243,13.81026840209961,0.35745736956596375,10.605979919433594,0.6737505197525024,-0.001528322696685791,0.002985643455758691,0.004766598343849182,0.41806572675704956
z0y624x144,18,A,True,2700,0.18879839777946472,13.936322212219238,0.35753941535949707,10.609455108642578,0.6849567890167236,-0.012734591960906982,0.0013968267012387514,0.00354805588722229,0.2889256477355957
z0y624x144,18,A,True,2750,0.19142667949199677,14.102283477783203,0.35594651103019714,10.605059623718262,0.7051752209663391,-0.03295302391052246,0.0036339445505291224,0.0026282817125320435,0.3688960373401642
z0y624x144,18,A,True,2800,0.1847180277109146,14.350384712219238,0.35589441657066345,10.604230880737305,0.68935227394104,-0.01713007688522339,0.002195809967815876,0.006708651781082153,0.49334046244621277
z0y624x144,18,A,True,2850,0.1795552670955658,14.514801025390625,0.3578479290008545,10.605841636657715,0.6755892038345337,-0.003367006778717041,0.0030314128380268812,0.005162760615348816,0.3688431680202484
z0y624x144,18,A,True,2900,0.17537535727024078,14.573952674865723,0.35815858840942383,10.60333251953125,0.6746330857276917,-0.002410888671875,0.002008540788665414,0.004179909825325012,0.1756027340888977
z0y624x144,18,A,True,2950,0.17987389862537384,14.843884468078613,0.3566212058067322,10.606854438781738,0.6682356595993042,0.003986537456512451,0.0021210983395576477,0.004498541355133057,0.6169763803482056
z0y624x144,18,A,True,2999,0.18172098696231842,14.977389335632324,0.3558928370475769,10.604828834533691,0.6910344958305359,-0.01881229877471924,0.00244911084882915,0.00184708833694458,0.25928816199302673
z0y624x144,19,B,False,0,0.7244402766227722,2.0100154876708984,0.0027511168736964464,12.953134536743164,0.7244395613670349,-0.03555065393447876,0.0027511168736964464,0.02534860372543335,0.01734733395278454
z0y624x144,19,B,False,50,1.8977733850479126,2.4408271312713623,0.06205129250884056,12.888134002685547,1.897148847579956,-1.2082599401474,0.05996279790997505,1.1733331680297852,0.7480229735374451
z0y624x144,19,B,False,100,1.8417887687683105,3.0229194164276123,0.09604492038488388,12.843331336975098,1.841684341430664,-1.152795433998108,0.03458639234304428,0.05598461627960205,1.0200045108795166
z0y624x144,19,B,False,150,1.481939673423767,3.7884018421173096,0.11201698333024979,12.803407669067383,1.5253705978393555,-0.8364816904067993,0.040215540677309036,0.35984909534454346,1.3389637470245361
z0y624x144,19,B,False,200,0.8722931742668152,4.386772155761719,0.1193147823214531,12.84620189666748,1.1038763523101807,-0.4149874448776245,0.054216645658016205,0.6096464991569519,1.227307677268982
z0y624x144,19,B,False,250,0.6539592146873474,4.620716571807861,0.12475316226482391,12.936763763427734,1.0323011875152588,-0.34341228008270264,0.05297626182436943,0.21833395957946777,0.8635292053222656
z0y624x144,19,B,False,300,0.5240986943244934,4.8574724197387695,0.12939170002937317,12.995567321777344,0.9264872074127197,-0.23759829998016357,0.029717497527599335,0.129860520362854,0.7018614411354065
z0y624x144,19,B,False,350,0.45330461859703064,5.085346698760986,0.13235454261302948,13.026734352111816,0.8608823418617249,-0.1719934344291687,0.01526824664324522,0.07079407572746277,0.5660582184791565
z0y624x144,19,B,False,400,0.46763139963150024,5.3488335609436035,0.13706094026565552,13.044844627380371,0.8772332072257996,-0.1883442997932434,0.01023748517036438,0.014326781034469604,0.6049623489379883
z0y624x144,19,B,False,450,0.4256237745285034,5.565654277801514,0.139285609126091,13.056835174560547,0.8423576354980469,-0.15346872806549072,0.0063247233629226685,0.042007625102996826,0.48290279507637024
z0y624x144,19,B,False,500,0.39545077085494995,5.75192403793335,0.13903582096099854,13.065752029418945,0.8275405764579773,-0.13865166902542114,0.004128011874854565,0.030173003673553467,0.4098445177078247
z0y624x144,19,B,False,550,0.35801222920417786,5.938459873199463,0.1380997747182846,13.07419490814209,0.77659010887146,-0.08770120143890381,0.006979732774198055,0.037438541650772095,0.4149894118309021
z0y624x144,19,B,False,600,0.3358887732028961,6.074686527252197,0.1382768303155899,13.083191871643066,0.7754657864570618,-0.08657687902450562,0.005477479659020901,0.02212345600128174,0.31041449308395386
z0y624x144,19,B,False,650,0.3403538465499878,6.225035190582275,0.13638122379779816,13.085972785949707,0.7662219405174255,-0.07733303308486938,0.003861586796119809,0.004465073347091675,0.33027416467666626
z0y624x144,19,B,False,700,0.33903759717941284,6.380697727203369,0.1329488754272461,13.090113639831543,0.773669421672821,-0.08478051424026489,0.005906119477003813,0.0013162493705749512,0.3461862802505493
z0y624x144,19,B,False,750,0.317979633808136,6.528263568878174,0.13050170242786407,13.09035587310791,0.7523633241653442,-0.06347441673278809,0.0034561031498014927,0.021057963371276855,0.3151719570159912
z0y624x144,19,B,False,800,0.31555283069610596,6.681771755218506,0.12925991415977478,13.09233283996582,0.7510778307914734,-0.062188923358917236,0.003415631363168359,0.0024268031120300293,0.33239081501960754
z0y624x144,19,B,False,850,0.30406197905540466,6.840953826904297,0.1286139041185379,13.097068786621094,0.7409713864326477,-0.05208247900009155,0.003983133006840944,0.011490851640701294,0.3592568039894104
z0y624x144,19,B,False,900,0.289018452167511,6.972413539886475,0.12573771178722382,13.098186492919922,0.7274244427680969,-0.03853553533554077,0.005228725727647543,0.015043526887893677,0.2856963276863098
z0y624x144,19,B,False,950,0.30767902731895447,7.1176581382751465,0.12170172482728958,13.09827995300293,0.7340327501296997,-0.045143842697143555,0.00472200196236372,0.01866057515144348,0.3252500295639038
z0y624x144,19,B,False,1000,0.3024381101131439,7.279313564300537,0.11971575021743774,13.098504066467285,0.7465170621871948,-0.05762815475463867,0.003917257767170668,0.005240917205810547,0.34222108125686646
z0y624x144,19,B,False,1050,0.2900775372982025,7.401763916015625,0.11810315400362015,13.101895332336426,0.727660596370697,-0.03877168893814087,0.0053140828385949135,0.012360572814941406,0.30186885595321655
z0y624x144,19,B,False,1100,0.28374314308166504,7.5381011962890625,0.11676884442567825,13.103423118591309,0.7300337553024292,-0.04114484786987305,0.003975175321102142,0.006334394216537476,0.31593289971351624
z0y624x144,19,B,False,1150,0.2728576362133026,7.673410892486572,0.11581024527549744,13.107745170593262,0.7170295119285583,-0.028140604496002197,0.006510354112833738,0.010885506868362427,0.3556962311267853
z0y624x144,19,B,False,1200,0.2687273323535919,7.781487941741943,0.11503583937883377,13.11109733581543,0.7131122350692749,-0.02422332763671875,0.005840010941028595,0.004130303859710693,0.25497397780418396
z0y624x144,19,B,False,1250,0.27887097001075745,7.952037334442139,0.11233197152614594,13.112606048583984,0.7255703806877136,-0.03668147325515747,0.005923329386860132,0.010143637657165527,0.3830646276473999
z0y624x144,19,B,False,1300,0.26616644859313965,8.108436584472656,0.11060259491205215,13.115435600280762,0.7157952785491943,-0.026906371116638184,0.006521052215248346,0.012704521417617798,0.3418062627315521
z0y624x144,19,B,False,1350,0.2795967757701874,8.255854606628418,0.1117454469203949,13.121930122375488,0.7167534828186035,-0.027864575386047363,0.0074040526524186134,0.01343032717704773,0.3565848469734192
z0y624x144,19,B,False,1400,0.2682191729545593,8.430427551269531,0.11198557913303375,13.127677917480469,0.7150389552116394,-0.026150047779083252,0.006868020631372929,0.011377602815628052,0.40911665558815
z0y624x144,19,B,False,1450,0.25198763608932495,8.552523612976074,0.11036651581525803,13.128384590148926,0.6813377737998962,0.007551133632659912,0.0044479877687990665,0.016231536865234375,0.2680633068084717
z0y624x144,19,B,False,1500,0.2605816125869751,8.720288276672363,0.11312820762395859,13.133962631225586,0.7041388750076294,-0.015249967575073242,0.007674711290746927,0.008593976497650146,0.36388081312179565
z0y624x144,19,B,False,1550,0.26877373456954956,8.86037826538086,0.1140671893954277,13.13701057434082,0.717593252658844,-0.028704345226287842,0.006332794204354286,0.008192121982574463,0.3129226863384247
z0y624x144,19,B,False,1600,0.24646449089050293,8.956131935119629,0.11617357283830643,13.142956733703613,0.6951354146003723,-0.006246507167816162,0.007346414960920811,0.02230924367904663,0.25743380188941956
z0y624x144,19,B,False,1650,0.2386937439441681,9.120781898498535,0.11733325570821762,13.145687103271484,0.6823849678039551,0.006503939628601074,0.004770573694258928,0.007770746946334839,0.3555493950843811
z0y624x144,19,B,False,1700,0.23286795616149902,9.268771171569824,0.11733225733041763,13.14901065826416,0.6908035278320312,-0.0019146203994750977,0.005267536733299494,0.005825787782669067,0.3169555366039276
z0y624x144,19,B,False,1750,0.24091817438602448,9.359546661376953,0.12050467729568481,13.151981353759766,0.704763650894165,-0.015874743461608887,0.006070033647119999,0.008050218224525452,0.22502121329307556
z0y624x144,19,B,False,1800,0.23990267515182495,9.496542930603027,0.12479805946350098,13.158105850219727,0.6963562369346619,-0.007467329502105713,0.007262596860527992,0.001015499234199524,0.3297436237335205
z0y624x144,19,B,False,1850,0.2264781892299652,9.649552345275879,0.1305193156003952,13.166322708129883,0.6811751127243042,0.007713794708251953,0.009496215730905533,0.013424485921859741,0.34316137433052063
z0y624x144,19,B,False,1900,0.24043646454811096,9.840476989746094,0.12984171509742737,13.166897773742676,0.7027657628059387,-0.013876855373382568,0.0034159799106419086,0.013958275318145752,0.4005417823791504
z0y624x144,19,B,False,1950,0.22236685454845428,9.95291805267334,0.13187791407108307,13.170623779296875,0.6847104430198669,0.004178464412689209,0.004296479746699333,0.018069609999656677,0.22862526774406433
z0y624x144,19,B,False,2000,0.2254021167755127,10.054885864257812,0.1388309746980667,13.178481101989746,0.6978164911270142,-0.008927583694458008,0.010103259235620499,0.0030352622270584106,0.2381894737482071
z0y624x144,19,B,False,2050,0.22009196877479553,10.158257484436035,0.1461038738489151,13.18585205078125,0.6871129870414734,0.0017759203910827637,0.008617611601948738,0.005310148000717163,0.2231500744819641
z0y624x144,19,B,False,2100,0.22018210589885712,10.2651948928833,0.1518504023551941,13.191276550292969,0.6866797208786011,0.002209186553955078,0.0075567858293652534,9.013712406158447e-05,0.267681747674942
z0y624x144,19,B,False,2150,0.21997061371803284,10.356694221496582,0.15905319154262543,13.200933456420898,0.6765164136886597,0.012372493743896484,0.009741016663610935,0.00021149218082427979,0.232493057847023
z0y624x144,19,B,False,2200,0.22281944751739502,10.495963096618652,0.1693621128797531,13.209068298339844,0.6947072148323059,-0.005818307399749756,0.013617677614092827,0.0028488337993621826,0.3171941041946411
z0y624x144,19,B,False,2250,0.2195759415626526,10.699355125427246,0.17429865896701813,13.212709426879883,0.6852800250053406,0.003608882427215576,0.006816895678639412,0.0032435059547424316,0.42870548367500305
z0y624x144,19,B,False,2300,0.20894384384155273,10.774940490722656,0.18240217864513397,13.222258567810059,0.6782891750335693,0.010599732398986816,0.009770866483449936,0.010632097721099854,0.1568281501531601
z0y624x144,19,B,False,2350,0.19731971621513367,10.921645164489746,0.19186441600322723,13.230952262878418,0.6708134412765503,0.01807546615600586,0.011258015409111977,0.011624127626419067,0.3296745717525482
z0y624x144,19,B,False,2400,0.21186122298240662,11.114727973937988,0.19639140367507935,13.235601425170898,0.6930542588233948,-0.004165351390838623,0.005856931675225496,0.01454150676727295,0.40644994378089905
z0y624x144,19,B,False,2450,0.1840088963508606,11.201766967773438,0.20902632176876068,13.247641563415527,0.6700587868690491,0.01883012056350708,0.013350995257496834,0.02785232663154602,0.19567231833934784
z0y624x144,19,B,False,2500,0.2017647624015808,11.34550952911377,0.2068001627922058,13.246037483215332,0.6940965056419373,-0.0052075982093811035,0.0033382498659193516,0.017755866050720215,0.27469387650489807
z0y624x144,19,B,False,2550,0.2016412317752838,11.494683265686035,0.2074953317642212,13.244894981384277,0.6949924826622009,-0.006103575229644775,0.0014692675322294235,0.00012353062629699707,0.3057801425457001
z0y624x144,19,B,False,2600,0.19204804301261902,11.63848876953125,0.21146205067634583,13.245429992675781,0.6845159530639648,0.004372954368591309,0.005618772003799677,0.009593188762664795,0.3704024851322174
z0y624x144,19,B,False,2650,0.20308400690555573,11.791645050048828,0.21632970869541168,13.249262809753418,0.6840218305587769,0.004867076873779297,0.0059714061208069324,0.011035963892936707,0.4316571056842804
z0y624x144,19,B,False,2700,0.1925995647907257,11.94570255279541,0.22762461006641388,13.261326789855957,0.6832320690155029,0.005656838417053223,0.01195785216987133,0.010484442114830017,0.34833335876464844
z0y624x144,19,B,False,2750,0.1996445655822754,12.098767280578613,0.24153123795986176,13.271190643310547,0.6912044286727905,-0.002315521240234375,0.014661367051303387,0.007045000791549683,0.3973734378814697
z0y624x144,19,B,False,2800,0.18403872847557068,12.233563423156738,0.2526344358921051,13.281820297241211,0.6812160015106201,0.007672905921936035,0.01223327498883009,0.015605837106704712,0.320950448513031
z0y624x144,19,B,False,2850,0.1890648454427719,12.39989185333252,0.2628033459186554,13.291375160217285,0.6886335015296936,0.00025540590286254883,0.01141671184450388,0.005026116967201233,0.3716307580471039
z0y624x144,19,B,False,2900,0.18319295346736908,12.454388618469238,0.27409371733665466,13.303143501281738,0.6753891110420227,0.013499796390533447,0.011885246261954308,0.005871891975402832,0.11776898056268692
z0y624x144,19,B,False,2950,0.18516264855861664,12.570490837097168,0.2776303291320801,13.305144309997559,0.6788955330848694,0.009993374347686768,0.0039722854271531105,0.0019696950912475586,0.31337371468544006
z0y624x144,19,B,False,2999,0.17886602878570557,12.657214164733887,0.29313331842422485,13.318202018737793,0.6867328882217407,0.0021560192108154297,0.016198577359318733,0.006296619772911072,0.2617909610271454
z0y624x144,20,A,False,0,0.7240132093429565,2.0100247859954834,0.002772292587906122,10.87208080291748,0.7240127921104431,0.03709834814071655,0.002772292587906122,0.02544504404067993,0.01736302673816681
z0y624x144,20,A,False,50,2.169661521911621,2.508272886276245,0.01458163931965828,10.8681058883667,2.1697399616241455,-1.4086288213729858,0.015521308407187462,1.4456483125686646,0.8635447025299072
z0y624x144,20,A,False,100,2.040491819381714,3.176100015640259,0.006010939367115498,10.894356727600098,2.046194076538086,-1.2850829362869263,0.019009456038475037,0.12916970252990723,1.1573777198791504
z0y624x144,20,A,False,150,1.3097591400146484,4.073821544647217,0.05617006868124008,11.00998306274414,1.3996202945709229,-0.6385091543197632,0.05199644714593887,0.7307326793670654,1.5815421342849731
z0y624x144,20,A,False,200,0.7341353297233582,4.5323567390441895,0.1062837764620781,11.135331153869629,1.0589208602905273,-0.2978097200393677,0.053906626999378204,0.5756238102912903,0.8906753063201904
z0y624x144,20,A,False,250,0.3976430296897888,4.490814208984375,0.13836033642292023,11.227624893188477,0.8643789291381836,-0.10326778888702393,0.03370451182126999,0.33649230003356934,0.20597970485687256
z0y624x144,20,A,False,300,0.30112606287002563,4.443974018096924,0.14897680282592773,11.274886131286621,0.8233382701873779,-0.06222712993621826,0.010959896259009838,0.09651696681976318,0.11851291358470917
z0y624x144,20,A,False,350,0.2685619592666626,4.426090240478516,0.15306538343429565,11.296690940856934,0.7907191514968872,-0.02960801124572754,0.004497674759477377,0.03256410360336304,0.04949207976460457
z0y624x144,20,A,False,400,0.2544582784175873,4.418406963348389,0.155034601688385,11.310471534729004,0.7874817848205566,-0.026370644569396973,0.002251549158245325,0.014103680849075317,0.01820560172200203
z0y624x144,20,A,False,450,0.24780869483947754,4.418010234832764,0.15617607533931732,11.31595230102539,0.7998695969581604,-0.03875845670700073,0.0016722270520403981,0.006649583578109741,0.013780624605715275
z0y624x144,20,A,False,500,0.23575396835803986,4.415862560272217,0.15581123530864716,11.317548751831055,0.7792791128158569,-0.018167972564697266,0.0009723330731503665,0.012054726481437683,0.023323439061641693
z0y624x144,20,A,False,550,0.22402359545230865,4.421011924743652,0.15511664748191833,11.316060066223145,0.7665865421295166,-0.005475401878356934,0.0015267515555024147,0.011730372905731201,0.01315485592931509
z0y624x144,20,A,False,600,0.21778908371925354,4.430727481842041,0.15424099564552307,11.313470840454102,0.7734442949295044,-0.012333154678344727,0.0016842042095959187,0.006234511733055115,0.020381107926368713
z0y624x144,20,A,False,650,0.20234128832817078,4.42869234085083,0.15332439541816711,11.310169219970703,0.7404230237007141,0.020688116550445557,0.0011251824907958508,0.015447795391082764,0.005601303651928902
z0y624x144,20,A,False,700,0.199072003364563,4.439708232879639,0.1524142175912857,11.305418968200684,0.7736031413078308,-0.012492001056671143,0.001317923073656857,0.003269284963607788,0.019459828734397888
z0y624x144,20,A,False,750,0.19400782883167267,4.446183681488037,0.14935001730918884,11.298462867736816,0.7588521838188171,0.0022589564323425293,0.00323741533793509,0.00506417453289032,0.011444788426160812
z0y624x144,20,A,False,800,0.19221477210521698,4.452600002288818,0.14811912178993225,11.29403305053711,0.7672087550163269,-0.006097614765167236,0.0013710878556594253,0.0017930567264556885,0.014410494826734066
z0y624x144,20,A,False,850,0.181608647108078,4.457545757293701,0.1465633660554886,11.289146423339844,0.7469924688339233,0.014118671417236328,0.0016382606700062752,0.010606124997138977,0.010441106744110584
z0y624x144,20,A,False,900,0.1770753115415573,4.468257427215576,0.14492641389369965,11.283435821533203,0.75586998462677,0.0052411556243896484,0.0018233925802633166,0.004533335566520691,0.019036883488297462
z0y624x144,20,A,False,950,0.17188435792922974,4.4678239822387695,0.14245173335075378,11.277375221252441,0.7500036358833313,0.01110750436782837,0.0026099979877471924,0.005190953612327576,0.0015403205761685967
z0y624x144,20,A,False,1000,0.16342957317829132,4.4661173820495605,0.14144517481327057,11.276206016540527,0.7413659691810608,0.019745171070098877,0.0010312407976016402,0.008454784750938416,0.014646276831626892
z0y624x144,20,A,False,1050,0.15822140872478485,4.473703384399414,0.1404181718826294,11.27302360534668,0.74001544713974,0.021095693111419678,0.0011682257754728198,0.00520816445350647,0.016539422795176506
z0y624x144,20,A,False,1100,0.15221787989139557,4.477048397064209,0.13905765116214752,11.270380973815918,0.7448374629020691,0.016273677349090576,0.0015698777278885245,0.006003528833389282,0.00738106295466423
z0y624x144,20,A,False,1150,0.15133605897426605,4.4863152503967285,0.1386687457561493,11.266697883605957,0.7485502362251282,0.012560904026031494,0.0013514921301975846,0.0008818209171295166,0.01708325557410717
z0y624x144,20,A,False,1200,0.1540839672088623,4.499207973480225,0.13785278797149658,11.263468742370605,0.7625011205673218,-0.0013899803161621094,0.0010790558299049735,0.0027479082345962524,0.026253540068864822
z0y624x144,20,A,False,1250,0.15593014657497406,4.5111165046691895,0.13733534514904022,11.26010799407959,0.7717868685722351,-0.01067572832107544,0.0012644743546843529,0.0018461793661117554,0.027889268472790718
z0y624x144,20,A,False,1300,0.14492367208003998,4.511692523956299,0.13623933494091034,11.261279106140137,0.741208553314209,0.019902586936950684,0.001787839224562049,0.011006474494934082,0.010546171106398106
z0y624x144,20,A,False,1350,0.14407563209533691,4.525041580200195,0.13556678593158722,11.258698463439941,0.7530007362365723,0.008110404014587402,0.0013727548066526651,0.000848039984703064,0.02410467155277729
z0y624x144,20,A,False,1400,0.1392824500799179,4.53548002243042,0.13547402620315552,11.259197235107422,0.7507098913192749,0.010401248931884766,0.0008664339547976851,0.004793182015419006,0.026123585179448128
z0y624x144,20,A,False,1450,0.13584215939044952,4.543034076690674,0.13522349298000336,11.257874488830566,0.7433465719223022,0.017764568328857422,0.0002765721292234957,0.003440290689468384,0.024153290316462517
z0y624x144,20,A,False,1500,0.13279548287391663,4.555596351623535,0.13428378105163574,11.256291389465332,0.7568749189376831,0.0042362213134765625,0.0013470202684402466,0.003046676516532898,0.02526182122528553
z0y624x144,20,A,False,1550,0.12881462275981903,4.562296390533447,0.13479498028755188,11.25757122039795,0.7477251887321472,0.013385951519012451,0.0007426649681292474,0.003980860114097595,0.020653553307056427
z0y624x144,20,A,False,1600,0.1254277527332306,4.5670318603515625,0.13500016927719116,11.259002685546875,0.7279450297355652,0.03316611051559448,0.001852424698881805,0.00338687002658844,0.020233802497386932
z0y624x144,20,A,False,1650,0.12389559298753738,4.574398040771484,0.13467834889888763,11.257072448730469,0.7406297922134399,0.020481348037719727,0.0010368488729000092,0.0015321597456932068,0.025166083127260208
z0y624x144,20,A,False,1700,0.12059129029512405,4.581827640533447,0.1339567005634308,11.252625465393066,0.7475823760032654,0.013528764247894287,0.0009500453597865999,0.00330430269241333,0.01746760495007038
z0y624x144,20,A,False,1750,0.1153038889169693,4.589367866516113,0.13438525795936584,11.256183624267578,0.7335509061813354,0.02756023406982422,0.0014287021476775408,0.005287401378154755,0.018065286800265312
z0y624x144,20,A,False,1800,0.11131034046411514,4.6009368896484375,0.13435029983520508,11.2529296875,0.7280350923538208,0.03307604789733887,0.0011114934459328651,0.0039935484528541565,0.024208707734942436
z0y624x144,20,A,False,1850,0.1122368797659874,4.617592811584473,0.13499294221401215,11.250998497009277,0.7420939207077026,0.01901721954345703,0.0012890547513961792,0.0009265393018722534,0.03109494037926197
z0y624x144,20,A,False,1900,0.10963927954435349,4.62622594833374,0.13469251990318298,11.252756118774414,0.7210469841957092,0.04006415605545044,0.0015199201880022883,0.002597600221633911,0.01709906756877899
z0y624x144,20,A,False,1950,0.10785151273012161,4.636377811431885,0.13488049805164337,11.248871803283691,0.736653745174408,0.02445739507675171,0.0004544345720205456,0.0017877668142318726,0.028813747689127922
z0y624x144,20,A,False,2000,0.10455004870891571,4.653885841369629,0.13596543669700623,11.248719215393066,0.743423581123352,0.017687559127807617,0.002315894467756152,0.003301464021205902,0.03300817310810089
z0y624x144,20,A,False,2050,0.09906347095966339,4.657145977020264,0.13454508781433105,11.242033004760742,0.7247610092163086,0.036350131034851074,0.0014447029680013657,0.005486577749252319,0.013831273652613163
z0y624x144,20,A,False,2100,0.10011503100395203,4.665859222412109,0.13576504588127136,11.244247436523438,0.7224109172821045,0.038700222969055176,0.0015814220532774925,0.0010515600442886353,0.016325123608112335
z0y624x144,20,A,False,2150,0.09870562702417374,4.677407741546631,0.13643810153007507,11.24314022064209,0.7199882864952087,0.04112285375595093,0.0009070064406841993,0.0014094039797782898,0.023804161697626114
z0y624x144,20,A,False,2200,0.09768592566251755,4.690120697021484,0.13526910543441772,11.241793632507324,0.7234639525413513,0.03764718770980835,0.0016236657975241542,0.001019701361656189,0.026438165456056595
z0y624x144,20,A,False,2250,0.09792310744524002,4.70068883895874,0.135602205991745,11.239078521728516,0.7213354110717773,0.039775729179382324,0.0009381402633152902,0.00023718178272247314,0.019005177542567253
z0y624x144,20,A,False,2300,0.0956997275352478,4.707973957061768,0.13537149131298065,11.236841201782227,0.737764298915863,0.02334684133529663,0.0014534537913277745,0.002223379909992218,0.020154869183897972
z0y624x144,20,A,False,2350,0.094111867249012,4.721175670623779,0.13529781997203827,11.236167907714844,0.730440616607666,0.030670523643493652,0.0006303816335275769,0.0015878602862358093,0.02406417392194271
z0y624x144,20,A,False,2400,0.09492556750774384,4.726284503936768,0.1356297731399536,11.232342720031738,0.7259902954101562,0.03512084484100342,0.0005251248367130756,0.000813700258731842,0.011275394819676876
z0y624x144,20,A,False,2450,0.09507178515195847,4.739758014678955,0.13534456491470337,11.229452133178711,0.7318342328071594,0.029276907444000244,0.0008768209372647107,0.00014621764421463013,0.025417381897568703
z0y624x144,20,A,False,2500,0.09312639385461807,4.749810218811035,0.13474932312965393,11.227190017700195,0.7272524237632751,0.03385871648788452,0.0007426447700709105,0.001945391297340393,0.018148593604564667
z0y624x144,20,A,False,2550,0.09429015219211578,4.7613701820373535,0.13507479429244995,11.227190017700195,0.7297769784927368,0.03133416175842285,0.0009282832616008818,0.0011637583374977112,0.023659350350499153
z0y624x144,20,A,False,2600,0.09216929972171783,4.774481296539307,0.13545700907707214,11.222731590270996,0.7365420460700989,0.02456909418106079,0.0008045417489483953,0.0021208524703979492,0.024724634364247322
z0y624x144,20,A,False,2650,0.08701082319021225,4.77990198135376,0.13557490706443787,11.223319053649902,0.711611807346344,0.049499332904815674,0.0005918623064644635,0.005158476531505585,0.016622278839349747
z0y624x144,20,A,False,2700,0.08789566904306412,4.794007301330566,0.13539138436317444,11.220251083374023,0.7175592184066772,0.04355192184448242,0.001764590502716601,0.0008848458528518677,0.02676691859960556
z0y624x144,20,A,False,2750,0.08486997336149216,4.807003498077393,0.13493242859840393,11.2202730178833,0.7380622029304504,0.02304893732070923,0.0013094046153128147,0.0030256956815719604,0.02744976244866848
z0y624x144,20,A,False,2800,0.08409952372312546,4.8212056159973145,0.1353495568037033,11.218096733093262,0.7171269059181213,0.04398423433303833,0.0017280528554692864,0.0007704496383666992,0.03288794308900833
z0y624x144,20,A,False,2850,0.0824691653251648,4.826897144317627,0.13742460310459137,11.22344970703125,0.7178444862365723,0.0432666540145874,0.0023205019533634186,0.0016303583979606628,0.010006039403378963
z0y624x144,20,A,False,2900,0.07887247949838638,4.835794925689697,0.1388644576072693,11.224210739135742,0.7229167222976685,0.03819441795349121,0.0022352831438183784,0.003596685826778412,0.028818752616643906
z0y624x144,20,A,False,2950,0.0766260102391243,4.845336437225342,0.13890360295772552,11.222862243652344,0.7030122876167297,0.05809885263442993,0.00028833787655457854,0.002246469259262085,0.019903002306818962
z0y624x144,20,A,False,2999,0.07413635402917862,4.8576178550720215,0.1386263072490692,11.217683792114258,0.7190580368041992,0.04205310344696045,0.0006371265626512468,0.0024896562099456787,0.030871830880641937
z0y624x144,21,B,False,0,0.7001746296882629,2.005032539367676,0.0005112243816256523,13.833906173706055,0.7001745700836182,-0.011285662651062012,0.0005112243816256523,0.0028570890426635742,0.009738066233694553
z0y624x144,21,B,False,50,1.5956131219863892,2.323014259338379,0.06630553305149078,13.753585815429688,1.5949714183807373,-0.9060825109481812,0.06599347293376923,0.8954384922981262,0.5528102517127991
z0y624x144,21,B,False,100,1.4935524463653564,2.7465178966522217,0.11262483894824982,13.673080444335938,1.4923441410064697,-0.8034552335739136,0.04706510901451111,0.10206067562103271,0.7354369759559631
z0y624x144,21,B,False,150,1.6702302694320679,3.402142286300659,0.1762910932302475,13.568115234375,1.6702650785446167,-0.9813761711120605,0.06473683565855026,0.17667782306671143,1.1483627557754517
z0y624x144,21,B,False,200,1.5320926904678345,4.363437175750732,0.23721906542778015,13.465087890625,1.5382763147354126,-0.8493874073028564,0.061712007969617844,0.1381375789642334,1.6697349548339844
z0y624x144,21,B,False,250,1.2898162603378296,5.352563381195068,0.2718891501426697,13.411893844604492,1.3253984451293945,-0.6365095376968384,0.03631645813584328,0.24227643013000488,1.8021025657653809
z0y624x144,21,B,False,300,0.9802775382995605,5.986158847808838,0.2839495539665222,13.397907257080078,1.0653473138809204,-0.37645840644836426,0.021727895364165306,0.30953872203826904,1.2751121520996094
z0y624x144,21,B,False,350,0.7618594169616699,6.358821868896484,0.28471556305885315,13.391855239868164,0.872137188911438,-0.18324828147888184,0.0109446682035923,0.21841812133789062,0.8611418008804321
z0y624x144,21,B,False,400,0.7191318869590759,6.776166915893555,0.2931569814682007,13.381314277648926,0.8471152186393738,-0.15822631120681763,0.013160821981728077,0.042727530002593994,0.9235682487487793
z0y624x144,21,B,False,450,0.7080552577972412,7.2420196533203125,0.3039540946483612,13.368974685668945,0.8496828079223633,-0.16079390048980713,0.012622865848243237,0.011076629161834717,0.9559611678123474
z0y624x144,21,B,False,500,0.6296865940093994,7.693309783935547,0.31128767132759094,13.36137580871582,0.7725594639778137,-0.08367055654525757,0.008643228560686111,0.0783686637878418,0.8913299441337585
z0y624x144,21,B,False,550,0.6144284009933472,8.07596206665039,0.318593829870224,13.353187561035156,0.7648775577545166,-0.07598865032196045,0.007837613113224506,0.015258193016052246,0.74763023853302
z0y624x144,21,B,False,600,0.5719293355941772,8.445602416992188,0.32322031259536743,13.350298881530762,0.7272054553031921,-0.038316547870635986,0.007058033253997564,0.04249906539916992,0.7613522410392761
z0y624x144,21,B,False,650,0.554288387298584,8.81341552734375,0.3293825387954712,13.342432975769043,0.7178594470024109,-0.028970539569854736,0.006862191949039698,0.01764094829559326,0.6648792028427124
z0y624x144,21,B,False,700,0.5535431504249573,9.166793823242188,0.3339860737323761,13.34005355834961,0.7175186276435852,-0.028629720211029053,0.00648980587720871,0.000745236873626709,0.7450819611549377
z0y624x144,21,B,False,750,0.5112847685813904,9.556048393249512,0.3380805552005768,13.337491035461426,0.683193027973175,0.0056958794593811035,0.004550888668745756,0.042258381843566895,0.7537727952003479
z0y624x144,21,B,False,800,0.4949369430541992,9.969592094421387,0.3433813154697418,13.334928512573242,0.6678338050842285,0.021055102348327637,0.006063937209546566,0.016347825527191162,0.7755393981933594
z0y624x144,21,B,False,850,0.5395880937576294,10.392669677734375,0.34800535440444946,13.330533981323242,0.7194972038269043,-0.030608296394348145,0.004649492911994457,0.044651150703430176,0.8302246928215027
z0y624x144,21,B,False,900,0.5077016353607178,10.766234397888184,0.35038384795188904,13.329690933227539,0.693979024887085,-0.005090117454528809,0.0031755752861499786,0.03188645839691162,0.7192569971084595
z0y624x144,21,B,False,950,0.4860146641731262,11.127341270446777,0.3536565899848938,13.328811645507812,0.6760767102241516,0.012812197208404541,0.004341131076216698,0.021686971187591553,0.6495851874351501
z0y624x144,21,B,False,1000,0.47947070002555847,11.447540283203125,0.35498660802841187,13.330717086791992,0.6794506311416626,0.009438276290893555,0.0037208804860711098,0.006543964147567749,0.639536440372467
z0y624x144,21,B,False,1050,0.4751174747943878,11.712817192077637,0.35677239298820496,13.330166816711426,0.666737973690033,0.022150933742523193,0.0027527499478310347,0.004353225231170654,0.4843635857105255
z0y624x144,21,B,False,1100,0.4470246434211731,12.080519676208496,0.3598570227622986,13.329141616821289,0.6415130496025085,0.04737585783004761,0.004052357282489538,0.02809283137321472,0.7264842987060547
z0y624x144,21,B,False,1150,0.42820584774017334,12.29920482635498,0.3608645498752594,13.330570220947266,0.6283416152000427,0.06054729223251343,0.0027996739372611046,0.018818795680999756,0.3888935148715973
z0y624x144,21,B,False,1200,0.44574496150016785,12.69747257232666,0.3628893494606018,13.331961631774902,0.6442306041717529,0.04465830326080322,0.00504904892295599,0.017539113759994507,0.8254240155220032
z0y624x144,21,B,False,1250,0.45487669110298157,12.95004940032959,0.3644388020038605,13.332621574401855,0.6526837348937988,0.036205172538757324,0.0033092035446316004,0.00913172960281372,0.5125307440757751
z0y624x144,21,B,False,1300,0.43773937225341797,13.179439544677734,0.36487075686454773,13.333683013916016,0.6387315392494202,0.050157368183135986,0.0023328852839767933,0.0171373188495636,0.4406677484512329
z0y624x144,21,B,False,1350,0.4252578616142273,13.454998970031738,0.36670204997062683,13.333024024963379,0.6280967593193054,0.06079214811325073,0.0028985128737986088,0.012481510639190674,0.504418134689331
z0y624x144,21,B,False,1400,0.46704867482185364,13.758135795593262,0.36891525983810425,13.332181930541992,0.6743738055229187,0.014515101909637451,0.0032458852510899305,0.04179081320762634,0.5913881659507751
z0y624x144,21,B,False,1450,0.43577873706817627,14.107592582702637,0.37025266885757446,13.333646774291992,0.6451202630996704,0.04376864433288574,0.004263158887624741,0.03126993775367737,0.6588552594184875
z0y624x144,21,B,False,1500,0.4336382746696472,14.322811126708984,0.3702898323535919,13.335477828979492,0.6397346258163452,0.04915428161621094,0.003041628748178482,0.0021404623985290527,0.4502374827861786
z0y624x144,21,B,False,1550,0.4052325189113617,14.453816413879395,0.3692333698272705,13.337637901306152,0.6072162389755249,0.08167266845703125,0.0037129779811948538,0.028405755758285522,0.2947307229042053
z0y624x144,21,B,False,1600,0.4379376471042633,14.780284881591797,0.37211987376213074,13.336978912353516,0.6516621708869934,0.037226736545562744,0.003401300171390176,0.03270512819290161,0.5912558436393738
z0y624x144,21,B,False,1650,0.43526914715766907,14.943560600280762,0.3733733594417572,13.336978912353516,0.649130642414093,0.039758265018463135,0.0027537676505744457,0.0026684999465942383,0.3660597503185272
z0y624x144,21,B,False,1700,0.41781964898109436,14.991317749023438,0.36917197704315186,13.343347549438477,0.627538800239563,0.061350107192993164,0.008239482529461384,0.017449498176574707,0.3305301368236542
z0y624x144,21,B,False,1750,0.4153498411178589,15.080279350280762,0.36934152245521545,13.345250129699707,0.6294335126876831,0.05945539474487305,0.0031924659851938486,0.0024698078632354736,0.22608673572540283
z0y624x144,21,B,False,1800,0.40513908863067627,15.406346321105957,0.371751993894577,13.34462833404541,0.6216910481452942,0.06719785928726196,0.0032931326422840357,0.010210752487182617,0.6062030792236328
z0y624x144,21,B,False,1850,0.41644924879074097,15.518535614013672,0.36998969316482544,13.347481727600098,0.6334217190742493,0.055467188358306885,0.004306370858103037,0.011310160160064697,0.304671049118042
z0y624x144,21,B,False,1900,0.39076775312423706,15.66711711883545,0.36712685227394104,13.354211807250977,0.604396641254425,0.0844922661781311,0.00795021466910839,0.025681495666503906,0.4219869077205658
z0y624x144,21,B,False,1950,0.42014774680137634,15.83354663848877,0.36899882555007935,13.356039047241211,0.636091947555542,0.05279695987701416,0.004593030549585819,0.029379993677139282,0.32517707347869873
z0y624x144,21,B,False,2000,0.40686720609664917,16.089332580566406,0.3702681064605713,13.357464790344238,0.6184071898460388,0.07048171758651733,0.0034294009674340487,0.013280540704727173,0.4985600709915161
z0y624x144,21,B,False,2050,0.40875035524368286,16.167943954467773,0.3683822453022003,13.362435340881348,0.620213508605957,0.06867539882659912,0.00599069194868207,0.0018831491470336914,0.1803685575723648
z0y624x144,21,B,False,2100,0.40560227632522583,16.264245986938477,0.36644989252090454,13.36546802520752,0.6194619536399841,0.06942695379257202,0.004148932173848152,0.0031480789184570312,0.23425602912902832
z0y624x144,21,B,False,2150,0.42356714606285095,16.48118019104004,0.3691460192203522,13.364555358886719,0.6337389349937439,0.055149972438812256,0.0037124555092304945,0.017964869737625122,0.42180490493774414
z0y624x144,21,B,False,2200,0.4274331033229828,16.602067947387695,0.3701441287994385,13.365906715393066,0.640418529510498,0.048470377922058105,0.002420777454972267,0.003865957260131836,0.3380747437477112
z0y624x144,21,B,False,2250,0.4352682828903198,16.62932586669922,0.3678586483001709,13.370655059814453,0.6457422375679016,0.04314666986465454,0.005482068285346031,0.007835179567337036,0.21819932758808136
z0y624x144,21,B,False,2300,0.39191585779190063,16.735565185546875,0.36547765135765076,13.376022338867188,0.5994781255722046,0.08941078186035156,0.005912158638238907,0.04335242509841919,0.2864000201225281
z0y624x144,21,B,False,2350,0.4070335030555725,16.96527862548828,0.3664936125278473,13.377299308776855,0.6135549545288086,0.07533395290374756,0.002358465688303113,0.015117645263671875,0.44703802466392517
z0y624x144,21,B,False,2400,0.4274180233478546,16.9543399810791,0.3651823401451111,13.38149642944336,0.6364232301712036,0.05246567726135254,0.005085729528218508,0.020384520292282104,0.3934895694255829
z0y624x144,21,B,False,2450,0.4042838513851166,17.162151336669922,0.36207351088523865,13.385947227478027,0.6085729598999023,0.08031594753265381,0.005302704405039549,0.023134171962738037,0.4317840337753296
z0y624x144,21,B,False,2500,0.39777082204818726,17.262983322143555,0.36133337020874023,13.389083862304688,0.6025089025497437,0.0863800048828125,0.004309671465307474,0.006513029336929321,0.2687305808067322
z0y624x144,21,B,False,2550,0.41894832253456116,17.35007667541504,0.35975852608680725,13.393386840820312,0.626930832862854,0.06195807456970215,0.005410081706941128,0.0211775004863739,0.34482139348983765
z0y624x144,21,B,False,2600,0.3978327810764313,17.440507888793945,0.35841596126556396,13.396084785461426,0.6069349050521851,0.0819540023803711,0.0022304756566882133,0.021115541458129883,0.3444695770740509
z0y624x144,21,B,False,2650,0.39731699228286743,17.455751419067383,0.35817471146583557,13.400931358337402,0.6070185303688049,0.08187037706375122,0.004776554647833109,0.0005157887935638428,0.05958724766969681
z0y624x144,21,B,False,2700,0.4227795898914337,17.553537368774414,0.3546516001224518,13.405303001403809,0.6349648237228394,0.0539240837097168,0.005410732235759497,0.025462597608566284,0.30596092343330383
z0y624x144,21,B,False,2750,0.40809550881385803,17.710535049438477,0.3544727861881256,13.409345626831055,0.6174987554550171,0.07139015197753906,0.005430353805422783,0.014684081077575684,0.3747898042201996
z0y624x144,21,B,False,2800,0.40420857071876526,17.6778564453125,0.35039710998535156,13.413350105285645,0.614366352558136,0.07452255487442017,0.005673660896718502,0.0038869380950927734,0.10058825463056564
z0y624x144,21,B,False,2850,0.42482152581214905,17.951671600341797,0.35519829392433167,13.41112995147705,0.6360697150230408,0.05281919240951538,0.005244316533207893,0.02061295509338379,0.4768185019493103
z0y624x144,21,B,False,2900,0.38696059584617615,17.88755989074707,0.35294461250305176,13.415060997009277,0.6026690006256104,0.0862199068069458,0.004445942118763924,0.0378609299659729,0.27777546644210815
z0y624x144,21,B,False,2950,0.4148564040660858,17.949495315551758,0.35160931944847107,13.415716171264648,0.6323795914649963,0.056509315967559814,0.0019592673052102327,0.027895808219909668,0.4185161888599396
z0y624x144,21,B,False,2999,0.42040541768074036,17.96489715576172,0.3467423915863037,13.420592308044434,0.6431439518928528,0.04574495553970337,0.007020746357738972,0.005549013614654541,0.2410435974597931
z0y624x144,22,B,False,0,0.7190597653388977,2.010021448135376,0.0027695416938513517,10.9625825881958,0.7190592885017395,-0.007948160171508789,0.0027695416938513517,0.025313913822174072,0.017357658594846725
z0y624x144,22,B,False,50,1.6438219547271729,2.481212854385376,0.008713260293006897,10.987497329711914,1.6439521312713623,-0.9328410029411316,0.008146683685481548,0.9247621893882751,0.8161936402320862
z0y624x144,22,B,False,100,2.1883468627929688,3.271738290786743,0.03514855355024338,11.02434253692627,2.191554069519043,-1.480443000793457,0.029429776594042778,0.5445249080657959,1.369848370552063
z0y624x144,22,B,False,150,1.819589376449585,4.638957500457764,0.10538467764854431,11.121927261352539,1.830219030380249,-1.119107961654663,0.07038434594869614,0.3687574863433838,2.371638774871826
z0y624x144,22,B,False,200,1.4870967864990234,7.200077533721924,0.21533983945846558,11.281920433044434,1.5055705308914185,-0.7944594025611877,0.11403447389602661,0.3324925899505615,4.4900102615356445
z0y624x144,22,B,False,250,0.8832961320877075,9.80444622039795,0.2629917562007904,11.360352516174316,0.9664443135261536,-0.25533318519592285,0.06364210695028305,0.6038006544113159,4.9110236167907715
z0y624x144,22,B,False,300,0.6684761643409729,11.004206657409668,0.26741883158683777,11.374656677246094,0.8231793642044067,-0.11206823587417603,0.027803367003798485,0.21481996774673462,2.460845947265625
z0y624x144,22,B,False,350,0.5454667806625366,11.375384330749512,0.2730386555194855,11.387934684753418,0.7539187073707581,-0.042807579040527344,0.029424089938402176,0.12300938367843628,0.7027181386947632
z0y624x144,22,B,False,400,0.4895206689834595,11.471675872802734,0.2836878299713135,11.400705337524414,0.7358713150024414,-0.024760186672210693,0.024361368268728256,0.05594611167907715,0.20113998651504517
z0y624x144,22,B,False,450,0.43681490421295166,11.557064056396484,0.29305699467658997,11.412605285644531,0.7123132348060608,-0.0012021064758300781,0.01934504322707653,0.05270576477050781,0.22289587557315826
z0y624x144,22,B,False,500,0.40900251269340515,11.625218391418457,0.2991463840007782,11.422462463378906,0.7191959023475647,-0.008084774017333984,0.013716813176870346,0.02781239151954651,0.17932862043380737
z0y624x144,22,B,False,550,0.3723713159561157,11.64708423614502,0.3058773875236511,11.432760238647461,0.6912273168563843,0.019883811473846436,0.009873583912849426,0.03663119673728943,0.13970422744750977
z0y624x144,22,B,False,600,0.37035882472991943,11.688488960266113,0.31124669313430786,11.443389892578125,0.7156680226325989,-0.004556894302368164,0.007891370914876461,0.002012491226196289,0.16517427563667297
z0y624x144,22,B,False,650,0.33017411828041077,11.688424110412598,0.3145579695701599,11.449810028076172,0.6790746450424194,0.03203648328781128,0.00574669661000371,0.04018470644950867,0.12757942080497742
z0y624x144,22,B,False,700,0.3335917294025421,11.743401527404785,0.31932953000068665,11.457504272460938,0.7001826167106628,0.010928511619567871,0.0053656939417123795,0.0034176111221313477,0.15617753565311432
z0y624x144,22,B,False,750,0.3150272071361542,11.77954387664795,0.32259440422058105,11.463895797729492,0.6941443085670471,0.016966819763183594,0.0041545541025698185,0.01856452226638794,0.1308252066373825
z0y624x144,22,B,False,800,0.3030429184436798,11.799598693847656,0.3249315023422241,11.470538139343262,0.6938435435295105,0.017267584800720215,0.0028063158970326185,0.011984288692474365,0.08416585624217987
z0y624x144,22,B,False,850,0.2883320152759552,11.828961372375488,0.3262493312358856,11.477027893066406,0.6759213805198669,0.03518974781036377,0.0029276020359247923,0.01471090316772461,0.12905234098434448
z0y624x144,22,B,False,900,0.28846538066864014,11.85759449005127,0.3290819227695465,11.481600761413574,0.6943928599357605,0.016718268394470215,0.0036551612429320812,0.00013336539268493652,0.09335122257471085
z0y624x144,22,B,False,950,0.27467113733291626,11.879108428955078,0.33246949315071106,11.48644733428955,0.684360682964325,0.02675044536590576,0.003528250614181161,0.013794243335723877,0.1366284042596817
z0y624x144,22,B,False,1000,0.26847007870674133,11.936980247497559,0.3347143828868866,11.49144172668457,0.6858354210853577,0.025275707244873047,0.0024601840414106846,0.006201058626174927,0.13069315254688263
z0y624x144,22,B,False,1050,0.2639788091182709,11.957440376281738,0.3360927402973175,11.495455741882324,0.6840346455574036,0.02707648277282715,0.001699026906862855,0.004491269588470459,0.09496395289897919
z0y624x144,22,B,False,1100,0.2554997503757477,11.960162162780762,0.33737099170684814,11.497941017150879,0.6718890070915222,0.039222121238708496,0.0014877102803438902,0.008479058742523193,0.05118371173739433
z0y624x144,22,B,False,1150,0.2580968737602234,11.983988761901855,0.34047403931617737,11.5018892288208,0.6866763234138489,0.024434804916381836,0.003233363851904869,0.002597123384475708,0.08626458048820496
z0y624x144,22,B,False,1200,0.24885272979736328,12.00154972076416,0.3397371768951416,11.504266738891602,0.6770356893539429,0.03407543897628784,0.0020800738129764795,0.009244143962860107,0.05880191922187805
z0y624x144,22,B,False,1250,0.2458045929670334,12.027888298034668,0.34087222814559937,11.505900382995605,0.6871636509895325,0.023947477340698242,0.0020105852745473385,0.003048136830329895,0.07887926697731018
z0y624x144,22,B,False,1300,0.2327456772327423,12.038871765136719,0.34036770462989807,11.506600379943848,0.6736460328102112,0.03746509552001953,0.0010767249623313546,0.013058915734291077,0.06515810638666153
z0y624x144,22,B,False,1350,0.22885386645793915,12.069258689880371,0.34060925245285034,11.508785247802734,0.6720947623252869,0.03901636600494385,0.0007244811858981848,0.0038918107748031616,0.07390651851892471
z0y624x144,22,B,False,1400,0.23095940053462982,12.081948280334473,0.34265756607055664,11.512052536010742,0.6769276857376099,0.03418344259262085,0.0024943016469478607,0.002105534076690674,0.06796014308929443
z0y624x144,22,B,False,1450,0.2299269139766693,12.082595825195312,0.3417639434337616,11.512560844421387,0.6851080060005188,0.026003122329711914,0.002204929944127798,0.0010324865579605103,0.0700218603014946
z0y624x144,22,B,False,1500,0.22656194865703583,12.092679023742676,0.3420470952987671,11.514575958251953,0.6898924708366394,0.02121865749359131,0.0006239107460714877,0.003364965319633484,0.05371042340993881
z0y624x144,22,B,False,1550,0.21569280326366425,12.109661102294922,0.3420427143573761,11.516377449035645,0.6744920611381531,0.03661906719207764,0.000518437591381371,0.010869145393371582,0.04108160361647606
z0y624x144,22,B,False,1600,0.22247470915317535,12.132109642028809,0.3429727554321289,11.519472122192383,0.7032449245452881,0.007866203784942627,0.0015885778702795506,0.006781905889511108,0.07931658625602722
z0y624x144,22,B,False,1650,0.2136732041835785,12.122596740722656,0.3416500389575958,11.520256042480469,0.6853402256965637,0.025770902633666992,0.0016504782252013683,0.008801504969596863,0.05160197615623474
z0y624x144,22,B,False,1700,0.2005181759595871,12.129470825195312,0.34022146463394165,11.521018981933594,0.6723902225494385,0.038720905780792236,0.0024491145741194487,0.013155028223991394,0.04789583012461662
z0y624x144,22,B,False,1750,0.20215275883674622,12.148002624511719,0.3385593593120575,11.519981384277344,0.6783390045166016,0.03277212381362915,0.0024456807877868414,0.0016345828771591187,0.045216307044029236
z0y624x144,22,B,False,1800,0.20299328863620758,12.153727531433105,0.3383353054523468,11.520977020263672,0.6824764013290405,0.028634727001190186,0.0007110497681424022,0.0008405297994613647,0.023934317752718925
z0y624x144,22,B,False,1850,0.20169171690940857,12.175324440002441,0.33868494629859924,11.521443367004395,0.6828197240829468,0.028291404247283936,0.0018148550298064947,0.0013015717267990112,0.06849515438079834
z0y624x144,22,B,False,1900,0.19374659657478333,12.173500061035156,0.3375714421272278,11.521676063537598,0.6760707497596741,0.03504037857055664,0.0017888459842652082,0.007945120334625244,0.020032471045851707
z0y624x144,22,B,False,1950,0.18949328362941742,12.198738098144531,0.3375452756881714,11.523138046264648,0.6868880391120911,0.02422308921813965,0.0007079039351083338,0.004253312945365906,0.05433725565671921
z0y624x144,22,B,False,2000,0.1963794082403183,12.20676040649414,0.33644339442253113,11.52334976196289,0.6943270564079285,0.016784071922302246,0.001688093296252191,0.006886124610900879,0.06855106353759766
z0y624x144,22,B,False,2050,0.18850736320018768,12.218768119812012,0.3358771502971649,11.524261474609375,0.6820909380912781,0.029020190238952637,0.0009194053709506989,0.007872045040130615,0.04013989865779877
z0y624x144,22,B,False,2100,0.18275554478168488,12.230366706848145,0.33572283387184143,11.524324417114258,0.6764255166053772,0.034685611724853516,0.0014187648193910718,0.005751818418502808,0.051161617040634155
z0y624x144,22,B,False,2150,0.18674276769161224,12.250709533691406,0.3347085416316986,11.525553703308105,0.6865655183792114,0.024545609951019287,0.001419298117980361,0.003987222909927368,0.04266904667019844
z0y624x144,22,B,False,2200,0.17657555639743805,12.25611400604248,0.3343198895454407,11.52606201171875,0.6774408221244812,0.03367030620574951,0.0019833401311188936,0.010167211294174194,0.03887355700135231
z0y624x144,22,B,False,2250,0.18046383559703827,12.28380298614502,0.33320823311805725,11.526697158813477,0.6787106990814209,0.032400429248809814,0.0017320794286206365,0.0038882791996002197,0.07177509367465973
z0y624x144,22,B,False,2300,0.1715935617685318,12.309042930603027,0.3326236307621002,11.527819633483887,0.6700723767280579,0.04103875160217285,0.0010214030044153333,0.00887027382850647,0.052438169717788696
z0y624x144,22,B,False,2350,0.17637231945991516,12.289020538330078,0.3322829306125641,11.527523040771484,0.6816391348838806,0.029471993446350098,0.0012833040673285723,0.004778757691383362,0.03767324239015579
z0y624x144,22,B,False,2400,0.1687873899936676,12.320220947265625,0.33076223731040955,11.528878211975098,0.6847112774848938,0.026399850845336914,0.00232361420057714,0.007584929466247559,0.05630110949277878
z0y624x144,22,B,False,2450,0.1694067418575287,12.319587707519531,0.33003634214401245,11.528348922729492,0.6811536550521851,0.029957473278045654,0.0017919953679665923,0.000619351863861084,0.0053323241882026196
z0y624x144,22,B,False,2500,0.16432516276836395,12.35450267791748,0.3314378261566162,11.529915809631348,0.683818519115448,0.027292609214782715,0.001456480473279953,0.005081579089164734,0.08347822725772858
z0y624x144,22,B,False,2550,0.16293011605739594,12.351607322692871,0.3306110203266144,11.530339241027832,0.6779802441596985,0.03313088417053223,0.000834617589134723,0.0013950467109680176,0.029232218861579895
z0y624x144,22,B,False,2600,0.16097396612167358,12.366909980773926,0.3305354118347168,11.532160758972168,0.679491400718689,0.03161972761154175,0.00016469875117763877,0.001956149935722351,0.03402171656489372
z0y624x144,22,B,False,2650,0.15826252102851868,12.344841957092285,0.3306468725204468,11.532329559326172,0.6742269992828369,0.0368841290473938,0.0018140802858397365,0.0027114450931549072,0.057073354721069336
z0y624x144,22,B,False,2700,0.15912489593029022,12.371148109436035,0.33192846179008484,11.535568237304688,0.6818774938583374,0.02923363447189331,0.0018230164423584938,0.0008623749017715454,0.07878214865922928
z0y624x144,22,B,False,2750,0.15366019308567047,12.35201358795166,0.3307647705078125,11.535483360290527,0.6858243346214294,0.02528679370880127,0.001470084534958005,0.005464702844619751,0.062427908182144165
z0y624x144,22,B,False,2800,0.15690043568611145,12.375304222106934,0.3304128348827362,11.536710739135742,0.6844514608383179,0.026659667491912842,0.0016475175507366657,0.003240242600440979,0.05573408305644989
z0y624x144,22,B,False,2850,0.15618455410003662,12.366419792175293,0.330971360206604,11.537134170532227,0.6926414966583252,0.018469631671905518,0.001224161242134869,0.0007158815860748291,0.01756223849952221
z0y624x144,22,B,False,2900,0.14982180297374725,12.385552406311035,0.329190731048584,11.53675365447998,0.6727079749107361,0.03840315341949463,0.0029824201483279467,0.006362751126289368,0.035394471138715744
z0y624x144,22,B,False,2950,0.15366092324256897,12.3778715133667,0.3286600112915039,11.536816596984863,0.6874275207519531,0.023683607578277588,0.0009445945615880191,0.0038391202688217163,0.02863600105047226
z0y624x144,22,B,False,2999,0.14772455394268036,12.381495475769043,0.3300265967845917,11.539377212524414,0.6720940470695496,0.03901708126068115,0.0019915394950658083,0.005936369299888611,0.02899758890271187
z0y624x144,23,B,False,0,0.7173041105270386,2.010023355484009,0.0027651351410895586,11.841544151306152,0.717303454875946,0.021585404872894287,0.0027651351410895586,0.02528005838394165,0.017360961064696312
z0y624x144,23,B,False,50,1.8193376064300537,2.504235029220581,0.02340385690331459,11.817459106445312,1.819296956062317,-1.0804080963134766,0.021828919649124146,1.1020334959030151,0.8560447096824646
z0y624x144,23,B,False,100,1.788059115409851,3.2206618785858154,0.020356707274913788,11.781975746154785,1.7898036241531372,-1.0509147644042969,0.020578406751155853,0.03127849102020264,1.2426447868347168
z0y624x144,23,B,False,150,1.4090262651443481,4.560528755187988,0.047801315784454346,11.82071304321289,1.43405020236969,-0.6951613426208496,0.06725466996431351,0.37903285026550293,2.3247451782226562
z0y624x144,23,B,False,200,1.0310665369033813,6.02819299697876,0.14216168224811554,11.916897773742676,1.1036521196365356,-0.3647632598876953,0.09781859070062637,0.3779597282409668,2.5531232357025146
z0y624x144,23,B,False,250,0.8080253005027771,6.848014831542969,0.22119995951652527,12.004993438720703,0.9167196154594421,-0.1778307557106018,0.080510713160038,0.22304123640060425,1.5265196561813354
z0y624x144,23,B,False,300,0.6966242790222168,7.228818416595459,0.26657557487487793,12.056396484375,0.8353726863861084,-0.09648382663726807,0.047664154320955276,0.1114010214805603,0.7649468779563904
z0y624x144,23,B,False,350,0.6604213714599609,7.498100280761719,0.29912349581718445,12.097393035888672,0.8240943551063538,-0.08520549535751343,0.033345527946949005,0.03620290756225586,0.5369238257408142
z0y624x144,23,B,False,400,0.5806387066841125,7.69755220413208,0.32673966884613037,12.131612777709961,0.7615598440170288,-0.022670984268188477,0.02836374193429947,0.07978266477584839,0.37582188844680786
z0y624x144,23,B,False,450,0.564638614654541,7.841808795928955,0.34717288613319397,12.162654876708984,0.7611408233642578,-0.02225196361541748,0.020881373435258865,0.016000092029571533,0.3248421847820282
z0y624x144,23,B,False,500,0.5599530935287476,7.952103137969971,0.36303240060806274,12.188031196594238,0.7678629755973816,-0.02897411584854126,0.016049709171056747,0.004685521125793457,0.25418272614479065
z0y624x144,23,B,False,550,0.5026938915252686,8.069266319274902,0.3778773546218872,12.21616268157959,0.7191352844238281,0.019753575325012207,0.015611604787409306,0.057259202003479004,0.2392248511314392
z0y624x144,23,B,False,600,0.49788913130760193,8.189813613891602,0.38675469160079956,12.23835563659668,0.7290899753570557,0.009798884391784668,0.009940066374838352,0.004804760217666626,0.2551199197769165
z0y624x144,23,B,False,650,0.48726511001586914,8.241877555847168,0.3970544636249542,12.2617826461792,0.7244868278503418,0.014402031898498535,0.010898245498538017,0.010624021291732788,0.1604379266500473
z0y624x144,23,B,False,700,0.48296040296554565,8.34104061126709,0.4033314287662506,12.283039093017578,0.7343413829803467,0.004547476768493652,0.007106711156666279,0.004304707050323486,0.1900099813938141
z0y624x144,23,B,False,750,0.4525648057460785,8.35891056060791,0.4104200005531311,12.305944442749023,0.7055854797363281,0.03330338001251221,0.009127235971391201,0.030395597219467163,0.07018749415874481
z0y624x144,23,B,False,800,0.4528901278972626,8.415947914123535,0.4154842793941498,12.326322555541992,0.719677209854126,0.019211649894714355,0.008458936586976051,0.00032532215118408203,0.16335274279117584
z0y624x144,23,B,False,850,0.43223342299461365,8.465408325195312,0.4191361367702484,12.345757484436035,0.7092748880386353,0.029613971710205078,0.006363330874592066,0.020656704902648926,0.12660492956638336
z0y624x144,23,B,False,900,0.43376424908638,8.511631965637207,0.42340463399887085,12.361873626708984,0.7153400182723999,0.02354884147644043,0.005737032741308212,0.0015308260917663574,0.09319382160902023
z0y624x144,23,B,False,950,0.41885870695114136,8.539929389953613,0.42772775888442993,12.377840995788574,0.7068979740142822,0.031990885734558105,0.0054389722645282745,0.014905542135238647,0.08137892931699753
z0y624x144,23,B,False,1000,0.41560810804367065,8.564059257507324,0.4323897361755371,12.39260482788086,0.7082489728927612,0.0306398868560791,0.005809159018099308,0.003250598907470703,0.11141924560070038
z0y624x144,23,B,False,1050,0.41521528363227844,8.600232124328613,0.4357035458087921,12.405757904052734,0.720102071762085,0.01878678798675537,0.0044044386595487595,0.0003928244113922119,0.06426604092121124
z0y624x144,23,B,False,1100,0.4116440713405609,8.637967109680176,0.4407501518726349,12.423162460327148,0.7261763215065002,0.012712538242340088,0.006514398846775293,0.0035712122917175293,0.15596416592597961
z0y624x144,23,B,False,1150,0.40012893080711365,8.652918815612793,0.4424794316291809,12.437323570251465,0.7166674137115479,0.02222144603729248,0.0063778068870306015,0.011515140533447266,0.050071630626916885
z0y624x144,23,B,False,1200,0.36665788292884827,8.695801734924316,0.44697874784469604,12.451526641845703,0.6867435574531555,0.052145302295684814,0.004907883238047361,0.03347104787826538,0.14633119106292725
z0y624x144,23,B,False,1250,0.37205836176872253,8.727859497070312,0.44825631380081177,12.463942527770996,0.7040594220161438,0.03482943773269653,0.003918506670743227,0.005400478839874268,0.06758812069892883
z0y624x144,23,B,False,1300,0.3582697808742523,8.742254257202148,0.4521242082118988,12.476648330688477,0.687555193901062,0.05133366584777832,0.0057175238616764545,0.013788580894470215,0.03557327389717102
z0y624x144,23,B,False,1350,0.3664569556713104,8.731743812561035,0.45498570799827576,12.488921165466309,0.702940821647644,0.03594803810119629,0.004491714760661125,0.008187174797058105,0.054718758910894394
z0y624x144,23,B,False,1400,0.35660111904144287,8.76601505279541,0.4556627869606018,12.496610641479492,0.6949309706687927,0.04395788908004761,0.002219867194071412,0.009855836629867554,0.06757036596536636
z0y624x144,23,B,False,1450,0.35647156834602356,8.782145500183105,0.45731979608535767,12.507887840270996,0.6993368864059448,0.03955197334289551,0.004530553240329027,0.00012955069541931152,0.05241283029317856
z0y624x144,23,B,False,1500,0.3542901873588562,8.817644119262695,0.4588899612426758,12.519633293151855,0.7091361284255981,0.029752731323242188,0.004679440520703793,0.0021813809871673584,0.07335171103477478
z0y624x144,23,B,False,1550,0.3461045026779175,8.864167213439941,0.46487072110176086,12.533207893371582,0.7049921751022339,0.033896684646606445,0.006364706438034773,0.00818568468093872,0.10269568860530853
z0y624x144,23,B,False,1600,0.3383607864379883,8.860816955566406,0.4657536745071411,12.541269302368164,0.6949918270111084,0.043897032737731934,0.0033321490045636892,0.007743716239929199,0.02038358710706234
z0y624x144,23,B,False,1650,0.35481351613998413,8.893754959106445,0.46643301844596863,12.550406455993652,0.722542405128479,0.016346454620361328,0.003952274564653635,0.01645272970199585,0.05929037183523178
z0y624x144,23,B,False,1700,0.3445276916027069,8.911495208740234,0.46861517429351807,12.558262825012207,0.7152297496795654,0.023659110069274902,0.0022251002956181765,0.010285824537277222,0.10279977321624756
z0y624x144,23,B,False,1750,0.32497867941856384,8.924681663513184,0.47046586871147156,12.564132690429688,0.6970723271369934,0.041816532611846924,0.0028850974049419165,0.019549012184143066,0.07356442511081696
z0y624x144,23,B,False,1800,0.33966517448425293,8.942351341247559,0.47344139218330383,12.573193550109863,0.7124813795089722,0.026407480239868164,0.005488777998834848,0.014686495065689087,0.07876410335302353
z0y624x144,23,B,False,1850,0.33431145548820496,8.952126502990723,0.4751446545124054,12.584198951721191,0.7161174416542053,0.02277141809463501,0.005589224398136139,0.005353718996047974,0.050000205636024475
z0y624x144,23,B,False,1900,0.30957695841789246,8.974343299865723,0.4764591455459595,12.591724395751953,0.69671231508255,0.04217654466629028,0.0033660512417554855,0.0247344970703125,0.0582619309425354
z0y624x144,23,B,False,1950,0.32193881273269653,8.97801399230957,0.4764452576637268,12.597713470458984,0.7171417474746704,0.021747112274169922,0.004241727292537689,0.012361854314804077,0.08464381098747253
z0y624x144,23,B,False,2000,0.3060917556285858,9.026531219482422,0.47824692726135254,12.604243278503418,0.7014171481132507,0.0374717116355896,0.005170978140085936,0.015847057104110718,0.08429370820522308
z0y624x144,23,B,False,2050,0.3114979565143585,8.990276336669922,0.48034563660621643,12.61203670501709,0.707250714302063,0.031638145446777344,0.0041723959147930145,0.005406200885772705,0.09865938127040863
z0y624x144,23,B,False,2100,0.2940467596054077,8.997450828552246,0.4830898940563202,12.618094444274902,0.6847913861274719,0.05409747362136841,0.0030149072408676147,0.017451196908950806,0.02633497677743435
z0y624x144,23,B,False,2150,0.29763537645339966,9.027426719665527,0.486026793718338,12.626846313476562,0.6958762407302856,0.04301261901855469,0.0034797671250998974,0.0035886168479919434,0.15530872344970703
z0y624x144,23,B,False,2200,0.28907009959220886,9.010936737060547,0.4861074686050415,12.63219165802002,0.6898102164268494,0.04907864332199097,0.00046464300248771906,0.008565276861190796,0.12965412437915802
z0y624x144,23,B,False,2250,0.30853018164634705,9.041674613952637,0.48659953474998474,12.638944625854492,0.7152538299560547,0.023635029792785645,0.0028222438413649797,0.019460082054138184,0.09643884003162384
z0y624x144,23,B,False,2300,0.30518627166748047,9.023968696594238,0.4890501797199249,12.6477689743042,0.7174188494682312,0.02147001028060913,0.0035861730575561523,0.003343909978866577,0.05287163704633713
z0y624x144,23,B,False,2350,0.29182738065719604,9.073434829711914,0.48781639337539673,12.654716491699219,0.7044411301612854,0.03444772958755493,0.002937044482678175,0.013358891010284424,0.1504291146993637
z0y624x144,23,B,False,2400,0.29077857732772827,9.103062629699707,0.49210458993911743,12.667972564697266,0.7024809718132019,0.03640788793563843,0.004313318524509668,0.0010488033294677734,0.116583451628685
z0y624x144,23,B,False,2450,0.28295600414276123,9.145018577575684,0.49045708775520325,12.672250747680664,0.7000026702880859,0.038886189460754395,0.0017442440148442984,0.007822573184967041,0.10336170345544815
z0y624x144,23,B,False,2500,0.2650376856327057,9.157279014587402,0.49153727293014526,12.680676460266113,0.6811766028404236,0.05771225690841675,0.003353419015184045,0.017918318510055542,0.04961789771914482
z0y624x144,23,B,False,2550,0.26512596011161804,9.178112030029297,0.49445322155952454,12.689058303833008,0.6896598935127258,0.0492289662361145,0.004311675205826759,8.827447891235352e-05,0.07008764147758484
z0y624x144,23,B,False,2600,0.27798765897750854,9.189437866210938,0.49658986926078796,12.696915626525879,0.7108091711997986,0.028079688549041748,0.0031663263216614723,0.012861698865890503,0.04589053615927696
z0y624x144,23,B,False,2650,0.27217504382133484,9.171335220336914,0.49819979071617126,12.698877334594727,0.6945188045501709,0.044370055198669434,0.003693114733323455,0.005812615156173706,0.06474736332893372
z0y624x144,23,B,False,2700,0.25913479924201965,9.179652214050293,0.49821823835372925,12.70023250579834,0.6720596551895142,0.06682920455932617,0.00017479057714808732,0.013040244579315186,0.11835195124149323
z0y624x144,23,B,False,2750,0.25995680689811707,9.205155372619629,0.49964818358421326,12.706939697265625,0.6935383081436157,0.04535055160522461,0.0037128666881471872,0.0008220076560974121,0.08592551201581955
z0y624x144,23,B,False,2800,0.27408918738365173,9.217696189880371,0.49672946333885193,12.707448959350586,0.7106447219848633,0.02824413776397705,0.003542490303516388,0.014132380485534668,0.08062991499900818
z0y624x144,23,B,False,2850,0.2690242826938629,9.196613311767578,0.498948335647583,12.711856842041016,0.6958361864089966,0.04305267333984375,0.0030420550610870123,0.005064904689788818,0.07588118314743042
z0y624x144,23,B,False,2900,0.27105024456977844,9.201216697692871,0.5007930994033813,12.71897029876709,0.7008026838302612,0.0380861759185791,0.002365703694522381,0.0020259618759155273,0.072650246322155
z0y624x144,23,B,False,2950,0.25555339455604553,9.2770414352417,0.5010399222373962,12.72606086730957,0.6926701068878174,0.04621875286102295,0.0030563357286155224,0.01549685001373291,0.15909358859062195
z0y624x144,23,B,False,2999,0.2465401589870453,9.280064582824707,0.4980938732624054,12.730012893676758,0.6800199151039124,0.05886894464492798,0.004480897914618254,0.009013235569000244,0.050966158509254456
z0y624x144,24,B,True,0,0.7154722809791565,2.010007858276367,0.002752099186182022,7.389732837677002,0.716264009475708,-0.010708451271057129,0.002752099186182022,0.025062859058380127,0.017334261909127235
z0y624x144,24,B,True,50,1.668958306312561,2.399893045425415,0.05340390279889107,7.3751325607299805,1.6887685060501099,-0.983212947845459,0.05166776850819588,0.9534860253334045,0.6764224171638489
z0y624x144,24,B,True,100,1.435119390487671,2.758857488632202,0.08300615102052689,7.476525783538818,1.5050976276397705,-0.7995420694351196,0.0494125597178936,0.23383891582489014,0.7216411828994751
z0y624x144,24,B,True,150,1.1583331823349,3.099475622177124,0.10382325947284698,7.548670291900635,1.3351222276687622,-0.6295666694641113,0.03257959708571434,0.276786208152771,0.7632161378860474
z0y624x144,24,B,True,200,0.9230533242225647,3.4953181743621826,0.13280963897705078,7.61420202255249,1.2944024801254272,-0.5888469219207764,0.039969466626644135,0.2352798581123352,0.9334943294525146
z0y624x144,24,B,True,250,0.7209003567695618,3.7486085891723633,0.15953336656093597,7.669519901275635,1.1890374422073364,-0.48348188400268555,0.03862852230668068,0.20215296745300293,0.6653949618339539
z0y624x144,24,B,True,300,0.5040732026100159,3.8451528549194336,0.18243809044361115,7.7252631187438965,0.9914867877960205,-0.28593122959136963,0.03666827827692032,0.2168271541595459,0.36498063802719116
z0y624x144,24,B,True,350,0.3482036590576172,3.8510897159576416,0.19032372534275055,7.755070209503174,0.8906099796295166,-0.18505442142486572,0.015274516306817532,0.15586954355239868,0.11606570333242416
z0y624x144,24,B,True,400,0.28980231285095215,3.859107732772827,0.19407841563224792,7.775600433349609,0.8615109920501709,-0.15595543384552002,0.008544708602130413,0.05840134620666504,0.07633616030216217
z0y624x144,24,B,True,450,0.24973103404045105,3.8717079162597656,0.19860346615314484,7.793320178985596,0.8277888894081116,-0.1222333312034607,0.00900943111628294,0.0400712788105011,0.08449789136648178
z0y624x144,24,B,True,500,0.2173047512769699,3.8782966136932373,0.2014029175043106,7.804464817047119,0.8058080077171326,-0.10025244951248169,0.0066668991930782795,0.03242628276348114,0.04939737543463707
z0y624x144,24,B,True,550,0.20352782309055328,3.894012451171875,0.20395126938819885,7.813031196594238,0.7829827666282654,-0.0774272084236145,0.005312579218298197,0.013776928186416626,0.057507406920194626
z0y624x144,24,B,True,600,0.19338372349739075,3.90840220451355,0.2053370177745819,7.819075584411621,0.7806252241134644,-0.07506966590881348,0.003277554176747799,0.010144099593162537,0.045436665415763855
z0y624x144,24,B,True,650,0.186714306473732,3.9206533432006836,0.20594118535518646,7.823039531707764,0.7588170766830444,-0.053261518478393555,0.002369839698076248,0.0066694170236587524,0.0336267314851284
z0y624x144,24,B,True,700,0.1820691078901291,3.9389781951904297,0.20694272220134735,7.8271894454956055,0.7702075242996216,-0.0646519660949707,0.002530874451622367,0.004645198583602905,0.04883522167801857
z0y624x144,24,B,True,750,0.17608517408370972,3.960294485092163,0.2075822651386261,7.829232215881348,0.7758819460868835,-0.07032638788223267,0.0022571529261767864,0.0059839338064193726,0.051977891474962234
z0y624x144,24,B,True,800,0.1721956878900528,3.9774608612060547,0.2081771343946457,7.831741809844971,0.7682821154594421,-0.06272655725479126,0.0018883440643548965,0.0038894861936569214,0.04570161923766136
z0y624x144,24,B,True,850,0.16692861914634705,4.001105785369873,0.2089083343744278,7.8351545333862305,0.7733446955680847,-0.06778913736343384,0.002372510265558958,0.0052670687437057495,0.056787941604852676
z0y624x144,24,B,True,900,0.16250728070735931,4.02340841293335,0.2091493010520935,7.836728096008301,0.7735249996185303,-0.0679694414138794,0.0013192748883739114,0.004421338438987732,0.05315821245312691
z0y624x144,24,B,True,950,0.15642793476581573,4.044374942779541,0.20965759456157684,7.8378496170043945,0.7604092359542847,-0.05485367774963379,0.0012723504332825541,0.006079345941543579,0.04868762940168381
z0y624x144,24,B,True,1000,0.15003752708435059,4.05866003036499,0.21041448414325714,7.8391265869140625,0.7651324272155762,-0.05957686901092529,0.0017034218180924654,0.006390407681465149,0.0431000292301178
z0y624x144,24,B,True,1050,0.14911425113677979,4.077426910400391,0.211151584982872,7.841306209564209,0.7424191236495972,-0.03686356544494629,0.0025727564934641123,0.0009232759475708008,0.05010724440217018
z0y624x144,24,B,True,1100,0.14670877158641815,4.104850769042969,0.21181215345859528,7.843329906463623,0.767754852771759,-0.062199294567108154,0.0023307246156036854,0.0024054795503616333,0.06858783215284348
z0y624x144,24,B,True,1150,0.142558291554451,4.127096652984619,0.21243740618228912,7.845384120941162,0.7649528384208679,-0.05939728021621704,0.0019047836540266871,0.004150480031967163,0.05669138953089714
z0y624x144,24,B,True,1200,0.13877993822097778,4.143273830413818,0.21263916790485382,7.846473217010498,0.7635995745658875,-0.05804401636123657,0.00180137250572443,0.0037783533334732056,0.05136813968420029
z0y624x144,24,B,True,1250,0.13340768218040466,4.165151119232178,0.2132510244846344,7.847888469696045,0.7578700184822083,-0.05231446027755737,0.002148641273379326,0.00537225604057312,0.05522919446229935
z0y624x144,24,B,True,1300,0.13049763441085815,4.182849884033203,0.2142641693353653,7.8497395515441895,0.7606669068336487,-0.0551113486289978,0.0029635161627084017,0.002910047769546509,0.04772825911641121
z0y624x144,24,B,True,1350,0.12456970661878586,4.198322772979736,0.21469050645828247,7.851963043212891,0.7392265796661377,-0.033671021461486816,0.002325552748516202,0.005927927792072296,0.04801224172115326
z0y624x144,24,B,True,1400,0.12086867541074753,4.21213960647583,0.2147800624370575,7.852242469787598,0.7397638559341431,-0.03420829772949219,0.001353938365355134,0.00370103120803833,0.03106263466179371
z0y624x144,24,B,True,1450,0.12232021987438202,4.245767116546631,0.21459273993968964,7.852180480957031,0.747957706451416,-0.04240214824676514,0.0014309468679130077,0.001451544463634491,0.0770423486828804
z0y624x144,24,B,True,1500,0.12161252647638321,4.272375583648682,0.21591877937316895,7.854776382446289,0.7351911664009094,-0.029635608196258545,0.0028945610392838717,0.0007076933979988098,0.06727531552314758
z0y624x144,24,B,True,1550,0.11997061967849731,4.302974700927734,0.2173292189836502,7.8562211990356445,0.742430567741394,-0.036875009536743164,0.0029005196411162615,0.0016419067978858948,0.07186005264520645
z0y624x144,24,B,True,1600,0.11881134659051895,4.329766750335693,0.2173532247543335,7.8565168380737305,0.7454399466514587,-0.03988438844680786,0.0010547901038080454,0.001159273087978363,0.0646214708685875
z0y624x144,24,B,True,1650,0.12117767333984375,4.359565734863281,0.2168046087026596,7.854745388031006,0.7382611036300659,-0.03270554542541504,0.0012465034378692508,0.0023663267493247986,0.06514555960893631
z0y624x144,24,B,True,1700,0.1206611841917038,4.3826069831848145,0.21698889136314392,7.854729652404785,0.7412033677101135,-0.035647809505462646,0.000853436067700386,0.0005164891481399536,0.0620318166911602
z0y624x144,24,B,True,1750,0.11832829564809799,4.409997463226318,0.21720007061958313,7.856159210205078,0.7287029027938843,-0.0231473445892334,0.0024213604629039764,0.0023328885436058044,0.06770814955234528
z0y624x144,24,B,True,1800,0.11583574116230011,4.441961765289307,0.21809495985507965,7.856982707977295,0.7286609411239624,-0.023105382919311523,0.002691791392862797,0.002492554485797882,0.07567474991083145
z0y624x144,24,B,True,1850,0.11235611885786057,4.472273349761963,0.21950308978557587,7.8589558601379395,0.7370318174362183,-0.03147625923156738,0.0038125738501548767,0.0034796223044395447,0.07463368773460388
z0y624x144,24,B,True,1900,0.11195562034845352,4.5033674240112305,0.21938036382198334,7.859949588775635,0.7241085171699524,-0.018552958965301514,0.0027553210966289043,0.00040049850940704346,0.07318387180566788
z0y624x144,24,B,True,1950,0.11545265465974808,4.539063930511475,0.2199522703886032,7.859670162200928,0.7481536865234375,-0.04259812831878662,0.0015570964897051454,0.0034970343112945557,0.07840225845575333
z0y624x144,24,B,True,2000,0.12206317484378815,4.5852227210998535,0.2193991243839264,7.857449054718018,0.7551429867744446,-0.0495874285697937,0.0005815558834001422,0.00661052018404007,0.10140129923820496
z0y624x144,24,B,True,2050,0.1194739118218422,4.616673946380615,0.21903781592845917,7.856298923492432,0.7525997757911682,-0.047044217586517334,0.0015101069584488869,0.0025892630219459534,0.06913502514362335
z0y624x144,24,B,True,2100,0.11279541999101639,4.637611389160156,0.22155073285102844,7.860415458679199,0.7273773550987244,-0.021821796894073486,0.005710045341402292,0.006678491830825806,0.06491520255804062
z0y624x144,24,B,True,2150,0.1097700297832489,4.683562278747559,0.22263677418231964,7.862682342529297,0.7243103384971619,-0.018754780292510986,0.002826359821483493,0.0030253902077674866,0.1075749471783638
z0y624x144,24,B,True,2200,0.10958141088485718,4.723287105560303,0.22324569523334503,7.8626203536987305,0.7342313528060913,-0.02867579460144043,0.0013285072054713964,0.00018861889839172363,0.08907198160886765
z0y624x144,24,B,True,2250,0.11110991984605789,4.764740467071533,0.2242380678653717,7.862993240356445,0.7374163866043091,-0.0318608283996582,0.003258518176153302,0.0015285089612007141,0.09599333256483078
z0y624x144,24,B,True,2300,0.11470680683851242,4.81505823135376,0.2246275544166565,7.862605094909668,0.743349552154541,-0.03779399394989014,0.0011271872790530324,0.003596886992454529,0.11033385992050171
z0y624x144,24,B,True,2350,0.10872596502304077,4.860652923583984,0.22662898898124695,7.863893508911133,0.7315473556518555,-0.02599179744720459,0.0027820796240121126,0.005980841815471649,0.10085730999708176
z0y624x144,24,B,True,2400,0.1088070496916771,4.909196376800537,0.22738073766231537,7.863846778869629,0.7299641966819763,-0.02440863847732544,0.0018541483441367745,8.108466863632202e-05,0.10703065991401672
z0y624x144,24,B,True,2450,0.10636718571186066,4.95946741104126,0.22785255312919617,7.86519718170166,0.7398560643196106,-0.03430050611495972,0.0029092782642692327,0.0024398639798164368,0.11639827489852905
z0y624x144,24,B,True,2500,0.11290403455495834,5.016377925872803,0.22925040125846863,7.867198944091797,0.7377963662147522,-0.03224080801010132,0.0032278168946504593,0.006536848843097687,0.13549421727657318
z0y624x144,24,B,True,2550,0.11465844511985779,5.063502788543701,0.22922438383102417,7.867757797241211,0.7425998449325562,-0.03704428672790527,0.0021034544333815575,0.0017544105648994446,0.1052488386631012
z0y624x144,24,B,True,2600,0.1088515967130661,5.096036434173584,0.2296762317419052,7.868579864501953,0.733342170715332,-0.027786612510681152,0.0013841072795912623,0.005806848406791687,0.07498354464769363
z0y624x144,24,B,True,2650,0.10626458376646042,5.141532897949219,0.2308816760778427,7.8691229820251465,0.7266042232513428,-0.021048665046691895,0.0027840393595397472,0.0025870129466056824,0.10451393574476242
z0y624x144,24,B,True,2700,0.11142786592245102,5.194016933441162,0.23058770596981049,7.8686418533325195,0.7283594608306885,-0.022803902626037598,0.0006191256106831133,0.005163282155990601,0.11451338231563568
z0y624x144,24,B,True,2750,0.10084544867277145,5.246488094329834,0.23249734938144684,7.871620178222656,0.7331805229187012,-0.027624964714050293,0.0028447299264371395,0.010582417249679565,0.11384668946266174
z0y624x144,24,B,True,2800,0.09704316407442093,5.280022144317627,0.23570659756660461,7.875480651855469,0.7219104170799255,-0.016354858875274658,0.004943176172673702,0.003802284598350525,0.0811409205198288
z0y624x144,24,B,True,2850,0.0936410203576088,5.337858200073242,0.2354010045528412,7.875356674194336,0.7224200963973999,-0.016864538192749023,0.0006982333725318313,0.003402143716812134,0.12280603498220444
z0y624x144,24,B,True,2900,0.09325797855854034,5.3864288330078125,0.2358202189207077,7.876022815704346,0.7269151210784912,-0.021359562873840332,0.0011795330792665482,0.00038304179906845093,0.11413746327161789
z0y624x144,24,B,True,2950,0.09539598226547241,5.439527988433838,0.2347249537706375,7.874922275543213,0.7216741442680359,-0.01611858606338501,0.0012576499721035361,0.002138003706932068,0.1157221794128418
z0y624x144,24,B,True,2999,0.09756996482610703,5.50058126449585,0.23244979977607727,7.872783184051514,0.7342897653579712,-0.028734207153320312,0.0025226848665624857,0.002173982560634613,0.13051514327526093
z0y624x144,25,B,False,0,0.7151085138320923,2.0100228786468506,0.0027711919974535704,15.802522659301758,0.7151078581809998,0.018225491046905518,0.0027711919974535704,0.02522754669189453,0.017360135912895203
z0y624x144,25,B,False,50,1.5430866479873657,2.415398359298706,0.05776286870241165,15.772801399230957,1.5426439046859741,-0.8093105554580688,0.055894218385219574,0.8279781341552734,0.7027642130851746
z0y624x144,25,B,False,100,2.0287740230560303,3.083631753921509,0.12721218168735504,15.692012786865234,2.0271413326263428,-1.2938079833984375,0.0710945650935173,0.48568737506866455,1.1664690971374512
z0y624x144,25,B,False,150,1.7515177726745605,4.207400798797607,0.2018079161643982,15.584541320800781,1.7510498762130737,-1.0177165269851685,0.08047386258840561,0.2772562503814697,1.9475171566009521
z0y624x144,25,B,False,200,1.3506977558135986,5.709426403045654,0.23394213616847992,15.530590057373047,1.3776408433914185,-0.6443074941635132,0.0357804074883461,0.4008200168609619,2.7094550132751465
z0y624x144,25,B,False,250,0.8929083943367004,6.761725902557373,0.23441284894943237,15.521123886108398,1.0125542879104614,-0.27922093868255615,0.03262503817677498,0.4577893614768982,2.194045305252075
z0y624x144,25,B,False,300,0.7436510920524597,7.399263858795166,0.22314439713954926,15.530401229858398,0.9459853172302246,-0.21265196800231934,0.016695531085133553,0.14925730228424072,1.595762848854065
z0y624x144,25,B,False,350,0.6772232055664062,7.976175785064697,0.2134656310081482,15.540301322937012,0.9080761671066284,-0.17474281787872314,0.010461041703820229,0.06642788648605347,1.4112393856048584
z0y624x144,25,B,False,400,0.584947407245636,8.570706367492676,0.20254141092300415,15.55138874053955,0.834446907043457,-0.10111355781555176,0.011642725206911564,0.09227579832077026,1.414136528968811
z0y624x144,25,B,False,450,0.5395717024803162,9.112800598144531,0.1924387812614441,15.5614013671875,0.7982349395751953,-0.06490159034729004,0.01080470159649849,0.045375704765319824,1.255869746208191
z0y624x144,25,B,False,500,0.5048109889030457,9.684155464172363,0.18405230343341827,15.570122718811035,0.7697889804840088,-0.036455631256103516,0.008603799156844616,0.03476071357727051,1.3020060062408447
z0y624x144,25,B,False,550,0.5144870281219482,10.212376594543457,0.17597642540931702,15.578524589538574,0.7888063192367554,-0.0554729700088501,0.008249828591942787,0.009676039218902588,1.209580421447754
z0y624x144,25,B,False,600,0.48321783542633057,10.737460136413574,0.16629494726657867,15.588457107543945,0.765034556388855,-0.03170120716094971,0.011094911023974419,0.031269192695617676,1.1985054016113281
z0y624x144,25,B,False,650,0.4842820465564728,11.260117530822754,0.1597028225660324,15.594720840454102,0.7704727053642273,-0.03713935613632202,0.007327382452785969,0.001064211130142212,1.1402257680892944
z0y624x144,25,B,False,700,0.43603992462158203,11.756258964538574,0.15397216379642487,15.59979248046875,0.7290944457054138,0.004238903522491455,0.006771792192012072,0.04824212193489075,1.0322518348693848
z0y624x144,25,B,False,750,0.4392220377922058,12.325152397155762,0.1500633955001831,15.603078842163086,0.7393248081207275,-0.005991458892822266,0.004164888523519039,0.0031821131706237793,1.2089747190475464
z0y624x144,25,B,False,800,0.42611733078956604,12.854626655578613,0.1417607069015503,15.611775398254395,0.7172345519065857,0.01609879732131958,0.008979887701570988,0.01310470700263977,1.1170958280563354
z0y624x144,25,B,False,850,0.42332154512405396,13.335823059082031,0.13596691191196442,15.617560386657715,0.7197864651679993,0.013546884059906006,0.006780647207051516,0.002795785665512085,1.011064052581787
z0y624x144,25,B,False,900,0.42642271518707275,13.839421272277832,0.12560056149959564,15.627999305725098,0.7268063426017761,0.00652700662612915,0.011351598426699638,0.003101170063018799,1.120445728302002
z0y624x144,25,B,False,950,0.4020056426525116,14.328484535217285,0.11794373393058777,15.635621070861816,0.7056925892829895,0.02764075994491577,0.008867147378623486,0.024417072534561157,1.020797610282898
z0y624x144,25,B,False,1000,0.41100358963012695,14.800422668457031,0.10923290252685547,15.645330429077148,0.7248722314834595,0.0084611177444458,0.010476644150912762,0.008997946977615356,1.0083661079406738
z0y624x144,25,B,False,1050,0.38316673040390015,15.252778053283691,0.09910757839679718,15.656998634338379,0.694038450717926,0.03929489850997925,0.012549436651170254,0.027836859226226807,0.9765242338180542
z0y624x144,25,B,False,1100,0.384496808052063,15.798367500305176,0.09178287535905838,15.66507339477539,0.6959331035614014,0.037400245666503906,0.008701328188180923,0.0013300776481628418,1.1793581247329712
z0y624x144,25,B,False,1150,0.35724642872810364,16.247325897216797,0.0870421826839447,15.670745849609375,0.6732349991798401,0.060098350048065186,0.006190318148583174,0.02725037932395935,0.9217135310173035
z0y624x144,25,B,False,1200,0.36768779158592224,16.698991775512695,0.07783093303442001,15.684449195861816,0.6772910952568054,0.056042253971099854,0.01352190226316452,0.010441362857818604,1.0008189678192139
z0y624x144,25,B,False,1250,0.368971586227417,17.15793800354004,0.07093556225299835,15.695030212402344,0.6882237195968628,0.04510962963104248,0.010995227843523026,0.001283794641494751,1.0001689195632935
z0y624x144,25,B,False,1300,0.343559205532074,17.646379470825195,0.06326474249362946,15.710205078125,0.6653841137886047,0.06794923543930054,0.015599016100168228,0.025412380695343018,1.0899442434310913
z0y624x144,25,B,False,1350,0.3495665192604065,18.079761505126953,0.059588804841041565,15.719619750976562,0.6747435331344604,0.058589816093444824,0.009740371257066727,0.0060073137283325195,0.8739625811576843
z0y624x144,25,B,False,1400,0.34701913595199585,18.542673110961914,0.057462893426418304,15.735391616821289,0.6703231334686279,0.06301021575927734,0.01624590903520584,0.0025473833084106445,1.0577555894851685
z0y624x144,25,B,False,1450,0.3347797393798828,18.942989349365234,0.05901491269469261,15.746930122375488,0.6574372053146362,0.07589614391326904,0.012347163632512093,0.012239396572113037,0.8604821562767029
z0y624x144,25,B,False,1500,0.32488957047462463,19.307649612426758,0.06632108986377716,15.765028953552246,0.6559851169586182,0.07734823226928711,0.01851567253470421,0.009890168905258179,0.7935008406639099
z0y624x144,25,B,False,1550,0.3314255475997925,19.67087745666504,0.0710272267460823,15.776144027709961,0.6708201169967651,0.06251323223114014,0.01109898928552866,0.006535977125167847,0.745280385017395
z0y624x144,25,B,False,1600,0.32048431038856506,20.049779891967773,0.08137951046228409,15.791024208068848,0.662208080291748,0.07112526893615723,0.015582060441374779,0.010941237211227417,0.8330287933349609
z0y624x144,25,B,False,1650,0.3163989186286926,20.525047302246094,0.08911392092704773,15.801688194274902,0.6570334434509277,0.07629990577697754,0.011298513039946556,0.0040853917598724365,0.9941820502281189
z0y624x144,25,B,False,1700,0.3120381236076355,20.85976219177246,0.09953033179044724,15.813766479492188,0.6599090695381165,0.07342427968978882,0.012493984773755074,0.004360795021057129,0.6994295716285706
z0y624x144,25,B,False,1750,0.3185969293117523,21.252653121948242,0.11367987841367722,15.82861042022705,0.666555643081665,0.06677770614624023,0.016458334401249886,0.006558805704116821,0.9138957858085632
z0y624x144,25,B,False,1800,0.29355061054229736,21.62567138671875,0.1330411583185196,15.850128173828125,0.6339368224143982,0.09939652681350708,0.02176404930651188,0.025046318769454956,0.8670299053192139
z0y624x144,25,B,False,1850,0.30389532446861267,22.080917358398438,0.14664678275585175,15.8640775680542,0.6573138236999512,0.0760195255279541,0.015016245655715466,0.010344713926315308,0.9830987453460693
z0y624x144,25,B,False,1900,0.28680896759033203,22.443220138549805,0.15990221500396729,15.877706527709961,0.6320762634277344,0.1012570858001709,0.014308997429907322,0.01708635687828064,0.7920441627502441
z0y624x144,25,B,False,1950,0.3028228282928467,22.773635864257812,0.1754569262266159,15.894641876220703,0.6594818830490112,0.07385146617889404,0.016565030440688133,0.01601386070251465,0.7424683570861816
z0y624x144,25,B,False,2000,0.30843520164489746,23.124818801879883,0.18770231306552887,15.906864166259766,0.6704460382461548,0.06288731098175049,0.012898693792521954,0.005612373352050781,0.7237343788146973
z0y624x144,25,B,False,2050,0.3023398518562317,23.522565841674805,0.1958930492401123,15.915119171142578,0.6648996472358704,0.06843370199203491,0.008958810940384865,0.0060953497886657715,0.7945675849914551
z0y624x144,25,B,False,2100,0.2863261103630066,24.02949333190918,0.2063385248184204,15.927018165588379,0.6436994075775146,0.08963394165039062,0.011230857111513615,0.016013741493225098,1.0652472972869873
z0y624x144,25,B,False,2150,0.2971704304218292,24.41840171813965,0.21717211604118347,15.937898635864258,0.6626716256141663,0.07066172361373901,0.011455792933702469,0.010844320058822632,0.8758083581924438
z0y624x144,25,B,False,2200,0.27187806367874146,24.834548950195312,0.23149630427360535,15.952413558959961,0.6345943808555603,0.09873896837234497,0.014878056943416595,0.02529236674308777,0.8623281121253967
z0y624x144,25,B,False,2250,0.271432489156723,24.996353149414062,0.24428115785121918,15.964743614196777,0.6432487964630127,0.09008455276489258,0.012975228950381279,0.0004455745220184326,0.33667370676994324
z0y624x144,25,B,False,2300,0.29355090856552124,25.29766845703125,0.25670039653778076,15.977217674255371,0.6680567860603333,0.06527656316757202,0.012781313620507717,0.022118419408798218,0.633808970451355
z0y624x144,25,B,False,2350,0.2856491506099701,25.6290283203125,0.2749539315700531,15.995146751403809,0.660182774066925,0.07315057516098022,0.018421223387122154,0.007901757955551147,0.7963224053382874
z0y624x144,25,B,False,2400,0.3002969026565552,25.958478927612305,0.2876027822494507,16.007261276245117,0.6825746297836304,0.0507587194442749,0.012873155064880848,0.014647752046585083,0.6914031505584717
z0y624x144,25,B,False,2450,0.27488160133361816,26.294652938842773,0.30083537101745605,16.020036697387695,0.6635400056838989,0.06979334354400635,0.013556787744164467,0.02541530132293701,0.7351818680763245
z0y624x144,25,B,False,2500,0.27799564599990845,26.656747817993164,0.3121849000453949,16.032133102416992,0.6586341261863708,0.07469922304153442,0.011529911309480667,0.003114044666290283,0.8419023752212524
z0y624x144,25,B,False,2550,0.2838188111782074,26.94929313659668,0.3279836177825928,16.048023223876953,0.659233033657074,0.0741003155708313,0.01600266434252262,0.00582316517829895,0.6886000633239746
z0y624x144,25,B,False,2600,0.2847435176372528,27.06705665588379,0.3388006389141083,16.05885124206543,0.6683210134506226,0.06501233577728271,0.011065606027841568,0.0009247064590454102,0.22673603892326355
z0y624x144,25,B,False,2650,0.28405728936195374,27.3602237701416,0.3513685464859009,16.071617126464844,0.666309654712677,0.06702369451522827,0.012722347863018513,0.0006862282752990723,0.6110441088676453
z0y624x144,25,B,False,2700,0.2718832492828369,27.399194717407227,0.36519619822502136,16.085010528564453,0.6542521119117737,0.07908123731613159,0.013866218738257885,0.012174040079116821,0.25727713108062744
z0y624x144,25,B,False,2750,0.25649863481521606,27.55792236328125,0.38151800632476807,16.10030174255371,0.6363126635551453,0.09702068567276001,0.016363777220249176,0.01538461446762085,0.35540929436683655
z0y624x144,25,B,False,2800,0.2683508098125458,27.847238540649414,0.39805540442466736,16.11648941040039,0.6593572497367859,0.07397609949111938,0.016660792753100395,0.011852174997329712,0.6783165335655212
z0y624x144,25,B,False,2850,0.25095313787460327,28.028406143188477,0.41336050629615784,16.13087272644043,0.6446080803871155,0.0887252688407898,0.015353172086179256,0.017397671937942505,0.4056582450866699
z0y624x144,25,B,False,2900,0.27177026867866516,28.312524795532227,0.41909411549568176,16.13556480407715,0.6538238525390625,0.07950949668884277,0.00580595200881362,0.02081713080406189,0.5837689638137817
z0y624x144,25,B,False,2950,0.2730044722557068,28.59423828125,0.43486487865448,16.15074920654297,0.6596558094024658,0.07367753982543945,0.015819618478417397,0.001234203577041626,0.642071008682251
z0y624x144,25,B,False,2999,0.25713610649108887,28.6516170501709,0.45047783851623535,16.16534423828125,0.6396164894104004,0.09371685981750488,0.01563849300146103,0.01586836576461792,0.24244603514671326
z0y624x144,26,B,False,0,0.7149227857589722,2.010023355484009,0.002756913425400853,10.980406761169434,0.7149223685264587,0.040633201599121094,0.002756913425400853,0.025216996669769287,0.017361098900437355
z0y624x144,26,B,False,50,1.7793374061584473,2.472299814224243,0.038453638553619385,10.99165153503418,1.7792549133300781,-1.0236992835998535,0.03976273164153099,1.064414620399475,0.8015994429588318
z0y624x144,26,B,False,100,2.0874104499816895,3.293672561645508,0.045159224420785904,11.030320167541504,2.0934994220733643,-1.3379437923431396,0.020366959273815155,0.3080730438232422,1.4258943796157837
z0y624x144,26,B,False,150,1.641720175743103,4.567094802856445,0.062100283801555634,11.074895858764648,1.6904579401016235,-0.9349023699760437,0.0224484670907259,0.4456902742385864,2.2096452713012695
z0y624x144,26,B,False,200,1.1692228317260742,6.8664326667785645,0.15022504329681396,11.209388732910156,1.2237635850906372,-0.4682080149650574,0.09350132942199707,0.4724973440170288,4.011926651000977
z0y624x144,26,B,False,250,1.0203646421432495,9.466609954833984,0.251558780670166,11.281336784362793,1.0674933195114136,-0.31193774938583374,0.1250872015953064,0.1488581895828247,5.01261043548584
z0y624x144,26,B,False,300,0.9056355357170105,11.809805870056152,0.3441609740257263,11.296907424926758,0.9477879405021667,-0.19223237037658691,0.11681676656007767,0.11472910642623901,4.963354110717773
z0y624x144,26,B,False,350,0.7933444976806641,13.39391803741455,0.412507027387619,11.305376052856445,0.8398807048797607,-0.08432513475418091,0.07817386090755463,0.11229103803634644,3.1099255084991455
z0y624x144,26,B,False,400,0.7314034104347229,14.494621276855469,0.4640967547893524,11.317203521728516,0.7823091149330139,-0.026753544807434082,0.05422734469175339,0.06194108724594116,2.1200625896453857
z0y624x144,26,B,False,450,0.6863182783126831,15.288291931152344,0.49850744009017944,11.328071594238281,0.7405794858932495,0.014976084232330322,0.03514058142900467,0.045085132122039795,1.464884877204895
z0y624x144,26,B,False,500,0.6759830713272095,15.914031982421875,0.5234559774398804,11.338798522949219,0.7380857467651367,0.017469823360443115,0.0250676441937685,0.010335206985473633,1.1862317323684692
z0y624x144,26,B,False,550,0.6463969945907593,16.43598747253418,0.54246985912323,11.352226257324219,0.7214672565460205,0.034088313579559326,0.019827259704470634,0.029586076736450195,1.0484161376953125
z0y624x144,26,B,False,600,0.6301623582839966,16.814367294311523,0.555088222026825,11.363404273986816,0.714494526386261,0.04106104373931885,0.014305151998996735,0.016234636306762695,0.7885814309120178
z0y624x144,26,B,False,650,0.6124372482299805,17.08389663696289,0.5639780759811401,11.376459121704102,0.700633704662323,0.054921865463256836,0.01329853292554617,0.017725110054016113,0.6036597490310669
z0y624x144,26,B,False,700,0.6023410558700562,17.346641540527344,0.5701504349708557,11.388470649719238,0.6952141523361206,0.06034141778945923,0.0115137230604887,0.010096192359924316,0.5555788278579712
z0y624x144,26,B,False,750,0.5939591526985168,17.528051376342773,0.5775733590126038,11.403295516967773,0.6910896301269531,0.06446593999862671,0.014181429520249367,0.008381903171539307,0.421615332365036
z0y624x144,26,B,False,800,0.6008138656616211,17.65530014038086,0.5828855037689209,11.41549301147461,0.7057021260261536,0.04985344409942627,0.011610534973442554,0.006854712963104248,0.40681877732276917
z0y624x144,26,B,False,850,0.5716149210929871,17.801647186279297,0.5871391892433167,11.427206993103027,0.6810377240180969,0.07451784610748291,0.010899618268013,0.029198944568634033,0.3344920873641968
z0y624x144,26,B,False,900,0.5705968737602234,17.938623428344727,0.5917794108390808,11.436646461486816,0.6892756819725037,0.06627988815307617,0.008759583346545696,0.0010180473327636719,0.333076536655426
z0y624x144,26,B,False,950,0.5630897283554077,18.021671295166016,0.5952922105789185,11.445352554321289,0.6832714080810547,0.07228416204452515,0.00829241145402193,0.007507145404815674,0.24232889711856842
z0y624x144,26,B,False,1000,0.5488488078117371,18.12332534790039,0.5977630615234375,11.453327178955078,0.6761658787727356,0.07938969135284424,0.007385664153844118,0.014240920543670654,0.25195223093032837
z0y624x144,26,B,False,1050,0.551273763179779,18.201814651489258,0.6009811162948608,11.461723327636719,0.6826189160346985,0.07293665409088135,0.008008288219571114,0.002424955368041992,0.2953914701938629
z0y624x144,26,B,False,1100,0.5365141034126282,18.28564453125,0.6059074997901917,11.47189998626709,0.6690428256988525,0.0865127444267273,0.00950650218874216,0.014759659767150879,0.22968155145645142
z0y624x144,26,B,False,1150,0.5459825396537781,18.387380599975586,0.6087750792503357,11.477517127990723,0.6876091957092285,0.06794637441635132,0.00514478562399745,0.009468436241149902,0.23030272126197815
z0y624x144,26,B,False,1200,0.5281930565834045,18.467594146728516,0.6120999455451965,11.484024047851562,0.6705119609832764,0.08504360914230347,0.00609423266723752,0.017789483070373535,0.2215602546930313
z0y624x144,26,B,False,1250,0.5355929136276245,18.495880126953125,0.6137629151344299,11.488275527954102,0.6881936192512512,0.06736195087432861,0.004024580121040344,0.007399857044219971,0.08854681998491287
z0y624x144,26,B,False,1300,0.52182936668396,18.5517520904541,0.616115391254425,11.493034362792969,0.674680769443512,0.08087480068206787,0.004070041235536337,0.01376354694366455,0.15628120303153992
z0y624x144,26,B,False,1350,0.5281003713607788,18.67926597595215,0.6190953254699707,11.500212669372559,0.6830846071243286,0.07247096300125122,0.006860466208308935,0.006271004676818848,0.27388203144073486
z0y624x144,26,B,False,1400,0.5152997374534607,18.7211856842041,0.6212547421455383,11.505221366882324,0.6763185858726501,0.07923698425292969,0.004643555264919996,0.012800633907318115,0.13673542439937592
z0y624x144,26,B,False,1450,0.5119166374206543,18.78931999206543,0.6237090229988098,11.511076927185059,0.6800840497016907,0.07547152042388916,0.005310936830937862,0.0033831000328063965,0.13634274899959564
z0y624x144,26,B,False,1500,0.4980023205280304,18.862688064575195,0.6243181824684143,11.512858390808105,0.6723093390464783,0.08324623107910156,0.0014498585369437933,0.013914316892623901,0.14386802911758423
z0y624x144,26,B,False,1550,0.4981427490711212,18.895158767700195,0.6272295713424683,11.520065307617188,0.6677212119102478,0.08783435821533203,0.007122362032532692,0.0001404285430908203,0.11854385584592819
z0y624x144,26,B,False,1600,0.5216337442398071,18.906152725219727,0.627799928188324,11.52205753326416,0.7006245851516724,0.05493098497390747,0.0014637906569987535,0.023490995168685913,0.03439338505268097
z0y624x144,26,B,False,1650,0.5099791884422302,18.9841365814209,0.6305819749832153,11.526506423950195,0.6940028071403503,0.06155276298522949,0.004420424811542034,0.011654555797576904,0.1883336901664734
z0y624x144,26,B,False,1700,0.4900367259979248,18.975610733032227,0.6329010725021362,11.529979705810547,0.6786558032035828,0.07689976692199707,0.0032976106740534306,0.01994246244430542,0.04259350523352623
z0y624x144,26,B,False,1750,0.4839722812175751,18.99818229675293,0.6327274441719055,11.533112525939941,0.6757024526596069,0.0798531174659729,0.0037669537123292685,0.0060644447803497314,0.10172928124666214
z0y624x144,26,B,False,1800,0.4870060384273529,19.063533782958984,0.634604275226593,11.536965370178223,0.6798690557479858,0.075686514377594,0.0034797044936567545,0.003033757209777832,0.1513153314590454
z0y624x144,26,B,False,1850,0.47708916664123535,19.101789474487305,0.6349689960479736,11.537684440612793,0.6707388758659363,0.08481669425964355,0.00115608936175704,0.009916871786117554,0.10235533863306046
z0y624x144,26,B,False,1900,0.47075214982032776,19.146997451782227,0.6366901993751526,11.542719841003418,0.668230414390564,0.08732515573501587,0.00494197104126215,0.006337016820907593,0.0861390009522438
z0y624x144,26,B,False,1950,0.4994923770427704,19.217073440551758,0.6378087997436523,11.546610832214355,0.7039766907691956,0.05157887935638428,0.003699289867654443,0.028740227222442627,0.1531497836112976
z0y624x144,26,B,False,2000,0.47268179059028625,19.28080177307129,0.638005793094635,11.548640251159668,0.6783928871154785,0.07716268301010132,0.0022518550977110863,0.02681058645248413,0.13508421182632446
z0y624x144,26,B,False,2050,0.48081710934638977,19.341699600219727,0.6402698755264282,11.552571296691895,0.686980128288269,0.06857544183731079,0.003575596958398819,0.008135318756103516,0.1531246453523636
z0y624x144,26,B,False,2100,0.46837034821510315,19.40499496459961,0.6420319080352783,11.556671142578125,0.6792027950286865,0.07635277509689331,0.0040895771235227585,0.012446761131286621,0.12314761430025101
z0y624x144,26,B,False,2150,0.4712119996547699,19.47542953491211,0.6396877765655518,11.554304122924805,0.6830597519874573,0.07249581813812256,0.003080882830545306,0.002841651439666748,0.1370665580034256
z0y624x144,26,B,False,2200,0.4554058313369751,19.51301383972168,0.6419499516487122,11.558191299438477,0.6683306694030762,0.08722490072250366,0.0037483558990061283,0.0158061683177948,0.08910487592220306
z0y624x144,26,B,False,2250,0.4615951180458069,19.527807235717773,0.639041006565094,11.55578327178955,0.6725813746452332,0.08297419548034668,0.003204213920980692,0.006189286708831787,0.10376809537410736
z0y624x144,26,B,False,2300,0.45525312423706055,19.588438034057617,0.6407420635223389,11.559966087341309,0.6683734059333801,0.08718216419219971,0.003845387138426304,0.006341993808746338,0.12323059141635895
z0y624x144,26,B,False,2350,0.455951064825058,19.647642135620117,0.6397951245307922,11.556839942932129,0.6743265986442566,0.08122897148132324,0.004065133165568113,0.0006979405879974365,0.11546742171049118
z0y624x144,26,B,False,2400,0.4620080888271332,19.717924118041992,0.6413517594337463,11.561613082885742,0.6852514743804932,0.07030409574508667,0.0042219581082463264,0.006057024002075195,0.1475350707769394
z0y624x144,26,B,False,2450,0.44775649905204773,19.737815856933594,0.6448522806167603,11.566848754882812,0.6747304201126099,0.08082515001296997,0.00517257209867239,0.01425158977508545,0.08717437833547592
z0y624x144,26,B,False,2500,0.46388480067253113,19.833574295043945,0.6458712220191956,11.568875312805176,0.6921725273132324,0.06338304281234741,0.0016168762231245637,0.0161283016204834,0.1814723163843155
z0y624x144,26,B,False,2550,0.43807369470596313,19.874666213989258,0.6452016234397888,11.568832397460938,0.6661871671676636,0.08936840295791626,0.0009949784725904465,0.025811105966567993,0.12525300681591034
z0y624x144,26,B,False,2600,0.44341689348220825,19.990875244140625,0.6468024849891663,11.573094367980957,0.6745252013206482,0.08103036880493164,0.0036439369432628155,0.005343198776245117,0.24444082379341125
z0y624x144,26,B,False,2650,0.44337841868400574,20.001251220703125,0.647014319896698,11.573854446411133,0.6726118326187134,0.08294373750686646,0.0019943465013056993,3.847479820251465e-05,0.0957748293876648
z0y624x144,26,B,False,2700,0.4404360353946686,20.045888900756836,0.6456615328788757,11.572714805603027,0.6752654314041138,0.08029013872146606,0.0017053246265277267,0.002942383289337158,0.1035398319363594
z0y624x144,26,B,False,2750,0.4460172951221466,20.12320899963379,0.6463385224342346,11.574697494506836,0.6886199712753296,0.06693559885025024,0.0021376691292971373,0.005581259727478027,0.162660151720047
z0y624x144,26,B,False,2800,0.43109530210494995,20.15873908996582,0.6454981565475464,11.574149131774902,0.6712931394577026,0.0842624306678772,0.0009597527678124607,0.014921993017196655,0.18640705943107605
z0y624x144,26,B,False,2850,0.4441264569759369,20.18109703063965,0.6464093327522278,11.576469421386719,0.6888561248779297,0.06669944524765015,0.0022830995731055737,0.013031154870986938,0.09219596534967422
z0y624x144,26,B,False,2900,0.42474979162216187,20.18403434753418,0.6487893462181091,11.579843521118164,0.6630812883377075,0.09247428178787231,0.0031737005338072777,0.019376665353775024,0.028076818212866783
z0y624x144,26,B,False,2950,0.4318423569202423,20.237947463989258,0.651476263999939,11.583089828491211,0.6745246052742004,0.0810309648513794,0.002952409442514181,0.007092565298080444,0.11675295978784561
z0y624x144,26,B,False,2999,0.42620718479156494,20.279457092285156,0.6496191620826721,11.582246780395508,0.6697674989700317,0.0857880711555481,0.00215892749838531,0.005635172128677368,0.1415087878704071
z0y624x144,27,B,True,0,0.7148615121841431,2.010024070739746,0.002770089777186513,16.427827835083008,0.7148608565330505,-0.014860868453979492,0.002770089777186513,0.025222480297088623,0.017362337559461594
z0y624x144,27,B,True,50,2.062185764312744,2.5089051723480225,0.011487169191241264,16.442184448242188,2.062164306640625,-1.3621642589569092,0.008982348255813122,1.347324252128601,0.864315927028656
z0y624x144,27,B,True,100,1.6686707735061646,3.275500535964966,0.044953931123018265,16.432159423828125,1.6685281991958618,-0.9685282111167908,0.04270773380994797,0.3935149908065796,1.331899881362915
z0y624x144,27,B,True,150,2.0856666564941406,4.798791408538818,0.06055092439055443,16.426734924316406,2.090730905532837,-1.390730857849121,0.02941032685339451,0.4169958829879761,2.641458749771118
z0y624x144,27,B,True,200,1.2066880464553833,6.7405266761779785,0.09054472297430038,16.401844024658203,1.2518982887268066,-0.5518983006477356,0.037815582007169724,0.8789786100387573,3.386749505996704
z0y624x144,27,B,True,250,0.918412983417511,7.917362213134766,0.1330406814813614,16.430143356323242,0.9978243112564087,-0.29782432317733765,0.04332779720425606,0.2882750630378723,2.17279314994812
z0y624x144,27,B,True,300,0.752419114112854,8.409714698791504,0.15194234251976013,16.4312801361084,0.8669256567955017,-0.16692566871643066,0.019519194960594177,0.16599386930465698,1.0595134496688843
z0y624x144,27,B,True,350,0.6746415495872498,8.651329040527344,0.16719913482666016,16.43235206604004,0.8229305148124695,-0.12293052673339844,0.019419418647885323,0.07777756452560425,0.5337240695953369
z0y624x144,27,B,True,400,0.6034867763519287,8.835396766662598,0.17918622493743896,16.429309844970703,0.7779849171638489,-0.07798492908477783,0.01795348711311817,0.07115477323532104,0.3677825927734375
z0y624x144,27,B,True,450,0.561249852180481,8.958134651184082,0.19335481524467468,16.42637825012207,0.7649507522583008,-0.06495076417922974,0.01975817047059536,0.042236924171447754,0.2519776225090027
z0y624x144,27,B,True,500,0.5267108678817749,9.023993492126465,0.20565584301948547,16.427831649780273,0.7483819127082825,-0.048381924629211426,0.016179824247956276,0.034538984298706055,0.18685559928417206
z0y624x144,27,B,True,550,0.5051429271697998,9.077437400817871,0.21772652864456177,16.430944442749023,0.7444806694984436,-0.04448068141937256,0.01512813102453947,0.021567940711975098,0.10964503139257431
z0y624x144,27,B,True,600,0.4764518737792969,9.151032447814941,0.23060613870620728,16.43352699279785,0.7351202368736267,-0.035120248794555664,0.015811771154403687,0.02869105339050293,0.15549691021442413
z0y624x144,27,B,True,650,0.45438575744628906,9.194561958312988,0.2409151792526245,16.438013076782227,0.7275176644325256,-0.02751767635345459,0.012039991095662117,0.022066116333007812,0.10195747017860413
z0y624x144,27,B,True,700,0.42404335737228394,9.246588706970215,0.251314252614975,16.43980598449707,0.7239055633544922,-0.023905575275421143,0.012447821907699108,0.030342400074005127,0.09753934293985367
z0y624x144,27,B,True,750,0.39750635623931885,9.276226997375488,0.2618694305419922,16.446027755737305,0.7081160545349121,-0.008116066455841064,0.01237366534769535,0.026537001132965088,0.09528762102127075
z0y624x144,27,B,True,800,0.3838026225566864,9.289036750793457,0.27114421129226685,16.4487247467041,0.706924319267273,-0.006924331188201904,0.011210726574063301,0.013703733682632446,0.05749419331550598
z0y624x144,27,B,True,850,0.37666431069374084,9.312239646911621,0.2797811031341553,16.454608917236328,0.7249361872673035,-0.024936199188232422,0.009621424600481987,0.007138311862945557,0.10166660696268082
z0y624x144,27,B,True,900,0.343082457780838,9.320303916931152,0.28940072655677795,16.461830139160156,0.697831392288208,0.002168595790863037,0.011025920510292053,0.03358185291290283,0.05298813804984093
z0y624x144,27,B,True,950,0.32969269156455994,9.34501838684082,0.29667165875434875,16.465299606323242,0.7064563632011414,-0.0064563751220703125,0.00841528084129095,0.013389766216278076,0.0507732629776001
z0y624x144,27,B,True,1000,0.31294283270835876,9.33691120147705,0.3037218451499939,16.46682357788086,0.6987965106964111,0.0012034773826599121,0.007901824079453945,0.016749858856201172,0.06397329270839691
z0y624x144,27,B,True,1050,0.30474573373794556,9.344138145446777,0.31141307950019836,16.473270416259766,0.6997721791267395,0.00022780895233154297,0.00871445145457983,0.008197098970413208,0.07574712485074997
z0y624x144,27,B,True,1100,0.2916662096977234,9.355416297912598,0.3205142915248871,16.48002815246582,0.7117794752120972,-0.011779487133026123,0.009813486598432064,0.013079524040222168,0.05927838385105133
z0y624x144,27,B,True,1150,0.27297598123550415,9.341115951538086,0.32627713680267334,16.485715866088867,0.6951714754104614,0.004828512668609619,0.007094581611454487,0.01869022846221924,0.03274925425648689
z0y624x144,27,B,True,1200,0.2708146572113037,9.319108009338379,0.3323812782764435,16.487295150756836,0.7000004649162292,-4.76837158203125e-07,0.007137222681194544,0.0021613240242004395,0.04615645110607147
z0y624x144,27,B,True,1250,0.25660982728004456,9.329418182373047,0.3381785750389099,16.492528915405273,0.7015751004219055,-0.0015751123428344727,0.006575901992619038,0.014204829931259155,0.039939701557159424
z0y624x144,27,B,True,1300,0.24571049213409424,9.36009407043457,0.3428572714328766,16.497339248657227,0.6981407403945923,0.0018592476844787598,0.005546435248106718,0.010899335145950317,0.06517302244901657
z0y624x144,27,B,True,1350,0.2279687076807022,9.368775367736816,0.3475694954395294,16.50126075744629,0.6934263706207275,0.006573617458343506,0.005085851531475782,0.01774178445339203,0.047691117972135544
z0y624x144,27,B,True,1400,0.21862301230430603,9.364015579223633,0.35127973556518555,16.506128311157227,0.6837185621261597,0.016281425952911377,0.0038599404506385326,0.00934569537639618,0.028160102665424347
z0y624x144,27,B,True,1450,0.2163965255022049,9.36352825164795,0.35467666387557983,16.50913429260254,0.6913308501243591,0.008669137954711914,0.0037743235006928444,0.0022264868021011353,0.020654473453760147
z0y624x144,27,B,True,1500,0.20679184794425964,9.36589241027832,0.3591388761997223,16.508712768554688,0.6991716623306274,0.0008283257484436035,0.004677558317780495,0.009604677557945251,0.014856945723295212
z0y624x144,27,B,True,1550,0.20287437736988068,9.370071411132812,0.3631768226623535,16.510028839111328,0.7058300375938416,-0.005830049514770508,0.004227936267852783,0.003917470574378967,0.018075669184327126
z0y624x144,27,B,True,1600,0.19598384201526642,9.368849754333496,0.3661355972290039,16.507551193237305,0.697013795375824,0.0029861927032470703,0.0034634999465197325,0.006890535354614258,0.04999423027038574
z0y624x144,27,B,True,1650,0.1910301297903061,9.390142440795898,0.37105005979537964,16.505970001220703,0.7020272612571716,-0.002027273178100586,0.005301618482917547,0.004953712224960327,0.041469357907772064
z0y624x144,27,B,True,1700,0.17036785185337067,9.400053024291992,0.37560564279556274,16.507699966430664,0.6962502002716064,0.0037497878074645996,0.004950087517499924,0.020662277936935425,0.02396339923143387
z0y624x144,27,B,True,1750,0.17240896821022034,9.385805130004883,0.3780852258205414,16.50896453857422,0.698323667049408,0.001676321029663086,0.0025103758089244366,0.0020411163568496704,0.030559906736016273
z0y624x144,27,B,True,1800,0.16660092771053314,9.39110279083252,0.37928831577301025,16.50824737548828,0.6982138156890869,0.0017861723899841309,0.0014256142312660813,0.005808040499687195,0.012849845923483372
z0y624x144,27,B,True,1850,0.16475152969360352,9.390976905822754,0.38206246495246887,16.510486602783203,0.7030069828033447,-0.0030069947242736816,0.0030920899007469416,0.0018493980169296265,0.0212703887373209
z0y624x144,27,B,True,1900,0.15871460735797882,9.398756980895996,0.38329121470451355,16.509614944458008,0.7131571769714355,-0.013157188892364502,0.0013880336191505194,0.006036922335624695,0.01570437289774418
z0y624x144,27,B,True,1950,0.1486523151397705,9.399113655090332,0.3842610716819763,16.507448196411133,0.7025938034057617,-0.002593815326690674,0.001675474108196795,0.010062292218208313,0.026931259781122208
z0y624x144,27,B,True,2000,0.1406920999288559,9.403555870056152,0.3844812512397766,16.50889015197754,0.6981492042541504,0.0018507838249206543,0.0010670899646356702,0.007960215210914612,0.041469648480415344
z0y624x144,27,B,True,2050,0.1373213678598404,9.40684700012207,0.3873004913330078,16.509119033813477,0.6978803873062134,0.002119600772857666,0.003003160236403346,0.003370732069015503,0.01314878836274147
z0y624x144,27,B,True,2100,0.1319355070590973,9.40647029876709,0.3901282846927643,16.51054573059082,0.6845719814300537,0.015428006649017334,0.0028371179942041636,0.005385860800743103,0.015698665753006935
z0y624x144,27,B,True,2150,0.13165508210659027,9.418147087097168,0.39194419980049133,16.510265350341797,0.6937643885612488,0.006235599517822266,0.0018738351063802838,0.00028042495250701904,0.02337576262652874
z0y624x144,27,B,True,2200,0.12153168767690659,9.414649963378906,0.39318159222602844,16.510509490966797,0.6857059001922607,0.014294087886810303,0.0017436831258237362,0.010123394429683685,0.028651392087340355
z0y624x144,27,B,True,2250,0.12094065546989441,9.430222511291504,0.3950992822647095,16.508861541748047,0.6921399831771851,0.007860004901885986,0.0021796796936541796,0.0005910322070121765,0.03999597579240799
z0y624x144,27,B,True,2300,0.11942782998085022,9.42933177947998,0.39623287320137024,16.508424758911133,0.6967434883117676,0.003256499767303467,0.0014081362169235945,0.0015128254890441895,0.008742116391658783
z0y624x144,27,B,True,2350,0.11822715401649475,9.426994323730469,0.3981795608997345,16.50809097290039,0.6978427171707153,0.002157270908355713,0.002000002423301339,0.0012006759643554688,0.027821172028779984
z0y624x144,27,B,True,2400,0.11251702159643173,9.433243751525879,0.3994269371032715,16.509342193603516,0.6945132613182068,0.005486726760864258,0.0013537959894165397,0.005710132420063019,0.020016904920339584
z0y624x144,27,B,True,2450,0.10886175185441971,9.438345909118652,0.40045592188835144,16.507959365844727,0.6943962574005127,0.00560373067855835,0.0013014394789934158,0.003655269742012024,0.023858115077018738
z0y624x144,27,B,True,2500,0.10349790751934052,9.441271781921387,0.4022020399570465,16.50897979736328,0.6829245090484619,0.01707547903060913,0.0020116399973630905,0.005363844335079193,0.0167628675699234
z0y624x144,27,B,True,2550,0.1041281446814537,9.450969696044922,0.4031684994697571,16.509260177612305,0.699615478515625,0.0003845095634460449,0.0011501106200739741,0.0006302371621131897,0.0351891815662384
z0y624x144,27,B,True,2600,0.09956248849630356,9.46688175201416,0.40338242053985596,16.512697219848633,0.6996108293533325,0.0003891587257385254,0.0009449445060454309,0.0045656561851501465,0.03493775054812431
z0y624x144,27,B,True,2650,0.09873029589653015,9.464862823486328,0.4032519459724426,16.5131778717041,0.6945640444755554,0.005435943603515625,0.00042249387479387224,0.000832192599773407,0.020785285159945488
z0y624x144,27,B,True,2700,0.09603941440582275,9.46975040435791,0.40382906794548035,16.514915466308594,0.6836371421813965,0.01636284589767456,0.0006215294124558568,0.0026908814907073975,0.014078774489462376
z0y624x144,27,B,True,2750,0.09445853531360626,9.461461067199707,0.40472570061683655,16.516416549682617,0.6941889524459839,0.005811035633087158,0.0009437333792448044,0.0015808790922164917,0.027463678270578384
z0y624x144,27,B,True,2800,0.09249954670667648,9.467594146728516,0.4051159620285034,16.515892028808594,0.6988298892974854,0.0011700987815856934,0.000881558284163475,0.001958988606929779,0.03267547860741615
z0y624x144,27,B,True,2850,0.09052173048257828,9.472949028015137,0.4057106077671051,16.515846252441406,0.6918660402297974,0.008133947849273682,0.0010225754231214523,0.0019778162240982056,0.010300442576408386
z0y624x144,27,B,True,2900,0.08837275952100754,9.473034858703613,0.40657907724380493,16.517162322998047,0.6904596090316772,0.009540379047393799,0.001135184895247221,0.0021489709615707397,0.009572718292474747
z0y624x144,27,B,True,2950,0.08415211737155914,9.479642868041992,0.4070366621017456,16.51596450805664,0.6926736235618591,0.007326364517211914,0.0007611617329530418,0.004220642149448395,0.01427824143320322
z0y624x144,27,B,True,2999,0.08224571496248245,9.47911548614502,0.4065230190753937,16.5139102935791,0.6887696981430054,0.011230289936065674,0.0013843317283317447,0.0019064024090766907,0.03751460090279579
z0y624x144,28,B,False,0,0.6889517307281494,2.0018370151519775,7.65082222642377e-05,6.267631530761719,0.6939928531646729,0.006007134914398193,7.65082222642377e-05,0.00039452314376831055,0.003216892248019576
z0y624x144,28,B,False,50,1.3221018314361572,2.3442604541778564,0.06110842898488045,6.294528961181641,1.374099612236023,-0.6740996241569519,0.06103840842843056,0.6331501007080078,0.6019304394721985
z0y624x144,28,B,False,100,1.5112693309783936,2.7562978267669678,0.1416950225830078,6.374540328979492,1.6216703653335571,-0.9216703772544861,0.08384106308221817,0.18916749954223633,0.7768983840942383
z0y624x144,28,B,False,150,1.1831566095352173,3.177935838699341,0.19859905540943146,6.456888198852539,1.3780102729797363,-0.6780102849006653,0.05961296707391739,0.32811272144317627,0.7980787754058838
z0y624x144,28,B,False,200,1.1837700605392456,3.9463469982147217,0.27498412132263184,6.535958290100098,1.5366253852844238,-0.8366253972053528,0.07666800916194916,0.0006134510040283203,1.5573288202285767
z0y624x144,28,B,False,250,0.9181400537490845,4.969951629638672,0.3451651930809021,6.686185836791992,1.3239128589630127,-0.6239128708839417,0.08846146613359451,0.26563000679016113,2.34389591217041
z0y624x144,28,B,False,300,0.8347213864326477,6.2877726554870605,0.3861622214317322,6.795276165008545,1.2992368936538696,-0.5992369055747986,0.06579411774873734,0.08341866731643677,2.695857286453247
z0y624x144,28,B,False,350,0.6877768039703369,7.5732293128967285,0.40808984637260437,6.878834247589111,1.1379244327545166,-0.43792444467544556,0.05227178707718849,0.1469445824623108,2.6291894912719727
z0y624x144,28,B,False,400,0.7233130931854248,8.792281150817871,0.4232437312602997,6.930881023406982,1.15444016456604,-0.454440176486969,0.039310723543167114,0.03553628921508789,2.4005119800567627
z0y624x144,28,B,False,450,0.5302218198776245,9.683538436889648,0.4336046576499939,6.965315818786621,0.9131724238395691,-0.21317243576049805,0.027533791959285736,0.1930912733078003,1.753312587738037
z0y624x144,28,B,False,500,0.5178201198577881,10.431914329528809,0.4406760632991791,6.981700420379639,0.88987797498703,-0.18987798690795898,0.010175065137445927,0.012401700019836426,1.4191142320632935
z0y624x144,28,B,False,550,0.49373772740364075,11.1315279006958,0.4479341208934784,7.0,0.8649150729179382,-0.1649150848388672,0.014753848314285278,0.02408239245414734,1.364231824874878
z0y624x144,28,B,False,600,0.4961665868759155,11.83448314666748,0.4546024203300476,7.016721248626709,0.853814959526062,-0.15381497144699097,0.015449512749910355,0.0024288594722747803,1.3487675189971924
z0y624x144,28,B,False,650,0.4737616777420044,12.440011024475098,0.4601229131221771,7.029930591583252,0.8153454661369324,-0.11534547805786133,0.012787582352757454,0.022404909133911133,1.1757841110229492
z0y624x144,28,B,False,700,0.4436798691749573,13.022274017333984,0.46436646580696106,7.040341377258301,0.7872248291969299,-0.08722484111785889,0.00871124304831028,0.03008180856704712,1.095918893814087
z0y624x144,28,B,False,750,0.43773579597473145,13.585482597351074,0.4683569073677063,7.049628734588623,0.7727502584457397,-0.0727502703666687,0.007376610767096281,0.00594407320022583,1.0756734609603882
z0y624x144,28,B,False,800,0.4461744725704193,14.096955299377441,0.4722574055194855,7.0579352378845215,0.7687539458274841,-0.06875395774841309,0.007787414826452732,0.008438676595687866,1.0043421983718872
z0y624x144,28,B,False,850,0.44394728541374207,14.615260124206543,0.47542786598205566,7.063882827758789,0.7618275880813599,-0.06182760000228882,0.005121239461004734,0.002227187156677246,1.0229212045669556
z0y624x144,28,B,False,900,0.43695175647735596,15.14296817779541,0.47858503460884094,7.070515155792236,0.7448756098747253,-0.0448756217956543,0.006560872308909893,0.006995528936386108,0.9676253199577332
z0y624x144,28,B,False,950,0.4238978922367096,15.568142890930176,0.4816548228263855,7.078659534454346,0.7310216426849365,-0.03102165460586548,0.008373325690627098,0.013053864240646362,0.8086072206497192
z0y624x144,28,B,False,1000,0.4191746711730957,15.98717212677002,0.4847749173641205,7.084313869476318,0.7151426076889038,-0.015142619609832764,0.006695447023957968,0.004723221063613892,0.8351302146911621
z0y624x144,28,B,False,1050,0.4124901294708252,16.35908317565918,0.48713400959968567,7.089825630187988,0.7157943844795227,-0.01579439640045166,0.0051260110922157764,0.006684541702270508,0.7064360976219177
z0y624x144,28,B,False,1100,0.4198130667209625,16.755281448364258,0.48974940180778503,7.095746040344238,0.7184582352638245,-0.018458247184753418,0.0064176819287240505,0.007322937250137329,0.7945042848587036
z0y624x144,28,B,False,1150,0.4133354127407074,17.0104923248291,0.4923889636993408,7.101799011230469,0.7082045078277588,-0.008204519748687744,0.008661026135087013,0.006477653980255127,0.5205633044242859
z0y624x144,28,B,False,1200,0.3907696008682251,17.222606658935547,0.4941169023513794,7.105510711669922,0.6813812255859375,0.018618762493133545,0.005162372253835201,0.0225658118724823,0.37053635716438293
z0y624x144,28,B,False,1250,0.4129655659198761,17.52501106262207,0.4965958595275879,7.110044479370117,0.7030028104782104,-0.0030028223991394043,0.0057775829918682575,0.022195965051651,0.5921064615249634
z0y624x144,28,B,False,1300,0.4157615602016449,17.844213485717773,0.4986671209335327,7.114163875579834,0.700285017490387,-0.00028502941131591797,0.004748342093080282,0.002795994281768799,0.5899545550346375
z0y624x144,28,B,False,1350,0.3755916357040405,17.989028930664062,0.5002087950706482,7.1178693771362305,0.6541860699653625,0.045813918113708496,0.005562801845371723,0.04016992449760437,0.2859833240509033
z0y624x144,28,B,False,1400,0.3911444842815399,18.169252395629883,0.5009502172470093,7.118966579437256,0.6778177618980408,0.022182226181030273,0.0019109919667243958,0.01555284857749939,0.3276258707046509
z0y624x144,28,B,False,1450,0.38978806138038635,18.381990432739258,0.5021949410438538,7.1207499504089355,0.6734250783920288,0.026574909687042236,0.0035490263253450394,0.0013564229011535645,0.39510732889175415
z0y624x144,28,B,False,1500,0.40854978561401367,18.68317985534668,0.5037459135055542,7.124588966369629,0.6911044716835022,0.008895516395568848,0.00429250905290246,0.01876172423362732,0.5810187458992004
z0y624x144,28,B,False,1550,0.3809269070625305,18.817781448364258,0.505057692527771,7.128151893615723,0.6612268686294556,0.03877311944961548,0.007255843840539455,0.027622878551483154,0.2691275477409363
z0y624x144,28,B,False,1600,0.3982410430908203,19.01368522644043,0.5057818293571472,7.130617141723633,0.68311607837677,0.016883909702301025,0.003796940902248025,0.017314136028289795,0.3408275842666626
z0y624x144,28,B,False,1650,0.3889460861682892,19.16349220275879,0.506157636642456,7.131028175354004,0.6790173053741455,0.020982682704925537,0.0006092090625315905,0.009294956922531128,0.29081717133522034
z0y624x144,28,B,False,1700,0.4017505943775177,19.22883415222168,0.5074944496154785,7.134314060211182,0.6911201477050781,0.00887984037399292,0.007256714161485434,0.012804508209228516,0.22501762211322784
z0y624x144,28,B,False,1750,0.3796083629131317,19.343467712402344,0.5086381435394287,7.137051105499268,0.6718039512634277,0.02819603681564331,0.0038822167553007603,0.022142231464385986,0.2292405664920807
z0y624x144,28,B,False,1800,0.38381126523017883,19.474363327026367,0.5090120434761047,7.138009071350098,0.6723818778991699,0.027618110179901123,0.001995433121919632,0.004202902317047119,0.2411564290523529
z0y624x144,28,B,False,1850,0.3762025833129883,19.59207534790039,0.5098061561584473,7.141154766082764,0.6685338020324707,0.03146618604660034,0.0030734341125935316,0.007608681917190552,0.22305789589881897
z0y624x144,28,B,False,1900,0.368108332157135,19.63726234436035,0.5109384059906006,7.1432061195373535,0.6578235626220703,0.04217642545700073,0.007339026313275099,0.008094251155853271,0.11136899888515472
z0y624x144,28,B,False,1950,0.3592398762702942,19.8262882232666,0.5111933946609497,7.144026279449463,0.6524679064750671,0.047532081604003906,0.0012100605526939034,0.00886845588684082,0.3283149302005768
z0y624x144,28,B,False,2000,0.36623066663742065,19.88249397277832,0.5115817785263062,7.1463494300842285,0.6624624133110046,0.037537574768066406,0.0030469284392893314,0.006990790367126465,0.09797248989343643
z0y624x144,28,B,False,2050,0.35694846510887146,19.897857666015625,0.512488842010498,7.1483988761901855,0.6564518213272095,0.04354816675186157,0.005554850213229656,0.009282201528549194,0.16952283680438995
z0y624x144,28,B,False,2100,0.3596281111240387,20.02988624572754,0.5130452513694763,7.149218559265137,0.6522907018661499,0.04770928621292114,0.0018340969691053033,0.0026796460151672363,0.24672649800777435
z0y624x144,28,B,False,2150,0.38110342621803284,20.117719650268555,0.5131313800811768,7.150584697723389,0.6891498565673828,0.010850131511688232,0.002518226858228445,0.02147531509399414,0.17841416597366333
z0y624x144,28,B,False,2200,0.37287265062332153,20.085878372192383,0.5147866606712341,7.152769565582275,0.6671427488327026,0.03285723924636841,0.00798562541604042,0.008230775594711304,0.12328004091978073
z0y624x144,28,B,False,2250,0.3486016094684601,20.30609130859375,0.5147215127944946,7.1529059410095215,0.6400132775306702,0.05998671054840088,0.0010144960833713412,0.02427104115486145,0.5111508369445801
z0y624x144,28,B,False,2300,0.3572336733341217,20.30925750732422,0.5147262215614319,7.153997898101807,0.6551534533500671,0.044846534729003906,0.0017351725837215781,0.008632063865661621,0.14173877239227295
z0y624x144,28,B,False,2350,0.3609733283519745,20.528013229370117,0.5155805945396423,7.156454563140869,0.6574440002441406,0.04255598783493042,0.003205690300092101,0.003739655017852783,0.4250068664550781
z0y624x144,28,B,False,2400,0.3720124065876007,20.541831970214844,0.5160086750984192,7.158637523651123,0.6765967011451721,0.023403286933898926,0.00200120871886611,0.01103907823562622,0.19700287282466888
z0y624x144,28,B,False,2450,0.3605857193470001,20.680952072143555,0.5160394310951233,7.158910751342773,0.6608907580375671,0.039109230041503906,0.0005196991260163486,0.011426687240600586,0.2513577938079834
z0y624x144,28,B,False,2500,0.3872152268886566,20.747894287109375,0.5164902210235596,7.160956382751465,0.6917932033538818,0.008206784725189209,0.002130235079675913,0.026629507541656494,0.14656002819538116
z0y624x144,28,B,False,2550,0.383422315120697,20.75237464904785,0.5168200731277466,7.1619110107421875,0.6899647116661072,0.010035276412963867,0.0030284137465059757,0.0037929117679595947,0.20636360347270966
z0y624x144,28,B,False,2600,0.3650969862937927,20.785634994506836,0.5170642733573914,7.163956165313721,0.6774161458015442,0.022583842277526855,0.004850549157708883,0.018325328826904297,0.24441517889499664
z0y624x144,28,B,False,2650,0.37164467573165894,20.916810989379883,0.5165898203849792,7.163001537322998,0.6851957440376282,0.014804244041442871,0.0008637425489723682,0.006547689437866211,0.26385819911956787
z0y624x144,28,B,False,2700,0.37212038040161133,20.94621467590332,0.5171993374824524,7.165182590484619,0.680317759513855,0.019682228565216064,0.004020365420728922,0.0004757046699523926,0.08538129925727844
z0y624x144,28,B,False,2750,0.3571109175682068,20.96271324157715,0.5182695984840393,7.166954517364502,0.6617904305458069,0.03820955753326416,0.00675043324008584,0.015009462833404541,0.25092795491218567
z0y624x144,28,B,False,2800,0.37726864218711853,21.048614501953125,0.5190409421920776,7.1688618659973145,0.6850999593734741,0.014900028705596924,0.0016261989949271083,0.020157724618911743,0.18355336785316467
z0y624x144,28,B,False,2850,0.3604077398777008,21.246007919311523,0.5192821025848389,7.1698150634765625,0.6563319563865662,0.04366803169250488,0.0020503101404756308,0.016860902309417725,0.38130542635917664
z0y624x144,28,B,False,2900,0.35653746128082275,21.336456298828125,0.5194877982139587,7.171721935272217,0.6554423570632935,0.04455763101577759,0.004145256243646145,0.0038702785968780518,0.18772244453430176
z0y624x144,28,B,False,2950,0.35979753732681274,21.348169326782227,0.520227313041687,7.173764228820801,0.6603516936302185,0.03964829444885254,0.004089626483619213,0.0032600760459899902,0.29082614183425903
z0y624x144,28,B,False,2999,0.3826853930950165,21.45802116394043,0.5206049680709839,7.174716949462891,0.6715844869613647,0.0284155011177063,0.0018416298553347588,0.022887855768203735,0.31968677043914795
z0y624x144,29,B,False,0,0.7124996185302734,2.0100083351135254,0.0027510947547852993,13.376086235046387,0.7124989628791809,-0.02916562557220459,0.0027510947547852993,0.025034070014953613,0.017334960401058197
z0y624x144,29,B,False,50,1.5398192405700684,2.3928871154785156,0.06357704848051071,13.35271167755127,1.539294958114624,-0.8559616208076477,0.06168749928474426,0.8273196220397949,0.6658447980880737
z0y624x144,29,B,False,100,1.8096717596054077,3.0451648235321045,0.12574008107185364,13.286763191223145,1.80881667137146,-1.1254832744598389,0.06760809570550919,0.26985251903533936,1.1542812585830688
z0y624x144,29,B,False,150,1.632757544517517,4.034560680389404,0.1681738793849945,13.227063179016113,1.645517110824585,-0.9621837735176086,0.0447138249874115,0.17691421508789062,1.7214630842208862
z0y624x144,29,B,False,200,1.3315218687057495,5.467732906341553,0.20869995653629303,13.192793846130371,1.3852931261062622,-0.7019597887992859,0.06164044514298439,0.3012356758117676,2.544294595718384
z0y624x144,29,B,False,250,0.975027859210968,6.727402210235596,0.23526737093925476,13.25456428527832,1.038193941116333,-0.3548606038093567,0.07098376750946045,0.3564940094947815,2.593872547149658
z0y624x144,29,B,False,300,0.8813043832778931,7.919830799102783,0.2523331046104431,13.306437492370605,0.9513424038887024,-0.2680090665817261,0.04193951562047005,0.09372347593307495,2.64455509185791
z0y624x144,29,B,False,350,0.7814710140228271,8.803380012512207,0.26377999782562256,13.331518173217773,0.8697803020477295,-0.18644696474075317,0.014820211566984653,0.09983336925506592,1.752941608428955
z0y624x144,29,B,False,400,0.7084255814552307,9.357120513916016,0.269248902797699,13.35515308380127,0.8077036142349243,-0.124370276927948,0.010985497385263443,0.07304543256759644,1.0675889253616333
z0y624x144,29,B,False,450,0.6378272175788879,9.817598342895508,0.27469679713249207,13.379106521606445,0.7435310482978821,-0.06019771099090576,0.013376191258430481,0.07059836387634277,0.8605695366859436
z0y624x144,29,B,False,500,0.6163884997367859,10.187507629394531,0.2783588469028473,13.391915321350098,0.7278709411621094,-0.04453760385513306,0.007751572411507368,0.02143871784210205,0.6802375316619873
z0y624x144,29,B,False,550,0.5916328430175781,10.446223258972168,0.2815423905849457,13.408339500427246,0.7120927572250366,-0.028759419918060303,0.008442657068371773,0.024755656719207764,0.46341997385025024
z0y624x144,29,B,False,600,0.5908668041229248,10.612913131713867,0.28321561217308044,13.421042442321777,0.7228808999061584,-0.03954756259918213,0.009244069457054138,0.0007660388946533203,0.29488232731819153
z0y624x144,29,B,False,650,0.5698861479759216,10.76486587524414,0.284659743309021,13.436033248901367,0.7056665420532227,-0.022333204746246338,0.009349985048174858,0.020980656147003174,0.31580886244773865
z0y624x144,29,B,False,700,0.5563524961471558,10.893073081970215,0.285957008600235,13.445981979370117,0.7011857032775879,-0.017852365970611572,0.006393015384674072,0.01353365182876587,0.24441297352313995
z0y624x144,29,B,False,750,0.5506957173347473,11.034066200256348,0.2883560061454773,13.457833290100098,0.703507125377655,-0.02017378807067871,0.007438743952661753,0.005656778812408447,0.26124057173728943
z0y624x144,29,B,False,800,0.5377250909805298,11.176167488098145,0.29111695289611816,13.466275215148926,0.6929059028625488,-0.00957256555557251,0.0071999747306108475,0.01297062635421753,0.2675309479236603
z0y624x144,29,B,False,850,0.5291615128517151,11.259076118469238,0.29255402088165283,13.478670120239258,0.6960120797157288,-0.012678742408752441,0.009299997240304947,0.008563578128814697,0.23199468851089478
z0y624x144,29,B,False,900,0.5073728561401367,11.331835746765137,0.293381005525589,13.487380027770996,0.6804233193397522,0.002910017967224121,0.007893349975347519,0.02178865671157837,0.12683364748954773
z0y624x144,29,B,False,950,0.4992265999317169,11.39932632446289,0.2954438626766205,13.502156257629395,0.6756007671356201,0.007732570171356201,0.011681758798658848,0.0081462562084198,0.15359926223754883
z0y624x144,29,B,False,1000,0.5054090619087219,11.442630767822266,0.2992209196090698,13.512382507324219,0.6865057349205017,-0.0031723976135253906,0.009318960830569267,0.006182461977005005,0.12083886563777924
z0y624x144,29,B,False,1050,0.47391146421432495,11.5037202835083,0.2996835708618164,13.522730827331543,0.6583827137947083,0.024950623512268066,0.007047309074550867,0.03149759769439697,0.11432278156280518
z0y624x144,29,B,False,1100,0.47893577814102173,11.634842872619629,0.30379825830459595,13.535101890563965,0.671156108379364,0.012177228927612305,0.009070463478565216,0.005024313926696777,0.2319052815437317
z0y624x144,29,B,False,1150,0.4779026210308075,11.6768798828125,0.30668172240257263,13.544180870056152,0.6744875907897949,0.008845746517181396,0.009000287391245365,0.0010331571102142334,0.11146098375320435
z0y624x144,29,B,False,1200,0.47759491205215454,11.720902442932129,0.308893084526062,13.551987648010254,0.6807180643081665,0.0026152729988098145,0.007564194966107607,0.0003077089786529541,0.11677241325378418
z0y624x144,29,B,False,1250,0.45422396063804626,11.706523895263672,0.31204715371131897,13.563908576965332,0.6626505255699158,0.020682811737060547,0.011403610929846764,0.023370951414108276,0.13452275097370148
z0y624x144,29,B,False,1300,0.46849340200424194,11.765045166015625,0.31513139605522156,13.570530891418457,0.6830395460128784,0.0002937912940979004,0.008436356671154499,0.014269441366195679,0.11666198819875717
z0y624x144,29,B,False,1350,0.4489099383354187,11.757182121276855,0.31588873267173767,13.577855110168457,0.6650236248970032,0.018309712409973145,0.00667970534414053,0.019583463668823242,0.06963936984539032
z0y624x144,29,B,False,1400,0.45593583583831787,11.797515869140625,0.31669190526008606,13.578956604003906,0.6908999085426331,-0.007566571235656738,0.0029791858978569508,0.00702589750289917,0.1270783692598343
z0y624x144,29,B,False,1450,0.45594173669815063,11.810203552246094,0.3212124705314636,13.588279724121094,0.692236065864563,-0.00890272855758667,0.011368628591299057,5.900859832763672e-06,0.1466718316078186
z0y624x144,29,B,False,1500,0.44106435775756836,11.812987327575684,0.32435381412506104,13.594733238220215,0.6735965609550476,0.009736776351928711,0.009200338274240494,0.014877378940582275,0.11406204104423523
z0y624x144,29,B,False,1550,0.4436938166618347,11.837809562683105,0.3279415965080261,13.604100227355957,0.6867141127586365,-0.0033807754516601562,0.009546208195388317,0.0026294589042663574,0.12360074371099472
z0y624x144,29,B,False,1600,0.44401970505714417,11.8687105178833,0.3308890461921692,13.612433433532715,0.688705325126648,-0.005371987819671631,0.009418957866728306,0.00032588839530944824,0.12010587006807327
z0y624x144,29,B,False,1650,0.4291965067386627,11.895027160644531,0.33255061507225037,13.616302490234375,0.6782437562942505,0.00508958101272583,0.006959462538361549,0.014823198318481445,0.07515246421098709
z0y624x144,29,B,False,1700,0.4297143220901489,11.908198356628418,0.33733904361724854,13.627758979797363,0.6871115565299988,-0.003778219223022461,0.009725447744131088,0.0005178153514862061,0.08381646126508713
z0y624x144,29,B,False,1750,0.3970480263233185,11.955183982849121,0.34065255522727966,13.630880355834961,0.6609901189804077,0.022343218326568604,0.005622260272502899,0.032666295766830444,0.12995244562625885
z0y624x144,29,B,False,1800,0.3844827115535736,11.983792304992676,0.34547510743141174,13.640387535095215,0.6421641707420349,0.041169166564941406,0.008695115335285664,0.012565314769744873,0.13788600265979767
z0y624x144,29,B,False,1850,0.4258331060409546,11.979466438293457,0.34637370705604553,13.640625,0.699416995048523,-0.01608365774154663,0.004100982565432787,0.04135039448738098,0.08433234691619873
z0y624x144,29,B,False,1900,0.39673912525177,11.996476173400879,0.3480406701564789,13.64610481262207,0.681292712688446,0.0020406246185302734,0.005566824227571487,0.02909398078918457,0.07577390968799591
z0y624x144,29,B,False,1950,0.3979232907295227,12.094517707824707,0.3539232313632965,13.656499862670898,0.6857048869132996,-0.002371549606323242,0.008612534031271935,0.0011841654777526855,0.21803027391433716
z0y624x144,29,B,False,2000,0.37948307394981384,12.061264038085938,0.35759881138801575,13.666659355163574,0.6664422154426575,0.016891121864318848,0.011247701942920685,0.018440216779708862,0.12692023813724518
z0y624x144,29,B,False,2050,0.38894781470298767,12.028079986572266,0.36287447810173035,13.677070617675781,0.6844038367271423,-0.0010704994201660156,0.010084186680614948,0.009464740753173828,0.07172272354364395
z0y624x144,29,B,False,2100,0.3555988371372223,12.013937950134277,0.3646007180213928,13.681496620178223,0.6441009044647217,0.03923243284225464,0.006704737897962332,0.03334897756576538,0.06617843359708786
z0y624x144,29,B,False,2150,0.37978050112724304,12.032357215881348,0.37017500400543213,13.687914848327637,0.6809370517730713,0.0023962855339050293,0.007847210392355919,0.024181663990020752,0.08769148588180542
z0y624x144,29,B,False,2200,0.38087621331214905,12.00239086151123,0.37585684657096863,13.697761535644531,0.6900613903999329,-0.006728053092956543,0.008920837193727493,0.0010957121849060059,0.18191303312778473
z0y624x144,29,B,False,2250,0.36036041378974915,12.079245567321777,0.3778195381164551,13.698202133178711,0.6767632365226746,0.006570100784301758,0.004435651935636997,0.020515799522399902,0.1387433558702469
z0y624x144,29,B,False,2300,0.3502187430858612,12.084200859069824,0.3862329125404358,13.71329402923584,0.6580869555473328,0.025246381759643555,0.013191805221140385,0.01014167070388794,0.16516181826591492
z0y624x144,29,B,False,2350,0.35965362191200256,12.097638130187988,0.39147698879241943,13.722188949584961,0.6741071343421936,0.009226202964782715,0.011064020916819572,0.009434878826141357,0.14797523617744446
z0y624x144,29,B,False,2400,0.3496025502681732,12.101028442382812,0.3968266546726227,13.729045867919922,0.6617848873138428,0.021548449993133545,0.007918866351246834,0.010051071643829346,0.11737102270126343
z0y624x144,29,B,False,2450,0.3528710603713989,12.154925346374512,0.399590402841568,13.730525970458984,0.6800813674926758,0.003251969814300537,0.00482777738943696,0.003268510103225708,0.2123706191778183
z0y624x144,29,B,False,2500,0.35502538084983826,12.170875549316406,0.40284332633018494,13.733197212219238,0.6789327263832092,0.00440061092376709,0.006650437600910664,0.002154320478439331,0.041431330144405365
z0y624x144,29,B,False,2550,0.33561864495277405,12.164395332336426,0.4081505239009857,13.738951683044434,0.6676137447357178,0.015719592571258545,0.008923491463065147,0.01940673589706421,0.11739290505647659
z0y624x144,29,B,False,2600,0.3370341956615448,12.121135711669922,0.4115839898586273,13.742500305175781,0.6734176874160767,0.009915649890899658,0.006222476251423359,0.001415550708770752,0.14086391031742096
z0y624x144,29,B,False,2650,0.3446787893772125,12.21515941619873,0.4150918126106262,13.746053695678711,0.6790206432342529,0.004312694072723389,0.005372015293687582,0.007644593715667725,0.18365125358104706
z0y624x144,29,B,False,2700,0.33395910263061523,12.192866325378418,0.4189502000808716,13.751185417175293,0.6644245982170105,0.01890873908996582,0.008037871681153774,0.01071968674659729,0.14773231744766235
z0y624x144,29,B,False,2750,0.324701189994812,12.298088073730469,0.4238457679748535,13.758804321289062,0.6594970226287842,0.02383631467819214,0.008729294873774052,0.009257912635803223,0.2496376484632492
z0y624x144,29,B,False,2800,0.332806259393692,12.259198188781738,0.42781946063041687,13.764853477478027,0.6715546250343323,0.011778712272644043,0.006847503129392862,0.008105069398880005,0.15010543167591095
z0y624x144,29,B,False,2850,0.34005194902420044,12.380802154541016,0.43276870250701904,13.771507263183594,0.68321293592453,0.00012040138244628906,0.006747284438461065,0.007245689630508423,0.27197200059890747
z0y624x144,29,B,False,2900,0.31899410486221313,12.376524925231934,0.4399472773075104,13.781599998474121,0.6586366891860962,0.024696648120880127,0.009523986838757992,0.021057844161987305,0.043291766196489334
z0y624x144,29,B,False,2950,0.32921916246414185,12.462306022644043,0.44270041584968567,13.781023979187012,0.6709545850753784,0.0123787522315979,0.004416091367602348,0.010225057601928711,0.15630999207496643
z0y624x144,29,B,False,2999,0.3186188042163849,12.404120445251465,0.449290007352829,13.791516304016113,0.6674556732177734,0.01587766408920288,0.010193401016294956,0.010600358247756958,0.12737566232681274
z0y624x144,30,B,True,0,0.7119605541229248,2.0100138187408447,0.0027605441864579916,8.240785598754883,0.712173342704773,0.03782665729522705,0.0027605441864579916,0.02506023645401001,0.01734444685280323
z0y624x144,30,B,True,50,1.5984814167022705,2.3714406490325928,0.04920480027794838,8.198587417602539,1.603690266609192,-0.8536902666091919,0.047443024814128876,0.8865208625793457,0.6262933015823364
z0y624x144,30,B,True,100,1.6004904508590698,2.8365325927734375,0.10313397645950317,8.217615127563477,1.6253679990768433,-0.8753679990768433,0.05734219774603844,0.0020090341567993164,0.815248429775238
z0y624x144,30,B,True,150,1.3474836349487305,3.354757070541382,0.14191822707653046,8.190725326538086,1.470240831375122,-0.7202408313751221,0.044567737728357315,0.25300681591033936,0.9817567467689514
z0y624x144,30,B,True,200,0.8853281736373901,3.763183832168579,0.17354479432106018,8.144552230834961,1.1942745447158813,-0.44427454471588135,0.05107763782143593,0.46215546131134033,0.961646556854248
z0y624x144,30,B,True,250,0.668097972869873,3.9318981170654297,0.1978040337562561,8.10997200012207,1.1170259714126587,-0.3670259714126587,0.040255334228277206,0.2172302007675171,0.593187689781189
z0y624x144,30,B,True,300,0.5331338047981262,4.026090145111084,0.21118073165416718,8.10752010345459,0.9569902420043945,-0.20699024200439453,0.02279876545071602,0.13496416807174683,0.3154390752315521
z0y624x144,30,B,True,350,0.41243812441825867,4.094735622406006,0.21739822626113892,8.113768577575684,0.8656091094017029,-0.11560910940170288,0.011869274079799652,0.12069568037986755,0.2089623659849167
z0y624x144,30,B,True,400,0.41611725091934204,4.158224582672119,0.2219858318567276,8.11944580078125,0.8479635715484619,-0.09796357154846191,0.006835265550762415,0.003679126501083374,0.15405751764774323
z0y624x144,30,B,True,450,0.40311604738235474,4.245574474334717,0.22765101492404938,8.122050285339355,0.8568130731582642,-0.10681307315826416,0.010341735556721687,0.013001203536987305,0.21730951964855194
z0y624x144,30,B,True,500,0.39766281843185425,4.312236785888672,0.23166614770889282,8.127951622009277,0.8445043563842773,-0.09450435638427734,0.005533328279852867,0.005453228950500488,0.19214576482772827
z0y624x144,30,B,True,550,0.37164050340652466,4.371211528778076,0.23454108834266663,8.132302284240723,0.8391206860542297,-0.08912068605422974,0.006203592289239168,0.02602231502532959,0.13882412016391754
z0y624x144,30,B,True,600,0.37116193771362305,4.440931797027588,0.23999199271202087,8.129384994506836,0.8471680283546448,-0.09716802835464478,0.008494858630001545,0.00047856569290161133,0.19757668673992157
z0y624x144,30,B,True,650,0.3515537679195404,4.492732524871826,0.24327978491783142,8.129440307617188,0.8204575181007385,-0.07045751810073853,0.006750226486474276,0.01960816979408264,0.14532676339149475
z0y624x144,30,B,True,700,0.3241473436355591,4.5558953285217285,0.24607548117637634,8.13642406463623,0.8053311109542847,-0.05533111095428467,0.008509976789355278,0.027406424283981323,0.1581333577632904
z0y624x144,30,B,True,750,0.3077600300312042,4.6078877449035645,0.24881258606910706,8.133418083190918,0.8070794939994812,-0.0570794939994812,0.005846558138728142,0.01638731360435486,0.11587246507406235
z0y624x144,30,B,True,800,0.2963930070400238,4.656813144683838,0.2511396110057831,8.134847640991211,0.7763887047767639,-0.026388704776763916,0.0056580002419650555,0.01136702299118042,0.11529827862977982
z0y624x144,30,B,True,850,0.273543119430542,4.7035698890686035,0.25349855422973633,8.13076114654541,0.7558110356330872,-0.005811035633087158,0.0047194636426866055,0.02284988760948181,0.10653191059827805
z0y624x144,30,B,True,900,0.28199347853660583,4.740376949310303,0.25447162985801697,8.138684272766113,0.7784802913665771,-0.02848029136657715,0.0041962373070418835,0.008450359106063843,0.08573182672262192
z0y624x144,30,B,True,950,0.2712230384349823,4.780122756958008,0.2563067674636841,8.14309310913086,0.771316647529602,-0.02131664752960205,0.005206670146435499,0.010770440101623535,0.11975491046905518
z0y624x144,30,B,True,1000,0.25900647044181824,4.820734024047852,0.2587185800075531,8.146360397338867,0.7444821000099182,0.005517899990081787,0.007524876389652491,0.012216567993164062,0.1249517872929573
z0y624x144,30,B,True,1050,0.2592178285121918,4.853183269500732,0.26013702154159546,8.150043487548828,0.7458314299583435,0.004168570041656494,0.004594586789608002,0.00021135807037353516,0.08642567694187164
z0y624x144,30,B,True,1100,0.24927043914794922,4.883267402648926,0.26239219307899475,8.144874572753906,0.7362623810768127,0.013737618923187256,0.004823014140129089,0.009947389364242554,0.0941033661365509
z0y624x144,30,B,True,1150,0.2422131448984146,4.925637722015381,0.2632420063018799,8.14972972869873,0.7492713332176208,0.0007286667823791504,0.005624116398394108,0.007057294249534607,0.09377476572990417
z0y624x144,30,B,True,1200,0.23938655853271484,4.956894397735596,0.26483747363090515,8.150901794433594,0.7413902878761292,0.00860971212387085,0.004337139427661896,0.002826586365699768,0.07551015913486481
z0y624x144,30,B,True,1250,0.24435821175575256,4.984533786773682,0.26691919565200806,8.15608024597168,0.7427212595939636,0.007278740406036377,0.006888526026159525,0.00497165322303772,0.08403106778860092
z0y624x144,30,B,True,1300,0.2324594110250473,5.014023303985596,0.2684090733528137,8.157609939575195,0.736027181148529,0.013972818851470947,0.006001149769872427,0.011898800730705261,0.05866159126162529
z0y624x144,30,B,True,1350,0.22554409503936768,5.046525478363037,0.27115532755851746,8.155858039855957,0.7346835136413574,0.015316486358642578,0.00782657228410244,0.0069153159856796265,0.0825142189860344
z0y624x144,30,B,True,1400,0.2194625437259674,5.063485622406006,0.2720569670200348,8.16362476348877,0.7449760437011719,0.005023956298828125,0.005387492943555117,0.0060815513134002686,0.08083804696798325
z0y624x144,30,B,True,1450,0.2160763442516327,5.098066806793213,0.274231493473053,8.163070678710938,0.7363474369049072,0.013652563095092773,0.005229730159044266,0.003386199474334717,0.07980412244796753
z0y624x144,30,B,True,1500,0.21311363577842712,5.121452808380127,0.2752530574798584,8.162771224975586,0.7241044044494629,0.02589559555053711,0.00374411279335618,0.0029627084732055664,0.05587370693683624
z0y624x144,30,B,True,1550,0.21286194026470184,5.129707336425781,0.27654218673706055,8.168778419494629,0.718481719493866,0.03151828050613403,0.004518358036875725,0.00025169551372528076,0.06514058262109756
z0y624x144,30,B,True,1600,0.2048548012971878,5.136519432067871,0.2775268256664276,8.168474197387695,0.7019659876823425,0.04803401231765747,0.0042755999602377415,0.008007138967514038,0.03882036358118057
z0y624x144,30,B,True,1650,0.20493468642234802,5.173707485198975,0.2795926332473755,8.169882774353027,0.7147563099861145,0.0352436900138855,0.00619583111256361,7.988512516021729e-05,0.08807031065225601
z0y624x144,30,B,True,1700,0.18690362572669983,5.200179576873779,0.2814710736274719,8.17341423034668,0.7058070302009583,0.04419296979904175,0.006464628968387842,0.018031060695648193,0.07128595560789108
z0y624x144,30,B,True,1750,0.19703635573387146,5.240434169769287,0.2824532091617584,8.172883033752441,0.7281789779663086,0.021821022033691406,0.0030963639728724957,0.01013273000717163,0.07517414540052414
z0y624x144,30,B,True,1800,0.1945110708475113,5.264503479003906,0.2848379909992218,8.1712064743042,0.7072328329086304,0.04276716709136963,0.00591260427609086,0.0025252848863601685,0.09075797349214554
z0y624x144,30,B,True,1850,0.19853925704956055,5.300166606903076,0.28618165850639343,8.172416687011719,0.7231871485710144,0.026812851428985596,0.006999932695180178,0.004028186202049255,0.07878576964139938
z0y624x144,30,B,True,1900,0.19939975440502167,5.332918643951416,0.2891838252544403,8.169194221496582,0.7369361519813538,0.01306384801864624,0.007335894275456667,0.0008604973554611206,0.07992465049028397
z0y624x144,30,B,True,1950,0.18883979320526123,5.344696044921875,0.2908965051174164,8.178322792053223,0.7200207710266113,0.029979228973388672,0.00602250499650836,0.010559961199760437,0.07043815404176712
z0y624x144,30,B,True,2000,0.17899756133556366,5.354982852935791,0.2910793721675873,8.180174827575684,0.7049382328987122,0.04506176710128784,0.004444338846951723,0.00984223186969757,0.03484872356057167
z0y624x144,30,B,True,2050,0.1739690899848938,5.374410152435303,0.29222095012664795,8.186296463012695,0.7137888073921204,0.03621119260787964,0.0057088159956038,0.005028471350669861,0.07535500079393387
z0y624x144,30,B,True,2100,0.1776464432477951,5.402207851409912,0.29243984818458557,8.181995391845703,0.7089859247207642,0.04101407527923584,0.0020769359543919563,0.003677353262901306,0.05607277527451515
z0y624x144,30,B,True,2150,0.1767069399356842,5.429484844207764,0.2931740880012512,8.186541557312012,0.7211864590644836,0.028813540935516357,0.003716295352205634,0.0009395033121109009,0.04980515316128731
z0y624x144,30,B,True,2200,0.18566538393497467,5.4653191566467285,0.29383718967437744,8.190052032470703,0.7415839433670044,0.008416056632995605,0.0027223294600844383,0.008958443999290466,0.07012738287448883
z0y624x144,30,B,True,2250,0.18176715075969696,5.475099086761475,0.2962391972541809,8.196480751037598,0.7278575301170349,0.022142469882965088,0.00822167843580246,0.00389823317527771,0.04876377061009407
z0y624x144,30,B,True,2300,0.177567258477211,5.476568698883057,0.29852065443992615,8.19933032989502,0.7009555697441101,0.04904443025588989,0.00548204779624939,0.004199892282485962,0.040989950299263
z0y624x144,30,B,True,2350,0.15624453127384186,5.475221633911133,0.2999168336391449,8.203492164611816,0.6990625262260437,0.0509374737739563,0.003561824792996049,0.02132272720336914,0.03144527226686478
z0y624x144,30,B,True,2400,0.15860560536384583,5.496402740478516,0.3009566068649292,8.211442947387695,0.6853723526000977,0.06462764739990234,0.00457000033929944,0.0023610740900039673,0.05350354313850403
z0y624x144,30,B,True,2450,0.15990380942821503,5.509147644042969,0.3021407425403595,8.208622932434082,0.7137526273727417,0.0362473726272583,0.0035075515042990446,0.0012982040643692017,0.04977846518158913
z0y624x144,30,B,True,2500,0.15747177600860596,5.500303745269775,0.3029960095882416,8.207983016967773,0.7002362012863159,0.04976379871368408,0.0047123730182647705,0.00243203341960907,0.03387197107076645
z0y624x144,30,B,True,2550,0.1627122163772583,5.530547618865967,0.30500829219818115,8.215578079223633,0.7288480997085571,0.02115190029144287,0.007139838766306639,0.005240440368652344,0.08535729348659515
z0y624x144,30,B,True,2600,0.17046990990638733,5.539339542388916,0.30765143036842346,8.215511322021484,0.7248861789703369,0.025113821029663086,0.007270590402185917,0.007757693529129028,0.06461240351200104
z0y624x144,30,B,True,2650,0.15828710794448853,5.537628650665283,0.3101763129234314,8.2223482131958,0.7038554549217224,0.04614454507827759,0.009654218330979347,0.012182801961898804,0.0897025614976883
z0y624x144,30,B,True,2700,0.14665089547634125,5.552356243133545,0.31281834840774536,8.216525077819824,0.6893741488456726,0.06062585115432739,0.007652733009308577,0.011636212468147278,0.039700962603092194
z0y624x144,30,B,True,2750,0.15086117386817932,5.576216220855713,0.3140469193458557,8.227496147155762,0.6830240488052368,0.06697595119476318,0.004728685133159161,0.004210278391838074,0.08382778614759445
z0y624x144,30,B,True,2800,0.15397635102272034,5.620031356811523,0.31390079855918884,8.232673645019531,0.6815581321716309,0.06844186782836914,0.0028480251785367727,0.0031151771545410156,0.08237496763467789
z0y624x144,30,B,True,2850,0.1649998128414154,5.656376361846924,0.31546422839164734,8.231499671936035,0.7257742881774902,0.024225711822509766,0.002979059237986803,0.011023461818695068,0.08786693215370178
z0y624x144,30,B,True,2900,0.15523140132427216,5.67570161819458,0.31728464365005493,8.229326248168945,0.6947482824325562,0.05525171756744385,0.005738399922847748,0.00976841151714325,0.04360775277018547
z0y624x144,30,B,True,2950,0.145577073097229,5.6587677001953125,0.31964781880378723,8.236981391906738,0.6772094964981079,0.07279050350189209,0.006704178638756275,0.009654328227043152,0.048764217644929886
z0y624x144,30,B,True,2999,0.1550862044095993,5.669284820556641,0.32166120409965515,8.235967636108398,0.692089319229126,0.05791068077087402,0.0035476768389344215,0.0095091313123703,0.036096591502428055
z0y624x144,31,B,False,0,0.7094330787658691,2.010023355484009,0.0027736688498407602,17.8681697845459,0.7094324231147766,0.012789785861968994,0.0027736688498407602,0.02508753538131714,0.017361098900437355
z0y624x144,31,B,False,50,1.9486907720565796,2.4740350246429443,0.0226094089448452,17.86827850341797,1.9486083984375,-1.2263861894607544,0.020077668130397797,1.2392576932907104,0.8043155074119568
z0y624x144,31,B,False,100,2.0210471153259277,3.176624298095703,0.04387862980365753,17.807838439941406,2.0208475589752197,-1.2986253499984741,0.03992191329598427,0.07235634326934814,1.2307780981063843
z0y624x144,31,B,False,150,1.6323535442352295,4.365565776824951,0.12354540079832077,17.686450958251953,1.6335880756378174,-0.9113658666610718,0.08188395947217941,0.38869357109069824,2.074036121368408
z0y624x144,31,B,False,200,1.221179485321045,5.914113521575928,0.20155403017997742,17.59649658203125,1.2555360794067383,-0.5333138704299927,0.08170928806066513,0.41117405891418457,2.7015175819396973
z0y624x144,31,B,False,250,0.8465937972068787,7.003086090087891,0.2168108969926834,17.566225051879883,0.9646134376525879,-0.24239122867584229,0.020644057542085648,0.37458568811416626,1.9595898389816284
z0y624x144,31,B,False,300,0.6917168498039246,7.654970645904541,0.17748937010765076,17.620899200439453,0.8944455981254578,-0.17222338914871216,0.043433159589767456,0.1548769474029541,1.5074234008789062
z0y624x144,31,B,False,350,0.5986716747283936,8.09826374053955,0.1399151235818863,17.651187896728516,0.8226416110992432,-0.10041940212249756,0.04061172157526016,0.093045175075531,1.058146595954895
z0y624x144,31,B,False,400,0.5805058479309082,8.456164360046387,0.11070584505796432,17.635303497314453,0.8098572492599487,-0.08763504028320312,0.034819431602954865,0.01816582679748535,0.7516879439353943
z0y624x144,31,B,False,450,0.5723075866699219,8.734829902648926,0.08472858369350433,17.625497817993164,0.8098632097244263,-0.08764100074768066,0.03289114683866501,0.008198261260986328,0.5201069116592407
z0y624x144,31,B,False,500,0.5531516671180725,8.914738655090332,0.06689256429672241,17.61918067932129,0.7872255444526672,-0.06500333547592163,0.02865470014512539,0.019155919551849365,0.3568769097328186
z0y624x144,31,B,False,550,0.5185927748680115,9.090300559997559,0.05799059197306633,17.61829376220703,0.7672587633132935,-0.04503655433654785,0.020290488377213478,0.034558892250061035,0.31808584928512573
z0y624x144,31,B,False,600,0.5248725414276123,9.2434720993042,0.055394768714904785,17.618017196655273,0.7797871828079224,-0.05756497383117676,0.019630098715424538,0.00627976655960083,0.274135023355484
z0y624x144,31,B,False,650,0.4776122272014618,9.399344444274902,0.05888130143284798,17.620346069335938,0.7367286086082458,-0.014506399631500244,0.01605188101530075,0.04726031422615051,0.28202852606773376
z0y624x144,31,B,False,700,0.4603574872016907,9.514946937561035,0.06341686099767685,17.6213436126709,0.7255589962005615,-0.003336787223815918,0.017123335972428322,0.017254739999771118,0.2207774519920349
z0y624x144,31,B,False,750,0.4908852279186249,9.621272087097168,0.07074057310819626,17.626163482666016,0.7724592685699463,-0.050237059593200684,0.015407279133796692,0.030527740716934204,0.19662797451019287
z0y624x144,31,B,False,800,0.44711312651634216,9.72109317779541,0.07762743532657623,17.62826919555664,0.733299732208252,-0.011077523231506348,0.011945902369916439,0.043772101402282715,0.179169699549675
z0y624x144,31,B,False,850,0.43352773785591125,9.830445289611816,0.0847020223736763,17.632368087768555,0.7304308414459229,-0.008208632469177246,0.011511222459375858,0.013585388660430908,0.1974615454673767
z0y624x144,31,B,False,900,0.424344003200531,9.91392993927002,0.09053254872560501,17.633586883544922,0.7310128211975098,-0.00879061222076416,0.00894998386502266,0.009183734655380249,0.161504328250885
z0y624x144,31,B,False,950,0.40658441185951233,9.992715835571289,0.09650513529777527,17.631481170654297,0.7144423723220825,0.007779836654663086,0.009490394964814186,0.017759591341018677,0.1468108594417572
z0y624x144,31,B,False,1000,0.41985681653022766,10.085582733154297,0.1025165542960167,17.6322021484375,0.7446584701538086,-0.02243626117706299,0.008246447890996933,0.013272404670715332,0.17374968528747559
z0y624x144,31,B,False,1050,0.39299678802490234,10.149417877197266,0.10904586315155029,17.634029388427734,0.7235128879547119,-0.0012906789779663086,0.009522239677608013,0.026860028505325317,0.12112197279930115
z0y624x144,31,B,False,1100,0.395252525806427,10.248539924621582,0.11366081982851028,17.631868362426758,0.728874683380127,-0.006652474403381348,0.007857666350901127,0.002255737781524658,0.19613248109817505
z0y624x144,31,B,False,1150,0.3880941867828369,10.310845375061035,0.11805546283721924,17.630041122436523,0.7193771600723267,0.0028450489044189453,0.006816440727561712,0.007158339023590088,0.11296164244413376
z0y624x144,31,B,False,1200,0.3814924359321594,10.410968780517578,0.12018854171037674,17.628822326660156,0.7218738794326782,0.0003483295440673828,0.006163201294839382,0.00660175085067749,0.1742025762796402
z0y624x144,31,B,False,1250,0.3668687343597412,10.452888488769531,0.12467560172080994,17.6292667388916,0.7177561521530151,0.004466056823730469,0.0058137462474405766,0.014623701572418213,0.11320370435714722
z0y624x144,31,B,False,1300,0.37503767013549805,10.526768684387207,0.1286115050315857,17.630428314208984,0.7270538806915283,-0.004831671714782715,0.0063889650627970695,0.008168935775756836,0.13503578305244446
z0y624x144,31,B,False,1350,0.3614197373390198,10.584513664245605,0.1306696981191635,17.6285457611084,0.7031493186950684,0.019072890281677246,0.005222848616540432,0.013617932796478271,0.1393779069185257
z0y624x144,31,B,False,1400,0.36348456144332886,10.672771453857422,0.13206137716770172,17.627714157104492,0.7155030369758606,0.00671917200088501,0.003725617891177535,0.002064824104309082,0.18835768103599548
z0y624x144,31,B,False,1450,0.35516366362571716,10.76802921295166,0.1341460794210434,17.62594223022461,0.7095734477043152,0.01264876127243042,0.004682481288909912,0.008320897817611694,0.17499665915966034
z0y624x144,31,B,False,1500,0.349677175283432,10.835671424865723,0.1371898204088211,17.622838973999023,0.7022212743759155,0.020000934600830078,0.004774599336087704,0.005486488342285156,0.15033431351184845
z0y624x144,31,B,False,1550,0.35109612345695496,10.869906425476074,0.13692398369312286,17.619291305541992,0.7102032899856567,0.012018918991088867,0.003233649069443345,0.0014189481735229492,0.08790606260299683
z0y624x144,31,B,False,1600,0.34268149733543396,10.941909790039062,0.13772794604301453,17.61829376220703,0.7015117406845093,0.020710468292236328,0.002784191397950053,0.008414626121520996,0.12715013325214386
z0y624x144,31,B,False,1650,0.3531424403190613,10.98397445678711,0.13958841562271118,17.617019653320312,0.7169467210769653,0.0052754878997802734,0.0034186632838100195,0.01046094298362732,0.15325181186199188
z0y624x144,31,B,False,1700,0.34893283247947693,11.049275398254395,0.14008945226669312,17.614025115966797,0.713004469871521,0.00921773910522461,0.003666328964754939,0.004209607839584351,0.12190860509872437
z0y624x144,31,B,False,1750,0.3505808413028717,11.108516693115234,0.14351342618465424,17.612640380859375,0.7156671285629272,0.006555080413818359,0.0048924945294857025,0.0016480088233947754,0.10579065978527069
z0y624x144,31,B,False,1800,0.34144318103790283,11.182151794433594,0.14418409764766693,17.612417221069336,0.6934954524040222,0.02872675657272339,0.004551685880869627,0.009137660264968872,0.17253464460372925
z0y624x144,31,B,False,1850,0.3399045169353485,11.227545738220215,0.146200492978096,17.613304138183594,0.7092705368995667,0.012951672077178955,0.006554979830980301,0.0015386641025543213,0.10190217941999435
z0y624x144,31,B,False,1900,0.3227413594722748,11.263497352600098,0.146983802318573,17.608980178833008,0.6843167543411255,0.03790545463562012,0.0030060741119086742,0.01716315746307373,0.14897237718105316
z0y624x144,31,B,False,1950,0.32426828145980835,11.265803337097168,0.14972621202468872,17.609201431274414,0.6955603361129761,0.02666187286376953,0.0036769190337508917,0.0015269219875335693,0.051210369914770126
z0y624x144,31,B,False,2000,0.31465601921081543,11.343667030334473,0.14957444369792938,17.605430603027344,0.6952928304672241,0.026929378509521484,0.0036491812206804752,0.00961226224899292,0.15667203068733215
z0y624x144,31,B,False,2050,0.3166700601577759,11.323345184326172,0.15423060953617096,17.6043758392334,0.6870781183242798,0.03514409065246582,0.006603540852665901,0.0020140409469604492,0.048721883445978165
z0y624x144,31,B,False,2100,0.316755086183548,11.340194702148438,0.15820302069187164,17.605375289916992,0.6933810114860535,0.02884119749069214,0.006468468811362982,8.502602577209473e-05,0.03790997713804245
z0y624x144,31,B,False,2150,0.3284079432487488,11.392417907714844,0.15814612805843353,17.60348892211914,0.7172389030456543,0.004983305931091309,0.003199375933036208,0.011652857065200806,0.11259622126817703
z0y624x144,31,B,False,2200,0.31465402245521545,11.430484771728516,0.1612485647201538,17.602657318115234,0.6878812313079834,0.03434097766876221,0.005050538573414087,0.013753920793533325,0.07700085639953613
z0y624x144,31,B,False,2250,0.3098500072956085,11.494243621826172,0.1624404937028885,17.603378295898438,0.6873966455459595,0.03482556343078613,0.0015773649793118238,0.004804015159606934,0.16345316171646118
z0y624x144,31,B,False,2300,0.306268572807312,11.495779991149902,0.16439470648765564,17.600048065185547,0.6897765398025513,0.032445669174194336,0.004100012592971325,0.003581434488296509,0.09757857024669647
z0y624x144,31,B,False,2350,0.3050895035266876,11.510948181152344,0.16434653103351593,17.597219467163086,0.685194730758667,0.03702747821807861,0.000899976643268019,0.0011790692806243896,0.0607951357960701
z0y624x144,31,B,False,2400,0.30892425775527954,11.560256004333496,0.16548989713191986,17.59677505493164,0.7053002119064331,0.0169219970703125,0.00298841274343431,0.003834754228591919,0.097971111536026
z0y624x144,31,B,False,2450,0.30277886986732483,11.597424507141113,0.16631992161273956,17.596220016479492,0.6984243392944336,0.02379786968231201,0.003409247612580657,0.006145387887954712,0.07913998514413834
z0y624x144,31,B,False,2500,0.3213832378387451,11.609370231628418,0.17039060592651367,17.59588623046875,0.7196853160858154,0.0025368928909301758,0.004555046558380127,0.018604367971420288,0.03729189559817314
z0y624x144,31,B,False,2550,0.30805838108062744,11.6345796585083,0.169418066740036,17.59610939025879,0.7057620286941528,0.016460180282592773,0.0015294034965336323,0.013324856758117676,0.18599209189414978
z0y624x144,31,B,False,2600,0.3078879415988922,11.616602897644043,0.16954755783081055,17.589780807495117,0.7107906341552734,0.011431574821472168,0.003905464895069599,0.0001704394817352295,0.09481251239776611
z0y624x144,31,B,False,2650,0.31430584192276,11.608139991760254,0.17199671268463135,17.591114044189453,0.7257555723190308,-0.0035333633422851562,0.004830257035791874,0.006417900323867798,0.058666933327913284
z0y624x144,31,B,False,2700,0.31204715371131897,11.603543281555176,0.17363785207271576,17.5927791595459,0.7130802273750305,0.009141981601715088,0.002390848007053137,0.00225868821144104,0.17503073811531067
z0y624x144,31,B,False,2750,0.30254805088043213,11.674361228942871,0.17381073534488678,17.589946746826172,0.6941004395484924,0.028121769428253174,0.0013441728660836816,0.00949910283088684,0.15941697359085083
z0y624x144,31,B,False,2800,0.28974416851997375,11.730110168457031,0.17694257199764252,17.591001510620117,0.6956249475479126,0.026597261428833008,0.0042327772825956345,0.012803882360458374,0.09670384228229523
z0y624x144,31,B,False,2850,0.3051968812942505,11.677515983581543,0.1779703050851822,17.588226318359375,0.7010551691055298,0.02116703987121582,0.0019325480097904801,0.015452712774276733,0.14297649264335632
z0y624x144,31,B,False,2900,0.2937593162059784,11.714808464050293,0.17708952724933624,17.58567237854004,0.6956535577774048,0.02656865119934082,0.004340823739767075,0.011437565088272095,0.0979224145412445
z0y624x144,31,B,False,2950,0.2950897812843323,11.705302238464355,0.1799062192440033,17.58506202697754,0.6993911862373352,0.0228310227394104,0.0034743291325867176,0.0013304650783538818,0.13817591965198517
z0y624x144,31,B,False,2999,0.28209516406059265,11.719490051269531,0.1810942143201828,17.584505081176758,0.6790300607681274,0.043192148208618164,0.0023983821738511324,0.012994617223739624,0.09180790930986404
z0y624x144,32,B,False,0,0.6716896891593933,2.0099403858184814,0.0026826083194464445,12.01821517944336,0.6716890931129456,0.02831089496612549,0.0026826083194464445,0.02310311794281006,0.01721738837659359
z0y624x144,32,B,False,50,1.2537814378738403,2.286010503768921,0.061696622520685196,11.960057258605957,1.2533296346664429,-0.5533296465873718,0.059400834143161774,0.582091748714447,0.47982263565063477
z0y624x144,32,B,False,100,1.5448826551437378,2.7181308269500732,0.12883909046649933,11.881494522094727,1.543280839920044,-0.8432808518409729,0.06771213561296463,0.29110121726989746,0.7488084435462952
z0y624x144,32,B,False,150,1.3857313394546509,3.2231175899505615,0.1723823994398117,11.809027671813965,1.3851827383041382,-0.6851827502250671,0.044650498777627945,0.15915131568908691,0.8974140286445618
z0y624x144,32,B,False,200,1.1855218410491943,3.9523818492889404,0.22894386947155,11.75132942199707,1.1866803169250488,-0.4866803288459778,0.05821262672543526,0.20020949840545654,1.3279227018356323
z0y624x144,32,B,False,250,1.3068898916244507,5.099083423614502,0.29410189390182495,11.739190101623535,1.31217622756958,-0.612176239490509,0.080439493060112,0.12136805057525635,2.158404588699341
z0y624x144,32,B,False,300,0.9608022570610046,6.23926305770874,0.3215010464191437,11.784026145935059,0.9796643257141113,-0.2796643376350403,0.06040225923061371,0.34608763456344604,2.2004799842834473
z0y624x144,32,B,False,350,0.7819353342056274,7.204900741577148,0.3336850702762604,11.836533546447754,0.8197600245475769,-0.11976003646850586,0.04786929115653038,0.1788669228553772,2.100867986679077
z0y624x144,32,B,False,400,0.7032100558280945,7.903347492218018,0.3388754725456238,11.847171783447266,0.7496840953826904,-0.049684107303619385,0.0159505195915699,0.07872527837753296,1.3253415822982788
z0y624x144,32,B,False,450,0.6362386345863342,8.320820808410645,0.33993303775787354,11.856152534484863,0.6892245411872864,0.010775446891784668,0.00952652096748352,0.06697142124176025,0.869179368019104
z0y624x144,32,B,False,500,0.593182384967804,8.649127006530762,0.34057462215423584,11.864962577819824,0.6474816799163818,0.05251830816268921,0.007009462453424931,0.04305624961853027,0.6791189908981323
z0y624x144,32,B,False,550,0.619270384311676,9.035704612731934,0.34356576204299927,11.869982719421387,0.6802657246589661,0.01973426342010498,0.004650841932743788,0.02608799934387207,0.7781944274902344
z0y624x144,32,B,False,600,0.5860570073127747,9.33819580078125,0.344147652387619,11.870229721069336,0.6532396078109741,0.046760380268096924,0.0008124141022562981,0.03321337699890137,0.5983350872993469
z0y624x144,32,B,False,650,0.5687649250030518,9.64472770690918,0.3458622992038727,11.86989974975586,0.6418507099151611,0.05814927816390991,0.0034747119061648846,0.0172920823097229,0.6022320985794067
z0y624x144,32,B,False,700,0.5621761083602905,9.92519474029541,0.3463541865348816,11.86800765991211,0.63797527551651,0.062024712562561035,0.0007666308083571494,0.0065888166427612305,0.5655148029327393
z0y624x144,32,B,False,750,0.542070209980011,10.184901237487793,0.3459855318069458,11.867843627929688,0.6253026723861694,0.07469731569290161,0.0009184869122691453,0.02010589838027954,0.5969012975692749
z0y624x144,32,B,False,800,0.5272234678268433,10.43416690826416,0.3465900719165802,11.862987518310547,0.6196292638778687,0.08037072420120239,0.0035373661667108536,0.014846742153167725,0.4499298334121704
z0y624x144,32,B,False,850,0.506270706653595,10.643401145935059,0.34468209743499756,11.866032600402832,0.6051563024520874,0.09484368562698364,0.001990164630115032,0.02095276117324829,0.4480418860912323
z0y624x144,32,B,False,900,0.5113406181335449,10.764519691467285,0.3428694009780884,11.861834526062012,0.6185053586959839,0.08149462938308716,0.0028798412531614304,0.005069911479949951,0.2713002860546112
z0y624x144,32,B,False,950,0.49841171503067017,10.994439125061035,0.3414328694343567,11.865703582763672,0.6136599779129028,0.08634001016616821,0.003035715315490961,0.012928903102874756,0.47206568717956543
z0y624x144,32,B,False,1000,0.491327166557312,11.195734977722168,0.3422904908657074,11.857882499694824,0.6157909035682678,0.08420908451080322,0.00518953800201416,0.007084548473358154,0.36093243956565857
z0y624x144,32,B,False,1050,0.45974740386009216,11.477550506591797,0.3411267101764679,11.853599548339844,0.594042956829071,0.10595703125,0.0033990666270256042,0.03157976269721985,0.5379565358161926
z0y624x144,32,B,False,1100,0.4669574201107025,11.738914489746094,0.34112122654914856,11.850879669189453,0.6096604466438293,0.0903395414352417,0.0029706573113799095,0.0072100162506103516,0.5310109257698059
z0y624x144,32,B,False,1150,0.4699159860610962,11.828628540039062,0.3410766124725342,11.851374626159668,0.6223651170730591,0.07763487100601196,0.0013882615603506565,0.0029585659503936768,0.28826120495796204
z0y624x144,32,B,False,1200,0.44599103927612305,12.035002708435059,0.34185513854026794,11.846346855163574,0.6011953353881836,0.09880465269088745,0.0052749705500900745,0.023924946784973145,0.3745725452899933
z0y624x144,32,B,False,1250,0.42826205492019653,12.244261741638184,0.34260740876197815,11.84420394897461,0.5960861444473267,0.10391384363174438,0.005315389018505812,0.017728984355926514,0.37468940019607544
z0y624x144,32,B,False,1300,0.42058733105659485,12.381717681884766,0.3408832848072052,11.843626022338867,0.6007462739944458,0.09925371408462524,0.0019778129644691944,0.007674723863601685,0.35639700293540955
z0y624x144,32,B,False,1350,0.4264581799507141,12.516459465026855,0.34117746353149414,11.839997291564941,0.6052826642990112,0.09471732378005981,0.0033267484977841377,0.005870848894119263,0.26064249873161316
z0y624x144,32,B,False,1400,0.4143817126750946,12.599820137023926,0.33866965770721436,11.83711051940918,0.599242091178894,0.100757896900177,0.003047217382118106,0.012076467275619507,0.30066433548927307
z0y624x144,32,B,False,1450,0.4064645767211914,12.694600105285645,0.3375089168548584,11.831334114074707,0.5999590754508972,0.10004091262817383,0.00459686852991581,0.007917135953903198,0.16588816046714783
z0y624x144,32,B,False,1500,0.41967976093292236,12.912152290344238,0.3381200432777405,11.829931259155273,0.6226292848587036,0.07737070322036743,0.004683965351432562,0.013215184211730957,0.3894912898540497
z0y624x144,32,B,False,1550,0.3943866789340973,12.975476264953613,0.3363633155822754,11.830921173095703,0.5935618281364441,0.10643815994262695,0.00183847825974226,0.025293081998825073,0.11104888468980789
z0y624x144,32,B,False,1600,0.40315377712249756,13.081923484802246,0.33515986800193787,11.83339786529541,0.6238325834274292,0.07616740465164185,0.003524394240230322,0.008767098188400269,0.29808732867240906
z0y624x144,32,B,False,1650,0.3762581944465637,13.269679069519043,0.3357248604297638,11.83513069152832,0.599875807762146,0.10012418031692505,0.0013608848676085472,0.026895582675933838,0.3738020658493042
z0y624x144,32,B,False,1700,0.38530927896499634,13.398371696472168,0.33647429943084717,11.834965705871582,0.6279371380805969,0.07206284999847412,0.0029712843243032694,0.009051084518432617,0.31300461292266846
z0y624x144,32,B,False,1750,0.3677781820297241,13.536903381347656,0.33531418442726135,11.836698532104492,0.611797571182251,0.08820241689682007,0.0018546805949881673,0.017531096935272217,0.3640694320201874
z0y624x144,32,B,False,1800,0.3570319414138794,13.554949760437012,0.3342292606830597,11.84189510345459,0.6074206829071045,0.09257930517196655,0.005527837201952934,0.010746240615844727,0.14774423837661743
z0y624x144,32,B,False,1850,0.36761051416397095,13.766217231750488,0.33528661727905273,11.84329605102539,0.6272618174552917,0.0727381706237793,0.0014045132556930184,0.010578572750091553,0.41103389859199524
z0y624x144,32,B,False,1900,0.3421006202697754,13.85640811920166,0.3351617455482483,11.850467681884766,0.6017477512359619,0.09825223684310913,0.002819564426317811,0.025509893894195557,0.21078427135944366
z0y624x144,32,B,False,1950,0.3319140672683716,13.838111877441406,0.333238810300827,11.855988502502441,0.5942912697792053,0.10570871829986572,0.004383313003927469,0.010186553001403809,0.1511988341808319
z0y624x144,32,B,False,2000,0.3387308418750763,14.020247459411621,0.3340265154838562,11.860188484191895,0.5951087474822998,0.10489124059677124,0.00359665066935122,0.006816774606704712,0.513690710067749
z0y624x144,32,B,False,2050,0.3352293372154236,14.219173431396484,0.3341474235057831,11.862740516662598,0.5949057936668396,0.10509419441223145,0.0017638799035921693,0.00350150465965271,0.4079269766807556
z0y624x144,32,B,False,2100,0.3359709084033966,14.23907470703125,0.33321356773376465,11.867020606994629,0.6041421294212341,0.09585785865783691,0.0029667187482118607,0.0007415711879730225,0.10432438552379608
z0y624x144,32,B,False,2150,0.3316251039505005,14.5335054397583,0.3339701294898987,11.873025894165039,0.61618971824646,0.08381026983261108,0.004893001634627581,0.004345804452896118,0.7085708975791931
z0y624x144,32,B,False,2200,0.31765326857566833,14.484610557556152,0.3334166407585144,11.871545791625977,0.5976394414901733,0.1023605465888977,0.0029473071917891502,0.013971835374832153,0.10970789939165115
z0y624x144,32,B,False,2250,0.31432878971099854,14.567492485046387,0.3331533670425415,11.87467098236084,0.591059148311615,0.10894083976745605,0.001468916074372828,0.0033244788646698,0.17370404303073883
z0y624x144,32,B,False,2300,0.2875365912914276,14.70885181427002,0.3327362537384033,11.879440307617188,0.5645740628242493,0.13542592525482178,0.004775696434080601,0.026792198419570923,0.4142124056816101
z0y624x144,32,B,False,2350,0.31020256876945496,14.889897346496582,0.3334287405014038,11.881577491760254,0.5913864374160767,0.10861355066299438,0.0019253302598372102,0.022665977478027344,0.4748583436012268
z0y624x144,32,B,False,2400,0.29910433292388916,15.016505241394043,0.33494794368743896,11.887411117553711,0.5984536409378052,0.10154634714126587,0.0050268289633095264,0.011098235845565796,0.349213570356369
z0y624x144,32,B,False,2450,0.3094075620174408,15.075335502624512,0.335251122713089,11.891764640808105,0.6023412346839905,0.09765875339508057,0.0029045783448964357,0.010303229093551636,0.10402742773294449
z0y624x144,32,B,False,2500,0.29486966133117676,15.211039543151855,0.3352173864841461,11.899234771728516,0.6003956198692322,0.09960436820983887,0.006287562195211649,0.014537900686264038,0.3464657962322235
z0y624x144,32,B,False,2550,0.28551527857780457,15.323023796081543,0.334697961807251,11.906208992004395,0.5902204513549805,0.10977953672409058,0.006083618383854628,0.009354382753372192,0.43974199891090393
z0y624x144,32,B,False,2600,0.28860825300216675,15.4402437210083,0.3355468511581421,11.91252326965332,0.5860565900802612,0.11394339799880981,0.005187337286770344,0.0030929744243621826,0.34181371331214905
z0y624x144,32,B,False,2650,0.2888961732387543,15.32068920135498,0.3343333601951599,11.917194366455078,0.5933889746665955,0.10661101341247559,0.004549237433820963,0.0002879202365875244,0.3239021301269531
z0y624x144,32,B,False,2700,0.2879529297351837,15.55420207977295,0.3358260691165924,11.91932487487793,0.5938656330108643,0.10613435506820679,0.002036505378782749,0.0009432435035705566,0.5503177642822266
z0y624x144,32,B,False,2750,0.2782303988933563,15.595413208007812,0.3351563513278961,11.922765731811523,0.5807980895042419,0.1192018985748291,0.0017972892383113503,0.009722530841827393,0.1077028438448906
z0y624x144,32,B,False,2800,0.2735220789909363,15.688007354736328,0.336765855550766,11.93308162689209,0.5856603980064392,0.11433959007263184,0.008064418099820614,0.004708319902420044,0.36182504892349243
z0y624x144,32,B,False,2850,0.27533891797065735,15.727653503417969,0.3380606174468994,11.944369316101074,0.5807527303695679,0.11924725770950317,0.009573991410434246,0.0018168389797210693,0.21035654842853546
z0y624x144,32,B,False,2900,0.2736290395259857,15.902481079101562,0.33890005946159363,11.954667091369629,0.5840227603912354,0.1159772276878357,0.008179277181625366,0.0017098784446716309,0.44511616230010986
z0y624x144,32,B,False,2950,0.25598931312561035,15.917156219482422,0.3402478098869324,11.962425231933594,0.564677357673645,0.13532263040542603,0.007355171721428633,0.017639726400375366,0.09760108590126038
z0y624x144,32,B,False,2999,0.26525551080703735,15.894729614257812,0.33978649973869324,11.966097831726074,0.5909023880958557,0.10909759998321533,0.002722250996157527,0.009266197681427002,0.18714609742164612
